timestamp,total_kw,total_kwh,hvac_kw,process_kw,lighting_kw,aux_kw,tariff_period,tariff_rate,ambient_temp_c,occupancy_pct,production_units,hvac_scheduled,process_scheduled,lighting_scheduled,is_intervention
2026-08-01 00:00:00,198.39,49.597,56.94,52.62,49.53,39.3,Off-Peak,0.08,16.3,9.6,0,0,0,0,0
2026-08-01 00:15:00,188.98,47.245,53.59,47.71,49.07,38.6,Off-Peak,0.08,17.0,12.3,0,0,0,0,0
2026-08-01 00:30:00,180.93,45.233,49.83,42.19,47.97,40.94,Off-Peak,0.08,15.7,5.0,0,0,0,0,0
2026-08-01 00:45:00,189.13,47.282,59.4,43.87,50.14,35.73,Off-Peak,0.08,14.6,5.8,0,0,0,0,0
2026-08-01 01:00:00,186.35,46.587,51.55,46.88,48.8,39.12,Off-Peak,0.08,14.8,10.3,0,0,0,0,0
2026-08-01 01:15:00,182.65,45.663,54.96,39.71,51.65,36.34,Off-Peak,0.08,14.7,15.6,0,0,0,0,0
2026-08-01 01:30:00,188.99,47.248,51.02,45.98,51.48,40.51,Off-Peak,0.08,15.2,5.0,0,0,0,0,0
2026-08-01 01:45:00,184.22,46.055,50.56,41.4,49.08,43.17,Off-Peak,0.08,14.9,9.1,0,0,0,0,0
2026-08-01 02:00:00,189.53,47.383,55.97,43.07,48.65,41.84,Off-Peak,0.08,15.3,5.0,0,0,0,0,0
2026-08-01 02:15:00,189.53,47.383,52.48,43.45,50.66,42.93,Off-Peak,0.08,15.8,12.8,0,0,0,0,0
2026-08-01 02:30:00,186.39,46.597,51.68,39.02,51.63,44.07,Off-Peak,0.08,14.7,9.4,0,0,0,0,0
2026-08-01 02:45:00,193.2,48.3,56.08,41.77,50.72,44.61,Off-Peak,0.08,15.1,13.0,0,0,0,0,0
2026-08-01 03:00:00,185.53,46.383,47.14,49.11,50.17,39.1,Off-Peak,0.08,15.2,14.7,0,0,0,0,0
2026-08-01 03:15:00,192.53,48.133,54.34,46.79,52.96,38.45,Off-Peak,0.08,15.4,5.0,0,0,0,0,0
2026-08-01 03:30:00,194.87,48.718,57.75,46.64,48.94,41.54,Off-Peak,0.08,14.9,8.5,0,0,0,0,0
2026-08-01 03:45:00,181.08,45.27,52.89,43.36,49.22,35.61,Off-Peak,0.08,15.8,12.9,0,0,0,0,0
2026-08-01 04:00:00,184.75,46.188,55.02,43.83,47.17,38.74,Off-Peak,0.08,16.2,10.8,0,0,0,0,0
2026-08-01 04:15:00,195.83,48.958,54.52,47.02,53.77,40.52,Off-Peak,0.08,15.9,7.6,0,0,0,0,0
2026-08-01 04:30:00,191.62,47.905,49.24,44.87,50.12,47.39,Off-Peak,0.08,16.7,9.8,0,0,0,0,0
2026-08-01 04:45:00,188.59,47.148,54.9,39.16,52.29,42.26,Off-Peak,0.08,16.6,10.9,0,0,0,0,0
2026-08-01 05:00:00,194.94,48.735,59.21,37.99,51.17,46.57,Off-Peak,0.08,17.7,7.3,0,0,0,0,0
2026-08-01 05:15:00,184.89,46.222,55.3,42.48,46.9,40.21,Off-Peak,0.08,16.6,8.3,0,0,0,0,0
2026-08-01 05:30:00,192.46,48.115,52.24,52.75,48.43,39.03,Off-Peak,0.08,16.9,11.4,0,0,0,0,0
2026-08-01 05:45:00,194.56,48.64,55.68,51.54,46.79,40.55,Off-Peak,0.08,18.8,6.3,0,0,0,0,0
2026-08-01 06:00:00,202.14,50.535,51.29,38.4,71.57,40.89,Off-Peak,0.08,18.7,12.3,0,0,0,0,0
2026-08-01 06:15:00,207.86,51.965,52.96,46.16,70.88,37.86,Off-Peak,0.08,19.1,11.0,0,0,0,0,0
2026-08-01 06:30:00,209.15,52.288,51.43,48.28,67.08,42.36,Off-Peak,0.08,20.8,11.4,0,0,0,0,0
2026-08-01 06:45:00,223.11,55.778,57.89,47.06,72.47,45.69,Off-Peak,0.08,20.7,7.5,0,0,0,0,0
2026-08-01 07:00:00,204.04,51.01,52.33,40.92,69.77,41.02,Off-Peak,0.08,20.0,7.7,0,0,0,0,0
2026-08-01 07:15:00,224.67,56.167,55.04,52.27,69.21,48.16,Off-Peak,0.08,20.9,12.5,0,0,0,0,0
2026-08-01 07:30:00,210.67,52.667,51.79,47.41,69.33,42.14,Off-Peak,0.08,21.6,7.4,0,0,0,0,0
2026-08-01 07:45:00,201.12,50.28,52.46,37.43,68.66,42.57,Off-Peak,0.08,21.9,9.8,0,0,0,0,0
2026-08-01 08:00:00,210.26,52.565,55.52,46.93,67.35,40.46,Off-Peak,0.08,22.2,6.3,0,0,0,0,0
2026-08-01 08:15:00,220.29,55.072,56.07,47.8,73.25,43.16,Off-Peak,0.08,22.5,6.6,0,0,0,0,0
2026-08-01 08:30:00,227.22,56.805,56.55,47.57,71.55,51.56,Off-Peak,0.08,21.8,7.2,0,0,0,0,0
2026-08-01 08:45:00,217.45,54.362,57.86,48.26,69.05,42.28,Off-Peak,0.08,23.8,13.4,0,0,0,0,0
2026-08-01 09:00:00,210.3,52.575,53.54,45.41,76.94,34.4,Off-Peak,0.08,23.2,9.3,0,0,0,0,0
2026-08-01 09:15:00,210.99,52.748,53.58,50.44,70.19,36.77,Off-Peak,0.08,24.8,5.2,0,0,0,0,0
2026-08-01 09:30:00,207.07,51.767,52.81,46.08,70.14,38.05,Off-Peak,0.08,24.1,12.0,0,0,0,0,0
2026-08-01 09:45:00,205.43,51.358,48.92,45.93,68.01,42.56,Off-Peak,0.08,26.8,11.9,0,0,0,0,0
2026-08-01 10:00:00,211.24,52.81,56.51,49.33,66.4,39.0,Off-Peak,0.08,24.9,9.7,0,0,0,0,0
2026-08-01 10:15:00,216.29,54.072,60.3,47.02,66.22,42.75,Off-Peak,0.08,25.5,8.0,0,0,0,0,0
2026-08-01 10:30:00,204.7,51.175,50.44,42.58,73.8,37.88,Off-Peak,0.08,28.0,13.1,0,0,0,0,0
2026-08-01 10:45:00,194.12,48.53,52.22,44.7,60.28,36.93,Off-Peak,0.08,27.0,12.3,0,0,0,0,0
2026-08-01 11:00:00,206.82,51.705,59.9,37.85,68.68,40.39,Off-Peak,0.08,26.7,6.3,0,0,0,0,0
2026-08-01 11:15:00,211.98,52.995,58.49,45.05,67.06,41.39,Off-Peak,0.08,28.4,5.7,0,0,0,0,0
2026-08-01 11:30:00,210.61,52.653,55.21,43.07,70.34,41.99,Off-Peak,0.08,27.7,8.2,0,0,0,0,0
2026-08-01 11:45:00,207.95,51.987,61.4,35.24,69.54,41.76,Off-Peak,0.08,29.1,6.3,0,0,0,0,0
2026-08-01 12:00:00,207.69,51.922,54.38,42.53,68.23,42.55,Off-Peak,0.08,28.3,8.1,0,0,0,0,0
2026-08-01 12:15:00,218.56,54.64,57.7,46.54,72.44,41.89,Off-Peak,0.08,28.6,7.9,0,0,0,0,0
2026-08-01 12:30:00,215.58,53.895,57.24,48.05,69.94,40.35,Off-Peak,0.08,27.8,8.3,0,0,0,0,0
2026-08-01 12:45:00,213.27,53.318,56.64,43.99,69.35,43.3,Off-Peak,0.08,29.7,8.2,0,0,0,0,0
2026-08-01 13:00:00,215.14,53.785,58.92,45.11,72.05,39.07,Off-Peak,0.08,29.4,12.4,0,0,0,0,0
2026-08-01 13:15:00,217.09,54.273,55.29,47.98,67.55,46.28,Off-Peak,0.08,29.1,9.6,0,0,0,0,0
2026-08-01 13:30:00,221.19,55.297,58.47,48.96,71.87,41.89,Off-Peak,0.08,28.1,6.4,0,0,0,0,0
2026-08-01 13:45:00,209.33,52.333,55.23,41.61,72.93,39.56,Off-Peak,0.08,29.0,7.3,0,0,0,0,0
2026-08-01 14:00:00,206.68,51.67,56.24,42.18,67.53,40.73,Off-Peak,0.08,28.3,9.0,0,0,0,0,0
2026-08-01 14:15:00,201.18,50.295,53.59,46.16,65.66,35.78,Off-Peak,0.08,29.2,8.5,0,0,0,0,0
2026-08-01 14:30:00,220.4,55.1,55.93,52.38,72.57,39.52,Off-Peak,0.08,28.4,9.4,0,0,0,0,0
2026-08-01 14:45:00,206.99,51.748,54.94,43.56,70.97,37.52,Off-Peak,0.08,28.9,7.0,0,0,0,0,0
2026-08-01 15:00:00,212.55,53.138,54.67,47.01,72.07,38.8,Off-Peak,0.08,29.2,14.6,0,0,0,0,0
2026-08-01 15:15:00,208.0,52.0,55.29,41.13,70.07,41.49,Off-Peak,0.08,28.8,10.0,0,0,0,0,0
2026-08-01 15:30:00,215.79,53.947,61.46,41.16,72.62,40.55,Off-Peak,0.08,29.6,12.9,0,0,0,0,0
2026-08-01 15:45:00,196.53,49.133,52.48,42.0,63.63,38.42,Off-Peak,0.08,30.0,7.6,0,0,0,0,0
2026-08-01 16:00:00,221.53,55.383,56.03,54.38,72.85,38.27,Off-Peak,0.08,27.5,10.5,0,0,0,0,0
2026-08-01 16:15:00,217.33,54.333,51.04,54.16,73.54,38.59,Off-Peak,0.08,27.1,11.5,0,0,0,0,0
2026-08-01 16:30:00,209.26,52.315,54.66,51.19,65.22,38.2,Off-Peak,0.08,26.2,14.1,0,0,0,0,0
2026-08-01 16:45:00,208.13,52.032,53.65,48.11,66.8,39.57,Off-Peak,0.08,27.3,10.1,0,0,0,0,0
2026-08-01 17:00:00,205.74,51.435,57.13,39.38,65.4,43.83,Off-Peak,0.08,27.0,11.5,0,0,0,0,0
2026-08-01 17:15:00,218.97,54.742,59.65,45.58,73.54,40.2,Off-Peak,0.08,26.9,7.8,0,0,0,0,0
2026-08-01 17:30:00,220.15,55.038,54.25,49.86,71.94,44.11,Off-Peak,0.08,27.9,15.3,0,0,0,0,0
2026-08-01 17:45:00,194.71,48.678,58.18,36.21,66.45,33.88,Off-Peak,0.08,25.1,12.1,0,0,0,0,0
2026-08-01 18:00:00,215.62,53.905,59.51,45.37,74.89,35.86,Off-Peak,0.08,25.3,12.2,0,0,0,0,0
2026-08-01 18:15:00,204.52,51.13,56.15,44.84,63.8,39.73,Off-Peak,0.08,23.7,9.8,0,0,0,0,0
2026-08-01 18:30:00,201.68,50.42,56.1,40.3,68.46,36.82,Off-Peak,0.08,23.6,12.0,0,0,0,0,0
2026-08-01 18:45:00,205.59,51.398,52.04,47.52,68.41,37.62,Off-Peak,0.08,24.2,12.9,0,0,0,0,0
2026-08-01 19:00:00,208.35,52.087,53.34,39.01,75.89,40.11,Off-Peak,0.08,23.7,6.9,0,0,0,0,0
2026-08-01 19:15:00,212.67,53.167,54.66,43.9,71.84,42.27,Off-Peak,0.08,22.8,10.6,0,0,0,0,0
2026-08-01 19:30:00,197.22,49.305,54.17,33.49,65.45,44.1,Off-Peak,0.08,22.5,8.3,0,0,0,0,0
2026-08-01 19:45:00,225.88,56.47,56.73,46.56,79.24,43.36,Off-Peak,0.08,23.8,9.3,0,0,0,0,0
2026-08-01 20:00:00,199.66,49.915,50.18,46.02,67.73,35.73,Off-Peak,0.08,21.9,7.1,0,0,0,0,0
2026-08-01 20:15:00,223.89,55.972,60.06,49.41,69.98,44.44,Off-Peak,0.08,21.0,6.8,0,0,0,0,0
2026-08-01 20:30:00,213.58,53.395,59.57,47.69,66.89,39.43,Off-Peak,0.08,21.1,7.4,0,0,0,0,0
2026-08-01 20:45:00,219.82,54.955,57.78,54.55,65.8,41.69,Off-Peak,0.08,19.9,5.9,0,0,0,0,0
2026-08-01 21:00:00,201.56,50.39,53.22,40.68,70.15,37.51,Off-Peak,0.08,19.7,8.5,0,0,0,0,0
2026-08-01 21:15:00,205.28,51.32,54.28,40.46,68.27,42.27,Off-Peak,0.08,20.0,9.8,0,0,0,0,0
2026-08-01 21:30:00,210.68,52.67,55.3,48.76,64.99,41.63,Off-Peak,0.08,19.7,7.1,0,0,0,0,0
2026-08-01 21:45:00,193.95,48.487,52.71,35.98,65.12,40.14,Off-Peak,0.08,18.4,11.7,0,0,0,0,0
2026-08-01 22:00:00,179.84,44.96,56.92,36.69,49.87,36.37,Off-Peak,0.08,18.7,7.3,0,0,0,0,0
2026-08-01 22:15:00,185.78,46.445,52.42,43.08,52.01,38.27,Off-Peak,0.08,17.6,10.1,0,0,0,0,0
2026-08-01 22:30:00,191.46,47.865,56.59,52.21,45.06,37.61,Off-Peak,0.08,18.4,6.6,0,0,0,0,0
2026-08-01 22:45:00,187.8,46.95,56.11,41.98,50.17,39.53,Off-Peak,0.08,17.8,9.4,0,0,0,0,0
2026-08-01 23:00:00,186.68,46.67,56.01,42.94,49.02,38.7,Off-Peak,0.08,18.0,10.8,0,0,0,0,0
2026-08-01 23:15:00,202.01,50.502,55.87,55.38,51.74,39.02,Off-Peak,0.08,17.1,8.7,0,0,0,0,0
2026-08-01 23:30:00,174.05,43.513,48.89,39.96,46.26,38.95,Off-Peak,0.08,17.4,8.8,0,0,0,0,0
2026-08-01 23:45:00,184.91,46.227,55.98,43.9,51.66,33.37,Off-Peak,0.08,16.2,15.0,0,0,0,0,0
2026-08-02 00:00:00,190.71,47.678,50.56,50.72,50.68,38.75,Off-Peak,0.08,16.1,12.3,0,0,0,0,0
2026-08-02 00:15:00,188.32,47.08,55.55,46.24,49.08,37.45,Off-Peak,0.08,16.2,16.8,0,0,0,0,0
2026-08-02 00:30:00,189.79,47.447,55.21,42.61,50.96,41.0,Off-Peak,0.08,16.2,7.4,0,0,0,0,0
2026-08-02 00:45:00,184.54,46.135,54.19,40.11,49.11,41.13,Off-Peak,0.08,16.2,8.5,0,0,0,0,0
2026-08-02 01:00:00,205.84,51.46,57.61,51.78,50.83,45.63,Off-Peak,0.08,15.8,7.2,0,0,0,0,0
2026-08-02 01:15:00,193.29,48.322,49.66,52.48,51.31,39.83,Off-Peak,0.08,14.5,6.3,0,0,0,0,0
2026-08-02 01:30:00,200.38,50.095,62.34,45.65,50.22,42.18,Off-Peak,0.08,15.3,6.6,0,0,0,0,0
2026-08-02 01:45:00,197.79,49.447,52.63,47.36,53.76,44.04,Off-Peak,0.08,15.4,10.7,0,0,0,0,0
2026-08-02 02:00:00,189.8,47.45,52.03,44.37,50.11,43.28,Off-Peak,0.08,16.3,8.5,0,0,0,0,0
2026-08-02 02:15:00,180.4,45.1,54.53,42.87,47.98,35.04,Off-Peak,0.08,13.7,14.6,0,0,0,0,0
2026-08-02 02:30:00,183.99,45.998,51.13,38.52,49.33,45.01,Off-Peak,0.08,15.7,10.2,0,0,0,0,0
2026-08-02 02:45:00,182.34,45.585,54.26,43.64,44.61,39.84,Off-Peak,0.08,14.9,5.5,0,0,0,0,0
2026-08-02 03:00:00,197.32,49.33,60.55,50.63,49.46,36.68,Off-Peak,0.08,15.1,12.1,0,0,0,0,0
2026-08-02 03:15:00,189.88,47.47,55.04,44.88,50.4,39.57,Off-Peak,0.08,17.4,10.2,0,0,0,0,0
2026-08-02 03:30:00,186.08,46.52,54.9,42.28,48.57,40.32,Off-Peak,0.08,15.1,8.4,0,0,0,0,0
2026-08-02 03:45:00,183.78,45.945,47.05,50.46,52.49,33.78,Off-Peak,0.08,15.5,14.5,0,0,0,0,0
2026-08-02 04:00:00,184.92,46.23,50.78,41.11,47.78,45.26,Off-Peak,0.08,15.7,8.9,0,0,0,0,0
2026-08-02 04:15:00,186.94,46.735,57.17,39.35,48.95,41.47,Off-Peak,0.08,16.9,13.8,0,0,0,0,0
2026-08-02 04:30:00,190.16,47.54,54.28,43.13,51.42,41.33,Off-Peak,0.08,15.5,12.1,0,0,0,0,0
2026-08-02 04:45:00,190.09,47.523,51.76,48.08,51.19,39.07,Off-Peak,0.08,16.4,13.5,0,0,0,0,0
2026-08-02 05:00:00,193.95,48.487,57.77,44.08,48.95,43.15,Off-Peak,0.08,17.3,6.2,0,0,0,0,0
2026-08-02 05:15:00,191.06,47.765,50.33,48.03,47.44,45.26,Off-Peak,0.08,16.8,5.8,0,0,0,0,0
2026-08-02 05:30:00,190.26,47.565,55.63,44.52,48.91,41.2,Off-Peak,0.08,16.1,15.1,0,0,0,0,0
2026-08-02 05:45:00,190.2,47.55,55.34,45.75,49.27,39.83,Off-Peak,0.08,18.1,13.3,0,0,0,0,0
2026-08-02 06:00:00,209.63,52.407,50.96,48.72,70.51,39.45,Off-Peak,0.08,18.7,5.0,0,0,0,0,0
2026-08-02 06:15:00,202.14,50.535,53.38,41.11,70.59,37.06,Off-Peak,0.08,18.9,11.0,0,0,0,0,0
2026-08-02 06:30:00,219.17,54.792,58.09,47.36,70.77,42.95,Off-Peak,0.08,19.6,5.0,0,0,0,0,0
2026-08-02 06:45:00,196.28,49.07,49.48,38.6,68.13,40.08,Off-Peak,0.08,21.1,13.0,0,0,0,0,0
2026-08-02 07:00:00,200.73,50.182,55.56,41.22,68.17,35.78,Off-Peak,0.08,20.6,7.8,0,0,0,0,0
2026-08-02 07:15:00,217.39,54.347,52.07,50.27,67.15,47.9,Off-Peak,0.08,19.9,5.9,0,0,0,0,0
2026-08-02 07:30:00,209.57,52.392,52.42,48.5,68.27,40.37,Off-Peak,0.08,21.5,10.6,0,0,0,0,0
2026-08-02 07:45:00,215.14,53.785,58.45,41.48,69.9,45.31,Off-Peak,0.08,23.6,9.7,0,0,0,0,0
2026-08-02 08:00:00,214.13,53.532,57.12,42.19,71.9,42.92,Off-Peak,0.08,21.5,15.4,0,0,0,0,0
2026-08-02 08:15:00,208.22,52.055,52.82,43.76,69.78,41.86,Off-Peak,0.08,23.0,5.3,0,0,0,0,0
2026-08-02 08:30:00,219.12,54.78,56.14,48.05,71.68,43.24,Off-Peak,0.08,23.1,6.0,0,0,0,0,0
2026-08-02 08:45:00,203.4,50.85,54.79,36.7,71.29,40.62,Off-Peak,0.08,24.0,11.4,0,0,0,0,0
2026-08-02 09:00:00,213.95,53.487,51.76,50.27,69.88,42.04,Off-Peak,0.08,24.0,6.2,0,0,0,0,0
2026-08-02 09:15:00,209.14,52.285,57.81,42.42,70.29,38.61,Off-Peak,0.08,24.3,10.1,0,0,0,0,0
2026-08-02 09:30:00,209.36,52.34,55.67,42.61,73.77,37.32,Off-Peak,0.08,24.3,9.1,0,0,0,0,0
2026-08-02 09:45:00,213.96,53.49,59.34,45.98,73.1,35.54,Off-Peak,0.08,24.9,8.7,0,0,0,0,0
2026-08-02 10:00:00,218.25,54.562,55.25,50.33,68.45,44.23,Off-Peak,0.08,25.7,12.7,0,0,0,0,0
2026-08-02 10:15:00,219.1,54.775,53.66,52.27,74.74,38.43,Off-Peak,0.08,27.7,8.9,0,0,0,0,0
2026-08-02 10:30:00,196.06,49.015,50.97,40.41,66.99,37.7,Off-Peak,0.08,25.9,9.2,0,0,0,0,0
2026-08-02 10:45:00,211.97,52.992,59.65,40.01,72.95,39.36,Off-Peak,0.08,26.6,10.7,0,0,0,0,0
2026-08-02 11:00:00,210.52,52.63,51.63,46.91,70.5,41.48,Off-Peak,0.08,26.9,12.0,0,0,0,0,0
2026-08-02 11:15:00,201.9,50.475,53.09,42.35,68.13,38.33,Off-Peak,0.08,27.5,17.4,0,0,0,0,0
2026-08-02 11:30:00,210.32,52.58,59.26,42.15,67.5,41.41,Off-Peak,0.08,27.0,13.6,0,0,0,0,0
2026-08-02 11:45:00,213.06,53.265,55.61,37.42,74.64,45.39,Off-Peak,0.08,27.4,11.9,0,0,0,0,0
2026-08-02 12:00:00,220.54,55.135,55.86,46.67,71.98,46.03,Off-Peak,0.08,27.6,8.8,0,0,0,0,0
2026-08-02 12:15:00,207.49,51.873,50.86,41.35,69.9,45.38,Off-Peak,0.08,28.1,7.6,0,0,0,0,0
2026-08-02 12:30:00,221.88,55.47,54.95,50.94,77.58,38.41,Off-Peak,0.08,28.1,10.7,0,0,0,0,0
2026-08-02 12:45:00,221.95,55.487,57.05,54.23,71.75,38.92,Off-Peak,0.08,28.2,13.1,0,0,0,0,0
2026-08-02 13:00:00,221.71,55.428,57.46,47.54,73.2,43.51,Off-Peak,0.08,29.2,13.3,0,0,0,0,0
2026-08-02 13:15:00,211.4,52.85,54.5,45.73,73.62,37.55,Off-Peak,0.08,30.0,11.9,0,0,0,0,0
2026-08-02 13:30:00,217.19,54.297,55.09,51.39,70.57,40.14,Off-Peak,0.08,29.2,8.8,0,0,0,0,0
2026-08-02 13:45:00,222.49,55.623,56.94,55.82,69.08,40.66,Off-Peak,0.08,27.9,12.2,0,0,0,0,0
2026-08-02 14:00:00,213.49,53.373,54.71,46.4,71.82,40.56,Off-Peak,0.08,29.2,14.7,0,0,0,0,0
2026-08-02 14:15:00,206.39,51.597,58.22,39.87,70.4,37.9,Off-Peak,0.08,28.6,10.6,0,0,0,0,0
2026-08-02 14:30:00,214.71,53.678,53.32,46.89,74.7,39.8,Off-Peak,0.08,29.9,5.4,0,0,0,0,0
2026-08-02 14:45:00,194.48,48.62,50.66,34.01,71.32,38.49,Off-Peak,0.08,28.4,15.6,0,0,0,0,0
2026-08-02 15:00:00,206.69,51.672,55.73,42.18,66.16,42.62,Off-Peak,0.08,27.9,12.1,0,0,0,0,0
2026-08-02 15:15:00,203.54,50.885,60.54,39.65,65.42,37.92,Off-Peak,0.08,29.1,9.7,0,0,0,0,0
2026-08-02 15:30:00,211.61,52.903,54.28,46.76,66.25,44.33,Off-Peak,0.08,28.4,10.7,0,0,0,0,0
2026-08-02 15:45:00,216.36,54.09,56.03,47.28,71.71,41.34,Off-Peak,0.08,28.2,13.4,0,0,0,0,0
2026-08-02 16:00:00,218.19,54.547,55.59,48.55,69.73,44.32,Off-Peak,0.08,28.6,14.0,0,0,0,0,0
2026-08-02 16:15:00,201.07,50.267,54.88,37.85,70.38,37.96,Off-Peak,0.08,27.3,15.4,0,0,0,0,0
2026-08-02 16:30:00,190.59,47.648,53.66,35.55,68.64,32.73,Off-Peak,0.08,28.2,8.0,0,0,0,0,0
2026-08-02 16:45:00,211.44,52.86,57.36,47.13,67.1,39.86,Off-Peak,0.08,26.0,12.3,0,0,0,0,0
2026-08-02 17:00:00,218.31,54.578,59.51,49.39,69.34,40.08,Off-Peak,0.08,26.9,6.5,0,0,0,0,0
2026-08-02 17:15:00,202.0,50.5,54.26,41.59,67.0,39.16,Off-Peak,0.08,26.8,5.0,0,0,0,0,0
2026-08-02 17:30:00,218.12,54.53,53.29,47.86,74.2,42.77,Off-Peak,0.08,27.7,11.9,0,0,0,0,0
2026-08-02 17:45:00,218.65,54.663,57.09,46.97,72.69,41.91,Off-Peak,0.08,25.9,8.1,0,0,0,0,0
2026-08-02 18:00:00,219.1,54.775,58.95,45.99,76.23,37.93,Off-Peak,0.08,26.3,8.4,0,0,0,0,0
2026-08-02 18:15:00,205.94,51.485,53.05,42.58,69.04,41.27,Off-Peak,0.08,26.5,10.6,0,0,0,0,0
2026-08-02 18:30:00,227.13,56.782,54.93,55.71,75.18,41.31,Off-Peak,0.08,25.1,8.3,0,0,0,0,0
2026-08-02 18:45:00,200.95,50.237,56.84,39.89,69.23,34.99,Off-Peak,0.08,24.3,10.4,0,0,0,0,0
2026-08-02 19:00:00,208.35,52.087,53.55,52.87,66.32,35.61,Off-Peak,0.08,24.1,11.9,0,0,0,0,0
2026-08-02 19:15:00,215.88,53.97,60.05,42.71,73.24,39.88,Off-Peak,0.08,23.5,13.1,0,0,0,0,0
2026-08-02 19:30:00,212.64,53.16,56.96,37.12,74.43,44.14,Off-Peak,0.08,22.8,12.7,0,0,0,0,0
2026-08-02 19:45:00,209.12,52.28,56.48,46.3,68.35,37.99,Off-Peak,0.08,22.0,11.2,0,0,0,0,0
2026-08-02 20:00:00,203.55,50.888,56.63,43.15,72.32,31.45,Off-Peak,0.08,22.0,13.5,0,0,0,0,0
2026-08-02 20:15:00,202.91,50.727,53.91,39.4,66.12,43.48,Off-Peak,0.08,22.5,5.0,0,0,0,0,0
2026-08-02 20:30:00,208.63,52.157,54.86,47.39,70.23,36.15,Off-Peak,0.08,20.7,11.0,0,0,0,0,0
2026-08-02 20:45:00,210.24,52.56,50.33,42.86,74.5,42.55,Off-Peak,0.08,21.4,8.5,0,0,0,0,0
2026-08-02 21:00:00,221.85,55.462,54.04,55.38,71.15,41.29,Off-Peak,0.08,19.9,9.0,0,0,0,0,0
2026-08-02 21:15:00,207.91,51.977,54.22,44.02,69.79,39.89,Off-Peak,0.08,20.6,10.7,0,0,0,0,0
2026-08-02 21:30:00,206.04,51.51,57.2,44.6,70.24,34.01,Off-Peak,0.08,19.9,10.2,0,0,0,0,0
2026-08-02 21:45:00,204.36,51.09,57.99,30.52,76.27,39.58,Off-Peak,0.08,19.6,11.0,0,0,0,0,0
2026-08-02 22:00:00,191.07,47.767,56.84,39.73,48.75,45.74,Off-Peak,0.08,19.4,6.9,0,0,0,0,0
2026-08-02 22:15:00,196.48,49.12,57.61,47.48,50.3,41.09,Off-Peak,0.08,18.0,10.7,0,0,0,0,0
2026-08-02 22:30:00,201.63,50.407,55.6,50.25,52.21,43.56,Off-Peak,0.08,19.7,9.8,0,0,0,0,0
2026-08-02 22:45:00,187.51,46.877,59.9,39.27,50.61,37.74,Off-Peak,0.08,17.9,6.6,0,0,0,0,0
2026-08-02 23:00:00,197.66,49.415,55.96,47.11,53.23,41.36,Off-Peak,0.08,17.0,11.0,0,0,0,0,0
2026-08-02 23:15:00,190.73,47.682,58.57,38.86,51.19,42.1,Off-Peak,0.08,16.5,12.9,0,0,0,0,0
2026-08-02 23:30:00,189.88,47.47,54.55,45.63,49.65,40.05,Off-Peak,0.08,16.2,14.1,0,0,0,0,0
2026-08-02 23:45:00,182.11,45.528,59.78,40.77,48.02,33.54,Off-Peak,0.08,15.3,5.7,0,0,0,0,0
2026-08-03 00:00:00,205.36,51.34,59.93,50.05,48.62,46.76,Off-Peak,0.08,15.4,5.4,0,0,0,0,0
2026-08-03 00:15:00,186.24,46.56,47.5,56.45,47.22,35.06,Off-Peak,0.08,16.5,7.4,0,0,0,0,0
2026-08-03 00:30:00,200.72,50.18,59.15,47.82,51.19,42.56,Off-Peak,0.08,16.4,12.9,0,0,0,0,0
2026-08-03 00:45:00,187.65,46.913,55.31,44.69,48.49,39.16,Off-Peak,0.08,16.0,8.6,0,0,0,0,0
2026-08-03 01:00:00,186.05,46.513,52.03,39.48,50.36,44.18,Off-Peak,0.08,13.9,7.8,0,0,0,0,0
2026-08-03 01:15:00,189.1,47.275,52.03,49.7,48.04,39.33,Off-Peak,0.08,15.9,4.9,0,0,0,0,0
2026-08-03 01:30:00,183.4,45.85,55.32,38.33,48.8,40.96,Off-Peak,0.08,15.5,6.1,0,0,0,0,0
2026-08-03 01:45:00,197.24,49.31,54.94,47.76,50.45,44.09,Off-Peak,0.08,13.7,8.9,0,0,0,0,0
2026-08-03 02:00:00,193.3,48.325,55.37,47.72,50.1,40.12,Off-Peak,0.08,15.1,7.1,0,0,0,0,0
2026-08-03 02:15:00,189.97,47.492,50.79,53.75,47.51,37.92,Off-Peak,0.08,14.5,6.7,0,0,0,0,0
2026-08-03 02:30:00,194.84,48.71,54.12,51.24,48.65,40.84,Off-Peak,0.08,14.5,9.8,0,0,0,0,0
2026-08-03 02:45:00,190.5,47.625,51.44,46.55,51.27,41.24,Off-Peak,0.08,14.5,12.3,0,0,0,0,0
2026-08-03 03:00:00,197.96,49.49,55.13,44.26,51.93,46.63,Off-Peak,0.08,15.1,7.7,0,0,0,0,0
2026-08-03 03:15:00,205.94,51.485,54.74,57.9,48.39,44.92,Off-Peak,0.08,14.9,5.3,0,0,0,0,0
2026-08-03 03:30:00,198.48,49.62,56.71,53.14,49.24,39.39,Off-Peak,0.08,16.9,6.9,0,0,0,0,0
2026-08-03 03:45:00,179.69,44.922,53.05,38.88,50.07,37.69,Off-Peak,0.08,15.3,6.0,0,0,0,0,0
2026-08-03 04:00:00,192.29,48.072,55.99,49.17,46.01,41.12,Off-Peak,0.08,16.1,4.9,0,0,0,0,0
2026-08-03 04:15:00,195.54,48.885,60.02,47.1,48.59,39.83,Off-Peak,0.08,17.2,5.6,0,0,0,0,0
2026-08-03 04:30:00,183.11,45.778,56.62,40.4,50.34,35.76,Off-Peak,0.08,16.9,8.2,0,0,0,0,0
2026-08-03 04:45:00,197.98,49.495,52.79,51.18,52.18,41.83,Off-Peak,0.08,16.6,6.2,0,0,0,0,0
2026-08-03 05:00:00,200.17,50.042,58.64,45.71,54.64,41.18,Off-Peak,0.08,16.2,7.4,0,0,0,0,0
2026-08-03 05:15:00,193.92,48.48,55.4,44.24,51.42,42.87,Off-Peak,0.08,17.5,7.4,0,0,0,0,0
2026-08-03 05:30:00,178.37,44.593,49.49,47.54,47.79,33.54,Off-Peak,0.08,17.1,5.3,0,0,0,0,0
2026-08-03 05:45:00,194.04,48.51,54.98,49.19,50.16,39.7,Off-Peak,0.08,18.4,13.0,0,0,0,0,0
2026-08-03 06:00:00,298.08,74.52,140.5,46.61,68.0,42.98,Off-Peak,0.08,19.2,7.4,0,1,0,0,0
2026-08-03 06:15:00,290.25,72.562,139.69,40.51,70.08,39.97,Off-Peak,0.08,18.8,6.5,0,1,0,0,0
2026-08-03 06:30:00,308.25,77.062,143.32,49.09,74.17,41.67,Off-Peak,0.08,20.2,8.9,0,1,0,1,0
2026-08-03 06:45:00,286.4,71.6,135.32,43.47,68.17,39.44,Off-Peak,0.08,19.8,5.4,0,1,0,1,0
2026-08-03 07:00:00,318.58,79.645,166.88,47.43,70.19,34.07,Off-Peak,0.08,20.2,87.6,0,1,0,1,0
2026-08-03 07:15:00,325.21,81.302,158.96,48.0,74.59,43.66,Off-Peak,0.08,19.9,84.9,0,1,0,1,0
2026-08-03 07:30:00,323.1,80.775,172.53,43.31,68.16,39.09,Off-Peak,0.08,20.9,93.8,0,1,1,1,0
2026-08-03 07:45:00,331.97,82.993,172.07,45.02,71.31,43.57,Off-Peak,0.08,21.2,87.8,0,1,1,1,0
2026-08-03 08:00:00,561.56,140.39,162.32,294.01,65.9,39.33,Normal,0.18,22.8,80.2,116,1,1,1,0
2026-08-03 08:15:00,526.96,131.74,176.28,241.13,68.36,41.18,Normal,0.18,22.9,92.0,121,1,1,1,0
2026-08-03 08:30:00,558.24,139.56,179.72,265.4,73.59,39.52,Normal,0.18,22.9,91.7,103,1,1,1,0
2026-08-03 08:45:00,583.4,145.85,176.68,305.68,65.88,35.16,Normal,0.18,23.0,85.0,119,1,1,1,0
2026-08-03 09:00:00,596.6,149.15,178.64,307.39,72.03,38.54,Normal,0.18,23.3,95.2,119,1,1,1,0
2026-08-03 09:15:00,604.76,151.19,193.5,303.42,70.1,37.74,Normal,0.18,24.8,92.1,107,1,1,1,0
2026-08-03 09:30:00,576.68,144.17,190.86,282.77,65.96,37.09,Normal,0.18,26.3,91.8,115,1,1,1,0
2026-08-03 09:45:00,592.75,148.188,191.25,290.78,72.99,37.73,Normal,0.18,24.3,94.3,124,1,1,1,0
2026-08-03 10:00:00,601.06,150.265,194.85,288.34,71.37,46.5,Normal,0.18,25.2,90.8,130,1,1,1,0
2026-08-03 10:15:00,601.99,150.498,199.54,287.62,71.61,43.22,Normal,0.18,25.9,93.9,105,1,1,1,0
2026-08-03 10:30:00,568.87,142.218,196.91,263.45,69.34,39.17,Normal,0.18,25.4,83.1,135,1,1,1,0
2026-08-03 10:45:00,593.81,148.452,195.5,284.24,69.25,44.82,Normal,0.18,27.3,90.4,133,1,1,1,0
2026-08-03 11:00:00,570.48,142.62,200.68,260.55,71.2,38.05,Normal,0.18,27.5,99.5,131,1,1,1,0
2026-08-03 11:15:00,626.84,156.71,202.78,305.53,70.72,47.81,Normal,0.18,28.3,94.1,113,1,1,1,0
2026-08-03 11:30:00,603.93,150.982,207.92,290.1,69.58,36.33,Normal,0.18,28.2,96.1,103,1,1,1,0
2026-08-03 11:45:00,600.66,150.165,207.0,285.92,66.41,41.33,Normal,0.18,27.4,97.4,115,1,1,1,0
2026-08-03 12:00:00,596.94,149.235,196.32,289.72,69.64,41.26,Normal,0.18,28.0,94.7,114,1,1,1,0
2026-08-03 12:15:00,599.42,149.855,211.94,274.01,70.67,42.8,Normal,0.18,28.9,92.9,116,1,1,1,0
2026-08-03 12:30:00,623.46,155.865,196.23,318.37,68.31,40.55,Normal,0.18,27.2,100.0,122,1,1,1,0
2026-08-03 12:45:00,615.8,153.95,216.23,288.89,72.34,38.35,Normal,0.18,30.3,100.0,120,1,1,1,0
2026-08-03 13:00:00,614.83,153.708,205.8,294.33,70.27,44.43,Normal,0.18,28.6,92.7,118,1,1,1,0
2026-08-03 13:15:00,593.06,148.265,198.45,278.17,74.54,41.89,Normal,0.18,28.3,85.6,125,1,1,1,0
2026-08-03 13:30:00,585.64,146.41,207.88,265.61,68.88,43.27,Normal,0.18,29.9,97.8,122,1,1,1,0
2026-08-03 13:45:00,565.84,141.46,201.84,253.47,70.97,39.56,Normal,0.18,28.6,89.2,112,1,1,1,0
2026-08-03 14:00:00,551.54,137.885,199.39,236.92,69.92,45.32,Normal,0.18,29.4,92.0,118,1,1,1,0
2026-08-03 14:15:00,598.57,149.643,198.06,284.53,72.3,43.68,Normal,0.18,28.5,96.8,147,1,1,1,0
2026-08-03 14:30:00,577.04,144.26,199.02,267.6,69.32,41.1,Normal,0.18,28.9,93.2,112,1,1,1,0
2026-08-03 14:45:00,582.09,145.523,207.92,268.79,62.73,42.65,Normal,0.18,30.1,92.6,115,1,1,1,0
2026-08-03 15:00:00,577.0,144.25,196.32,272.06,72.38,36.24,Normal,0.18,28.8,96.2,109,1,1,1,0
2026-08-03 15:15:00,598.71,149.678,195.87,297.47,67.8,37.57,Normal,0.18,29.0,93.1,133,1,1,1,0
2026-08-03 15:30:00,600.56,150.14,200.73,290.4,70.53,38.9,Normal,0.18,27.7,93.2,121,1,1,1,0
2026-08-03 15:45:00,588.68,147.17,195.24,293.56,62.91,36.97,Normal,0.18,27.4,77.9,125,1,1,1,0
2026-08-03 16:00:00,604.22,151.055,197.93,300.62,68.06,37.6,Normal,0.18,28.1,88.4,108,1,1,1,0
2026-08-03 16:15:00,583.85,145.963,203.2,276.21,69.12,35.31,Normal,0.18,27.9,99.7,84,1,1,1,0
2026-08-03 16:30:00,635.88,158.97,199.35,327.9,70.9,37.74,Normal,0.18,28.3,90.7,132,1,1,1,0
2026-08-03 16:45:00,587.86,146.965,199.02,269.98,75.62,43.24,Normal,0.18,27.4,83.4,130,1,1,1,0
2026-08-03 17:00:00,577.18,144.295,198.72,267.3,68.07,43.09,Normal,0.18,27.0,94.3,133,1,1,1,0
2026-08-03 17:15:00,586.18,146.545,186.84,286.35,76.19,36.8,Normal,0.18,26.3,87.4,131,1,1,1,0
2026-08-03 17:30:00,585.63,146.407,186.81,286.42,69.44,42.96,Normal,0.18,26.2,91.1,79,1,1,1,0
2026-08-03 17:45:00,594.66,148.665,200.25,284.89,70.58,38.94,Normal,0.18,26.8,100.0,80,1,1,1,0
2026-08-03 18:00:00,591.02,147.755,180.32,297.1,73.95,39.65,Peak,0.35,25.6,94.2,89,1,0,1,0
2026-08-03 18:15:00,569.2,142.3,182.6,272.43,72.52,41.64,Peak,0.35,26.1,86.8,76,1,0,1,0
2026-08-03 18:30:00,581.1,145.275,187.72,275.17,73.65,44.56,Peak,0.35,24.4,81.7,86,0,0,1,0
2026-08-03 18:45:00,570.95,142.738,176.06,284.87,66.46,43.56,Peak,0.35,24.6,85.5,95,0,0,1,0
2026-08-03 19:00:00,562.56,140.64,181.11,272.88,72.61,35.96,Peak,0.35,24.0,24.2,95,0,0,1,0
2026-08-03 19:15:00,569.33,142.333,174.11,282.69,71.05,41.47,Peak,0.35,22.6,21.7,99,0,0,1,0
2026-08-03 19:30:00,339.13,84.782,177.95,54.5,69.6,37.08,Peak,0.35,23.2,21.8,0,0,0,1,0
2026-08-03 19:45:00,321.54,80.385,164.18,49.24,68.39,39.73,Peak,0.35,23.3,20.9,0,0,0,1,0
2026-08-03 20:00:00,327.33,81.832,173.74,42.82,71.54,39.22,Peak,0.35,22.3,20.6,0,0,0,0,0
2026-08-03 20:15:00,326.17,81.543,164.92,50.43,68.39,42.42,Peak,0.35,22.1,20.6,0,0,0,0,0
2026-08-03 20:30:00,317.38,79.345,165.09,43.25,69.94,39.09,Peak,0.35,21.4,23.0,0,0,0,0,0
2026-08-03 20:45:00,318.11,79.528,160.47,39.66,72.85,45.13,Peak,0.35,21.3,11.4,0,0,0,0,0
2026-08-03 21:00:00,319.56,79.89,160.82,50.81,67.22,40.72,Peak,0.35,20.1,14.5,0,0,0,0,0
2026-08-03 21:15:00,317.26,79.315,163.33,50.01,61.89,42.03,Peak,0.35,20.5,15.3,0,0,0,0,0
2026-08-03 21:30:00,321.46,80.365,157.15,51.87,69.59,42.86,Peak,0.35,18.8,7.0,0,0,0,0,0
2026-08-03 21:45:00,323.2,80.8,169.07,48.71,70.23,35.19,Peak,0.35,20.2,15.2,0,0,0,0,0
2026-08-03 22:00:00,197.53,49.383,61.51,44.12,50.25,41.65,Off-Peak,0.08,18.3,6.3,0,0,0,0,0
2026-08-03 22:15:00,183.66,45.915,53.13,45.97,48.52,36.04,Off-Peak,0.08,18.1,11.4,0,0,0,0,0
2026-08-03 22:30:00,182.19,45.547,53.71,41.54,47.19,39.75,Off-Peak,0.08,17.2,7.9,0,0,0,0,0
2026-08-03 22:45:00,180.08,45.02,55.25,37.71,49.38,37.74,Off-Peak,0.08,16.2,9.5,0,0,0,0,0
2026-08-03 23:00:00,186.64,46.66,49.37,45.58,49.68,42.01,Off-Peak,0.08,17.3,10.7,0,0,0,0,0
2026-08-03 23:15:00,187.28,46.82,54.04,41.02,52.15,40.06,Off-Peak,0.08,16.9,6.5,0,0,0,0,0
2026-08-03 23:30:00,171.95,42.987,52.87,37.43,46.39,35.25,Off-Peak,0.08,18.0,7.9,0,0,0,0,0
2026-08-03 23:45:00,189.21,47.303,50.26,49.48,49.03,40.44,Off-Peak,0.08,16.4,9.0,0,0,0,0,0
2026-08-04 00:00:00,178.28,44.57,54.19,40.54,45.7,37.84,Off-Peak,0.08,17.2,9.8,0,0,0,0,0
2026-08-04 00:15:00,187.59,46.898,54.61,45.38,49.55,38.05,Off-Peak,0.08,15.6,6.0,0,0,0,0,0
2026-08-04 00:30:00,193.64,48.41,51.73,52.05,49.8,40.06,Off-Peak,0.08,15.7,8.9,0,0,0,0,0
2026-08-04 00:45:00,194.15,48.538,57.86,46.44,48.78,41.08,Off-Peak,0.08,15.9,8.5,0,0,0,0,0
2026-08-04 01:00:00,182.96,45.74,54.9,43.96,49.74,34.35,Off-Peak,0.08,14.3,8.2,0,0,0,0,0
2026-08-04 01:15:00,185.27,46.318,55.48,39.86,52.53,37.4,Off-Peak,0.08,14.7,8.2,0,0,0,0,0
2026-08-04 01:30:00,197.31,49.328,53.06,53.88,47.61,42.76,Off-Peak,0.08,15.8,8.9,0,0,0,0,0
2026-08-04 01:45:00,194.29,48.572,59.18,43.75,50.58,40.78,Off-Peak,0.08,15.8,6.7,0,0,0,0,0
2026-08-04 02:00:00,181.26,45.315,57.38,36.26,52.61,35.01,Off-Peak,0.08,14.9,9.6,0,0,0,0,0
2026-08-04 02:15:00,181.82,45.455,51.73,42.95,47.79,39.36,Off-Peak,0.08,15.8,10.3,0,0,0,0,0
2026-08-04 02:30:00,199.16,49.79,58.93,51.98,48.88,39.37,Off-Peak,0.08,14.8,9.6,0,0,0,0,0
2026-08-04 02:45:00,196.73,49.182,57.89,53.08,47.53,38.22,Off-Peak,0.08,13.8,6.4,0,0,0,0,0
2026-08-04 03:00:00,188.7,47.175,52.57,47.12,49.05,39.96,Off-Peak,0.08,15.2,8.6,0,0,0,0,0
2026-08-04 03:15:00,186.86,46.715,53.69,44.45,49.82,38.89,Off-Peak,0.08,15.8,8.0,0,0,0,0,0
2026-08-04 03:30:00,190.6,47.65,56.68,43.52,51.39,39.0,Off-Peak,0.08,15.3,11.2,0,0,0,0,0
2026-08-04 03:45:00,185.39,46.347,54.68,47.24,46.86,36.62,Off-Peak,0.08,16.7,8.7,0,0,0,0,0
2026-08-04 04:00:00,209.13,52.282,60.2,56.16,51.28,41.5,Off-Peak,0.08,15.0,8.3,0,0,0,0,0
2026-08-04 04:15:00,182.78,45.695,52.64,41.9,49.66,38.58,Off-Peak,0.08,14.7,6.9,0,0,0,0,0
2026-08-04 04:30:00,189.37,47.343,51.78,46.2,54.15,37.24,Off-Peak,0.08,14.9,9.5,0,0,0,0,0
2026-08-04 04:45:00,202.13,50.532,58.3,54.79,47.54,41.49,Off-Peak,0.08,14.7,7.4,0,0,0,0,0
2026-08-04 05:00:00,192.33,48.083,62.93,37.49,50.51,41.4,Off-Peak,0.08,16.7,7.8,0,0,0,0,0
2026-08-04 05:15:00,188.47,47.117,55.92,43.04,50.54,38.97,Off-Peak,0.08,18.3,8.2,0,0,0,0,0
2026-08-04 05:30:00,193.08,48.27,56.13,44.85,52.25,39.85,Off-Peak,0.08,18.2,7.3,0,0,0,0,0
2026-08-04 05:45:00,186.95,46.737,52.28,41.73,48.81,44.12,Off-Peak,0.08,16.7,10.5,0,0,0,0,0
2026-08-04 06:00:00,293.54,73.385,136.73,46.12,69.84,40.86,Off-Peak,0.08,16.8,14.3,0,1,0,0,0
2026-08-04 06:15:00,297.25,74.312,142.85,45.45,69.41,39.55,Off-Peak,0.08,19.3,9.3,0,1,0,0,0
2026-08-04 06:30:00,285.56,71.39,142.71,30.3,71.97,40.58,Off-Peak,0.08,19.2,10.3,0,1,0,1,0
2026-08-04 06:45:00,305.37,76.343,146.73,49.74,67.68,41.22,Off-Peak,0.08,19.7,7.2,0,1,0,1,0
2026-08-04 07:00:00,321.65,80.412,157.94,49.31,72.86,41.54,Off-Peak,0.08,19.4,78.1,0,1,0,1,0
2026-08-04 07:15:00,329.94,82.485,168.12,47.16,72.4,42.26,Off-Peak,0.08,21.2,88.2,0,1,0,1,0
2026-08-04 07:30:00,334.49,83.623,176.86,50.35,69.92,37.35,Off-Peak,0.08,22.0,89.8,0,1,1,1,0
2026-08-04 07:45:00,318.22,79.555,167.24,44.28,67.62,39.08,Off-Peak,0.08,21.4,83.2,0,1,1,1,0
2026-08-04 08:00:00,551.08,137.77,168.54,267.74,71.98,42.81,Normal,0.18,20.5,88.7,95,1,1,1,0
2026-08-04 08:15:00,543.97,135.993,166.16,265.9,72.49,39.42,Normal,0.18,21.2,84.4,114,1,1,1,0
2026-08-04 08:30:00,573.09,143.273,178.78,284.16,74.08,36.07,Normal,0.18,23.4,82.6,105,1,1,1,0
2026-08-04 08:45:00,587.64,146.91,179.91,298.58,70.63,38.53,Normal,0.18,21.0,90.3,111,1,1,1,0
2026-08-04 09:00:00,620.88,155.22,189.83,321.39,71.18,38.47,Normal,0.18,24.2,92.5,112,1,1,1,0
2026-08-04 09:15:00,571.89,142.972,178.71,282.29,67.53,43.36,Normal,0.18,23.7,88.5,94,1,1,1,0
2026-08-04 09:30:00,563.46,140.865,189.35,266.99,68.03,39.09,Normal,0.18,24.4,91.9,115,1,1,1,0
2026-08-04 09:45:00,584.01,146.002,188.96,282.9,72.55,39.59,Normal,0.18,24.7,96.0,116,1,1,1,0
2026-08-04 10:00:00,572.43,143.107,177.4,277.99,74.27,42.78,Normal,0.18,25.7,89.2,127,1,1,1,0
2026-08-04 10:15:00,579.52,144.88,188.8,275.26,71.85,43.61,Normal,0.18,26.0,93.5,95,1,1,1,0
2026-08-04 10:30:00,536.85,134.213,186.61,245.56,68.35,36.34,Normal,0.18,26.3,95.9,116,1,1,1,0
2026-08-04 10:45:00,589.6,147.4,196.65,284.51,71.87,36.58,Normal,0.18,26.3,100.0,119,1,1,1,0
2026-08-04 11:00:00,589.36,147.34,188.67,292.27,71.13,37.29,Normal,0.18,27.5,88.3,128,1,1,1,0
2026-08-04 11:15:00,591.14,147.785,190.74,289.58,69.01,41.81,Normal,0.18,26.3,100.0,116,1,1,1,0
2026-08-04 11:30:00,579.45,144.863,200.82,272.3,69.31,37.02,Normal,0.18,27.6,89.2,120,1,1,1,0
2026-08-04 11:45:00,596.19,149.048,208.42,276.06,70.07,41.64,Normal,0.18,29.8,98.4,126,1,1,1,0
2026-08-04 12:00:00,600.29,150.072,206.21,280.29,72.02,41.78,Normal,0.18,28.6,98.3,105,1,1,1,0
2026-08-04 12:15:00,565.88,141.47,197.24,257.99,70.49,40.15,Normal,0.18,28.4,100.0,133,1,1,1,0
2026-08-04 12:30:00,607.21,151.803,202.15,302.35,65.2,37.51,Normal,0.18,28.6,96.1,99,1,1,1,0
2026-08-04 12:45:00,615.01,153.752,199.33,304.92,70.06,40.69,Normal,0.18,28.5,86.8,149,1,1,1,0
2026-08-04 13:00:00,587.47,146.868,196.71,275.23,73.84,41.67,Normal,0.18,27.8,91.9,122,1,1,1,0
2026-08-04 13:15:00,583.53,145.882,214.96,264.77,67.57,36.23,Normal,0.18,29.3,100.0,138,1,1,1,0
2026-08-04 13:30:00,601.72,150.43,205.68,282.28,67.49,46.27,Normal,0.18,29.7,94.5,121,1,1,1,0
2026-08-04 13:45:00,598.13,149.532,209.92,274.64,69.46,44.12,Normal,0.18,30.6,94.8,121,1,1,1,0
2026-08-04 14:00:00,592.72,148.18,197.29,288.83,65.21,41.39,Normal,0.18,27.9,93.3,118,1,1,1,0
2026-08-04 14:15:00,595.85,148.963,206.02,280.29,68.08,41.46,Normal,0.18,29.1,91.2,119,1,1,1,0
2026-08-04 14:30:00,602.22,150.555,199.61,287.09,74.45,41.07,Normal,0.18,29.5,87.8,120,1,1,1,0
2026-08-04 14:45:00,587.58,146.895,204.97,273.22,68.59,40.8,Normal,0.18,27.9,97.0,118,1,1,1,0
2026-08-04 15:00:00,589.68,147.42,207.7,270.29,72.23,39.46,Normal,0.18,30.4,92.4,129,1,1,1,0
2026-08-04 15:15:00,602.25,150.562,196.82,295.11,67.95,42.37,Normal,0.18,29.8,90.3,122,1,1,1,0
2026-08-04 15:30:00,575.57,143.893,199.04,265.69,68.78,42.06,Normal,0.18,27.5,96.6,145,1,1,1,0
2026-08-04 15:45:00,597.81,149.452,212.93,281.57,67.3,36.01,Normal,0.18,29.9,84.7,136,1,1,1,0
2026-08-04 16:00:00,581.63,145.407,194.47,279.82,66.24,41.09,Normal,0.18,28.0,99.6,114,1,1,1,0
2026-08-04 16:15:00,589.47,147.368,192.91,286.06,73.71,36.79,Normal,0.18,25.7,92.6,129,1,1,1,0
2026-08-04 16:30:00,578.17,144.542,189.81,278.78,71.04,38.54,Normal,0.18,26.1,92.7,121,1,1,1,0
2026-08-04 16:45:00,570.66,142.665,194.51,262.77,72.0,41.39,Normal,0.18,26.4,85.1,117,1,1,1,0
2026-08-04 17:00:00,593.35,148.338,194.83,286.93,72.35,39.25,Normal,0.18,27.9,85.1,129,1,1,1,0
2026-08-04 17:15:00,577.7,144.425,200.75,267.88,67.51,41.57,Normal,0.18,28.0,94.3,130,1,1,1,0
2026-08-04 17:30:00,571.41,142.852,196.78,265.03,68.85,40.75,Normal,0.18,26.8,81.3,90,1,1,1,0
2026-08-04 17:45:00,602.1,150.525,194.36,293.31,69.04,45.39,Normal,0.18,26.4,87.3,106,1,1,1,0
2026-08-04 18:00:00,567.11,141.778,191.34,270.74,68.33,36.7,Peak,0.35,26.0,89.7,102,1,0,1,0
2026-08-04 18:15:00,580.15,145.037,184.55,290.03,66.72,38.84,Peak,0.35,25.5,95.3,99,1,0,1,0
2026-08-04 18:30:00,561.45,140.363,172.41,274.64,72.67,41.73,Peak,0.35,24.4,85.9,91,0,0,1,0
2026-08-04 18:45:00,578.86,144.715,182.64,286.31,71.48,38.42,Peak,0.35,24.3,82.4,91,0,0,1,0
2026-08-04 19:00:00,568.05,142.012,178.9,274.12,73.18,41.85,Peak,0.35,23.4,22.4,83,0,0,1,0
2026-08-04 19:15:00,565.71,141.428,177.66,282.15,64.67,41.23,Peak,0.35,24.3,24.5,84,0,0,1,0
2026-08-04 19:30:00,320.42,80.105,164.48,52.67,68.39,34.88,Peak,0.35,21.7,25.8,0,0,0,1,0
2026-08-04 19:45:00,320.51,80.127,166.26,42.26,70.48,41.51,Peak,0.35,21.6,25.0,0,0,0,1,0
2026-08-04 20:00:00,319.13,79.782,171.22,38.37,68.76,40.78,Peak,0.35,22.9,24.3,0,0,0,0,0
2026-08-04 20:15:00,317.77,79.442,165.19,44.76,70.1,37.72,Peak,0.35,20.8,15.9,0,0,0,0,0
2026-08-04 20:30:00,320.36,80.09,168.51,50.18,64.46,37.21,Peak,0.35,20.9,14.7,0,0,0,0,0
2026-08-04 20:45:00,299.02,74.755,157.05,37.75,67.23,36.99,Peak,0.35,19.4,14.3,0,0,0,0,0
2026-08-04 21:00:00,311.41,77.853,157.98,45.88,68.36,39.19,Peak,0.35,20.4,15.2,0,0,0,0,0
2026-08-04 21:15:00,316.54,79.135,158.4,49.15,72.43,36.56,Peak,0.35,21.1,17.8,0,0,0,0,0
2026-08-04 21:30:00,308.56,77.14,154.28,40.41,73.05,40.81,Peak,0.35,20.0,17.1,0,0,0,0,0
2026-08-04 21:45:00,314.03,78.507,159.01,38.37,73.14,43.51,Peak,0.35,19.3,12.3,0,0,0,0,0
2026-08-04 22:00:00,188.94,47.235,50.41,47.57,51.14,39.81,Off-Peak,0.08,18.3,7.9,0,0,0,0,0
2026-08-04 22:15:00,186.03,46.508,56.69,39.9,49.95,39.48,Off-Peak,0.08,19.0,7.3,0,0,0,0,0
2026-08-04 22:30:00,188.04,47.01,54.61,49.13,49.13,35.18,Off-Peak,0.08,17.9,7.3,0,0,0,0,0
2026-08-04 22:45:00,189.36,47.34,51.12,48.45,48.99,40.79,Off-Peak,0.08,18.8,10.8,0,0,0,0,0
2026-08-04 23:00:00,179.87,44.968,52.65,41.55,48.17,37.5,Off-Peak,0.08,17.3,7.5,0,0,0,0,0
2026-08-04 23:15:00,199.04,49.76,57.05,52.44,48.84,40.72,Off-Peak,0.08,16.7,6.6,0,0,0,0,0
2026-08-04 23:30:00,191.19,47.797,55.23,48.71,50.96,36.29,Off-Peak,0.08,16.8,8.9,0,0,0,0,0
2026-08-04 23:45:00,188.64,47.16,52.71,45.19,51.37,39.37,Off-Peak,0.08,16.9,9.8,0,0,0,0,0
2026-08-05 00:00:00,183.51,45.877,52.64,38.09,50.61,42.16,Off-Peak,0.08,16.8,12.7,0,0,0,0,0
2026-08-05 00:15:00,193.4,48.35,50.98,48.46,48.79,45.16,Off-Peak,0.08,15.5,10.9,0,0,0,0,0
2026-08-05 00:30:00,191.74,47.935,53.35,49.3,49.23,39.86,Off-Peak,0.08,17.1,6.5,0,0,0,0,0
2026-08-05 00:45:00,189.85,47.462,54.96,41.55,49.01,44.33,Off-Peak,0.08,15.4,4.2,0,0,0,0,0
2026-08-05 01:00:00,190.37,47.593,54.16,43.6,51.58,41.02,Off-Peak,0.08,14.2,9.6,0,0,0,0,0
2026-08-05 01:15:00,181.3,45.325,54.01,41.94,47.83,37.52,Off-Peak,0.08,15.6,9.9,0,0,0,0,0
2026-08-05 01:30:00,181.94,45.485,50.95,38.39,50.96,41.64,Off-Peak,0.08,17.4,10.5,0,0,0,0,0
2026-08-05 01:45:00,184.78,46.195,54.62,46.64,50.17,33.34,Off-Peak,0.08,15.5,7.5,0,0,0,0,0
2026-08-05 02:00:00,205.25,51.312,55.53,59.93,50.73,39.06,Off-Peak,0.08,14.8,6.3,0,0,0,0,0
2026-08-05 02:15:00,195.01,48.752,56.26,48.03,54.11,36.61,Off-Peak,0.08,15.8,9.0,0,0,0,0,0
2026-08-05 02:30:00,185.35,46.337,56.67,40.41,49.17,39.11,Off-Peak,0.08,15.4,6.1,0,0,0,0,0
2026-08-05 02:45:00,181.34,45.335,51.26,45.27,48.58,36.22,Off-Peak,0.08,15.9,9.8,0,0,0,0,0
2026-08-05 03:00:00,195.0,48.75,62.28,47.16,47.24,38.31,Off-Peak,0.08,15.1,7.4,0,0,0,0,0
2026-08-05 03:15:00,180.75,45.188,50.24,35.6,53.74,41.17,Off-Peak,0.08,16.2,12.2,0,0,0,0,0
2026-08-05 03:30:00,185.54,46.385,47.09,45.02,50.66,42.77,Off-Peak,0.08,14.8,9.1,0,0,0,0,0
2026-08-05 03:45:00,185.49,46.373,52.22,46.28,48.21,38.78,Off-Peak,0.08,14.9,8.2,0,0,0,0,0
2026-08-05 04:00:00,187.13,46.782,57.58,43.83,50.08,35.65,Off-Peak,0.08,15.1,9.3,0,0,0,0,0
2026-08-05 04:15:00,198.22,49.555,62.86,39.44,52.93,42.99,Off-Peak,0.08,15.9,7.9,0,0,0,0,0
2026-08-05 04:30:00,196.63,49.157,56.12,46.95,49.89,43.67,Off-Peak,0.08,16.7,11.5,0,0,0,0,0
2026-08-05 04:45:00,183.24,45.81,51.04,43.99,48.4,39.81,Off-Peak,0.08,17.6,6.7,0,0,0,0,0
2026-08-05 05:00:00,185.12,46.28,54.87,45.29,51.7,33.26,Off-Peak,0.08,18.0,7.1,0,0,0,0,0
2026-08-05 05:15:00,189.25,47.312,58.6,42.54,46.25,41.86,Off-Peak,0.08,16.9,8.4,0,0,0,0,0
2026-08-05 05:30:00,179.38,44.845,53.13,44.08,48.79,33.38,Off-Peak,0.08,17.2,5.6,0,0,0,0,0
2026-08-05 05:45:00,185.84,46.46,56.95,39.31,49.6,39.98,Off-Peak,0.08,18.8,10.5,0,0,0,0,0
2026-08-05 06:00:00,296.2,74.05,135.05,45.41,71.37,44.37,Off-Peak,0.08,19.0,9.3,0,1,0,0,0
2026-08-05 06:15:00,301.86,75.465,141.16,52.05,71.23,37.42,Off-Peak,0.08,19.5,9.6,0,1,0,0,0
2026-08-05 06:30:00,297.26,74.315,142.38,42.6,70.89,41.39,Off-Peak,0.08,20.4,9.4,0,1,0,1,0
2026-08-05 06:45:00,314.47,78.618,150.72,50.36,70.57,42.82,Off-Peak,0.08,19.9,8.6,0,1,0,1,0
2026-08-05 07:00:00,322.0,80.5,172.59,43.91,67.46,38.04,Off-Peak,0.08,19.4,87.0,0,1,0,1,0
2026-08-05 07:15:00,312.44,78.11,161.72,37.97,70.05,42.71,Off-Peak,0.08,19.8,81.7,0,1,0,1,0
2026-08-05 07:30:00,332.91,83.228,172.16,50.15,68.03,42.56,Off-Peak,0.08,20.4,93.9,0,1,1,1,0
2026-08-05 07:45:00,322.51,80.627,170.95,47.77,66.47,37.31,Off-Peak,0.08,20.7,91.4,0,1,1,1,0
2026-08-05 08:00:00,545.42,136.355,177.08,259.49,72.54,36.3,Normal,0.18,22.5,82.8,131,1,1,1,0
2026-08-05 08:15:00,549.25,137.312,176.24,271.92,66.97,34.11,Normal,0.18,21.9,91.1,111,1,1,1,0
2026-08-05 08:30:00,568.29,142.072,181.61,275.47,69.01,42.2,Normal,0.18,23.0,87.5,111,1,1,1,0
2026-08-05 08:45:00,564.36,141.09,178.55,276.34,69.88,39.6,Normal,0.18,24.0,92.5,130,1,1,1,0
2026-08-05 09:00:00,601.22,150.305,186.85,299.93,71.16,43.27,Normal,0.18,24.7,83.4,122,1,1,1,0
2026-08-05 09:15:00,581.25,145.312,187.26,280.36,68.95,44.69,Normal,0.18,24.4,95.8,127,1,1,1,0
2026-08-05 09:30:00,550.41,137.602,187.38,248.5,71.88,42.66,Normal,0.18,25.1,84.1,123,1,1,1,0
2026-08-05 09:45:00,606.19,151.548,188.06,302.22,75.89,40.01,Normal,0.18,26.7,89.1,126,1,1,1,0
2026-08-05 10:00:00,607.0,151.75,192.67,305.28,71.69,37.36,Normal,0.18,24.9,89.6,119,1,1,1,0
2026-08-05 10:15:00,603.97,150.993,198.52,292.81,71.24,41.39,Normal,0.18,25.6,94.2,120,1,1,1,0
2026-08-05 10:30:00,590.82,147.705,193.9,276.93,75.27,44.72,Normal,0.18,26.5,87.2,115,1,1,1,0
2026-08-05 10:45:00,571.62,142.905,194.52,268.63,66.61,41.87,Normal,0.18,26.6,91.1,109,1,1,1,0
2026-08-05 11:00:00,602.65,150.662,199.08,292.31,69.9,41.36,Normal,0.18,27.7,90.5,133,1,1,1,0
2026-08-05 11:15:00,567.89,141.972,194.27,268.8,69.47,35.35,Normal,0.18,26.8,93.0,112,1,1,1,0
2026-08-05 11:30:00,594.86,148.715,196.99,287.19,72.62,38.05,Normal,0.18,27.3,93.0,114,1,1,1,0
2026-08-05 11:45:00,563.42,140.855,193.69,260.56,68.63,40.54,Normal,0.18,27.4,92.7,110,1,1,1,0
2026-08-05 12:00:00,571.41,142.852,197.78,267.27,71.72,34.64,Normal,0.18,27.7,90.0,131,1,1,1,0
2026-08-05 12:15:00,574.77,143.692,205.45,264.94,69.71,34.67,Normal,0.18,28.4,100.0,101,1,1,1,0
2026-08-05 12:30:00,588.58,147.145,203.86,270.47,75.22,39.04,Normal,0.18,29.2,92.2,122,1,1,1,0
2026-08-05 12:45:00,569.86,142.465,207.07,251.08,69.16,42.54,Normal,0.18,29.0,96.8,109,1,1,1,0
2026-08-05 13:00:00,601.94,150.485,211.11,279.07,72.85,38.9,Normal,0.18,28.7,100.0,117,1,1,1,0
2026-08-05 13:15:00,603.42,150.855,207.33,275.5,75.71,44.88,Normal,0.18,30.1,93.6,120,1,1,1,0
2026-08-05 13:30:00,580.13,145.032,210.29,262.48,70.65,36.71,Normal,0.18,29.2,87.3,109,1,1,1,0
2026-08-05 13:45:00,598.73,149.683,198.89,292.5,66.69,40.66,Normal,0.18,28.5,92.1,116,1,1,1,0
2026-08-05 14:00:00,600.42,150.105,207.65,282.91,68.41,41.45,Normal,0.18,28.4,93.5,126,1,1,1,0
2026-08-05 14:15:00,582.92,145.73,200.93,266.7,71.6,43.69,Normal,0.18,29.3,92.9,128,1,1,1,0
2026-08-05 14:30:00,567.86,141.965,196.32,266.35,67.19,38.0,Normal,0.18,27.3,91.3,111,1,1,1,0
2026-08-05 14:45:00,577.4,144.35,190.27,286.87,61.76,38.5,Normal,0.18,27.1,83.4,129,1,1,1,0
2026-08-05 15:00:00,564.19,141.048,203.19,248.04,72.3,40.65,Normal,0.18,28.5,95.6,120,1,1,1,0
2026-08-05 15:15:00,589.31,147.327,196.41,284.31,69.86,38.73,Normal,0.18,27.0,100.0,111,1,1,1,0
2026-08-05 15:30:00,589.45,147.363,192.83,291.26,68.75,36.61,Normal,0.18,28.0,94.6,131,1,1,1,0
2026-08-05 15:45:00,605.01,151.252,196.04,291.37,72.06,45.55,Normal,0.18,27.8,94.3,140,1,1,1,0
2026-08-05 16:00:00,598.93,149.732,198.53,291.18,69.42,39.81,Normal,0.18,28.1,98.6,141,1,1,1,0
2026-08-05 16:15:00,593.0,148.25,209.63,273.17,67.33,42.87,Normal,0.18,29.1,96.5,127,1,1,1,0
2026-08-05 16:30:00,572.77,143.192,187.07,274.11,72.99,38.6,Normal,0.18,27.1,89.9,141,1,1,1,0
2026-08-05 16:45:00,563.67,140.917,199.6,262.78,70.26,31.03,Normal,0.18,27.8,89.6,111,1,1,1,0
2026-08-05 17:00:00,617.37,154.343,202.16,302.82,67.15,45.24,Normal,0.18,27.9,93.9,117,1,1,1,0
2026-08-05 17:15:00,567.26,141.815,191.14,270.87,68.41,36.83,Normal,0.18,27.5,83.9,118,1,1,1,0
2026-08-05 17:30:00,570.97,142.743,182.86,284.05,64.26,39.79,Normal,0.18,26.5,86.0,93,1,1,1,0
2026-08-05 17:45:00,578.95,144.738,199.41,267.31,71.63,40.6,Normal,0.18,26.6,88.7,100,1,1,1,0
2026-08-05 18:00:00,554.62,138.655,179.11,265.6,69.63,40.28,Peak,0.35,26.1,89.0,92,1,0,1,0
2026-08-05 18:15:00,572.94,143.235,188.75,276.82,67.14,40.23,Peak,0.35,26.3,90.0,80,1,0,1,0
2026-08-05 18:30:00,554.23,138.558,172.72,267.09,68.76,45.66,Peak,0.35,24.9,85.5,82,0,0,1,0
2026-08-05 18:45:00,572.92,143.23,186.29,272.93,69.72,43.98,Peak,0.35,24.6,77.9,86,0,0,1,0
2026-08-05 19:00:00,515.27,128.817,167.46,237.52,68.65,41.66,Peak,0.35,23.3,28.1,87,0,0,1,0
2026-08-05 19:15:00,550.41,137.602,164.32,274.17,70.57,41.35,Peak,0.35,23.0,27.2,91,0,0,1,0
2026-08-05 19:30:00,318.03,79.507,166.42,40.09,70.18,41.34,Peak,0.35,20.9,20.5,0,0,0,1,0
2026-08-05 19:45:00,321.28,80.32,165.01,43.97,71.83,40.47,Peak,0.35,22.2,21.8,0,0,0,1,0
2026-08-05 20:00:00,317.68,79.42,170.46,34.75,73.48,38.99,Peak,0.35,21.5,20.7,0,0,0,0,0
2026-08-05 20:15:00,309.85,77.463,161.61,41.45,69.13,37.65,Peak,0.35,21.9,22.3,0,0,0,0,0
2026-08-05 20:30:00,319.58,79.895,168.36,46.02,66.39,38.81,Peak,0.35,22.5,14.9,0,0,0,0,0
2026-08-05 20:45:00,312.31,78.078,163.53,42.35,65.46,40.96,Peak,0.35,20.9,15.3,0,0,0,0,0
2026-08-05 21:00:00,328.05,82.013,168.29,48.46,66.19,45.11,Peak,0.35,21.6,15.1,0,0,0,0,0
2026-08-05 21:15:00,324.01,81.002,155.94,54.09,72.33,41.66,Peak,0.35,19.9,18.6,0,0,0,0,0
2026-08-05 21:30:00,310.24,77.56,163.79,45.7,64.1,36.65,Peak,0.35,19.5,11.8,0,0,0,0,0
2026-08-05 21:45:00,309.79,77.448,154.12,51.09,64.15,40.43,Peak,0.35,18.8,12.2,0,0,0,0,0
2026-08-05 22:00:00,193.93,48.483,54.72,47.1,48.27,43.84,Off-Peak,0.08,17.0,9.5,0,0,0,0,0
2026-08-05 22:15:00,193.66,48.415,54.61,47.9,48.59,42.57,Off-Peak,0.08,18.9,9.2,0,0,0,0,0
2026-08-05 22:30:00,188.75,47.188,52.81,46.81,47.41,41.72,Off-Peak,0.08,19.1,10.1,0,0,0,0,0
2026-08-05 22:45:00,180.87,45.218,51.51,43.58,49.4,36.37,Off-Peak,0.08,17.7,4.3,0,0,0,0,0
2026-08-05 23:00:00,192.7,48.175,54.42,41.22,52.1,44.97,Off-Peak,0.08,17.4,8.5,0,0,0,0,0
2026-08-05 23:15:00,191.62,47.905,56.47,43.21,49.72,42.22,Off-Peak,0.08,16.4,6.8,0,0,0,0,0
2026-08-05 23:30:00,187.87,46.968,55.22,42.94,49.82,39.89,Off-Peak,0.08,14.9,10.6,0,0,0,0,0
2026-08-05 23:45:00,191.18,47.795,55.12,47.22,51.9,36.94,Off-Peak,0.08,14.8,11.0,0,0,0,0,0
2026-08-06 00:00:00,179.9,44.975,57.54,34.36,49.8,38.19,Off-Peak,0.08,16.3,7.5,0,0,0,0,0
2026-08-06 00:15:00,181.4,45.35,52.88,41.44,49.78,37.31,Off-Peak,0.08,16.1,8.9,0,0,0,0,0
2026-08-06 00:30:00,172.43,43.108,46.28,43.13,47.92,35.11,Off-Peak,0.08,16.2,7.3,0,0,0,0,0
2026-08-06 00:45:00,195.71,48.928,58.99,46.57,48.79,41.37,Off-Peak,0.08,14.4,8.2,0,0,0,0,0
2026-08-06 01:00:00,177.47,44.367,51.54,36.24,49.22,40.47,Off-Peak,0.08,14.9,6.6,0,0,0,0,0
2026-08-06 01:15:00,189.9,47.475,52.16,48.04,47.37,42.33,Off-Peak,0.08,15.1,7.2,0,0,0,0,0
2026-08-06 01:30:00,186.59,46.648,50.6,42.49,51.95,41.55,Off-Peak,0.08,14.3,6.5,0,0,0,0,0
2026-08-06 01:45:00,187.47,46.867,51.69,43.35,48.44,43.99,Off-Peak,0.08,15.8,9.0,0,0,0,0,0
2026-08-06 02:00:00,203.14,50.785,57.68,54.15,49.18,42.14,Off-Peak,0.08,14.0,9.8,0,0,0,0,0
2026-08-06 02:15:00,171.77,42.943,50.39,35.6,51.43,34.35,Off-Peak,0.08,16.8,6.8,0,0,0,0,0
2026-08-06 02:30:00,196.96,49.24,55.56,47.13,50.44,43.84,Off-Peak,0.08,14.8,8.9,0,0,0,0,0
2026-08-06 02:45:00,194.99,48.748,52.68,49.15,51.8,41.35,Off-Peak,0.08,14.4,6.6,0,0,0,0,0
2026-08-06 03:00:00,209.43,52.358,60.0,52.62,51.47,45.35,Off-Peak,0.08,16.2,5.6,0,0,0,0,0
2026-08-06 03:15:00,191.57,47.892,52.79,48.61,47.9,42.27,Off-Peak,0.08,14.0,7.0,0,0,0,0,0
2026-08-06 03:30:00,187.97,46.992,55.85,40.06,48.31,43.75,Off-Peak,0.08,16.6,9.4,0,0,0,0,0
2026-08-06 03:45:00,182.21,45.553,53.75,34.87,47.86,45.73,Off-Peak,0.08,16.3,7.9,0,0,0,0,0
2026-08-06 04:00:00,189.93,47.483,58.02,38.73,50.37,42.81,Off-Peak,0.08,14.9,8.4,0,0,0,0,0
2026-08-06 04:15:00,192.26,48.065,49.99,50.29,49.65,42.32,Off-Peak,0.08,16.2,13.7,0,0,0,0,0
2026-08-06 04:30:00,183.5,45.875,55.69,35.71,51.21,40.89,Off-Peak,0.08,16.8,6.5,0,0,0,0,0
2026-08-06 04:45:00,187.94,46.985,56.1,45.74,48.24,37.86,Off-Peak,0.08,17.2,10.1,0,0,0,0,0
2026-08-06 05:00:00,191.22,47.805,54.29,45.23,48.19,43.52,Off-Peak,0.08,18.0,10.9,0,0,0,0,0
2026-08-06 05:15:00,187.88,46.97,52.37,43.11,50.46,41.94,Off-Peak,0.08,17.9,11.9,0,0,0,0,0
2026-08-06 05:30:00,198.48,49.62,57.64,48.61,48.17,44.07,Off-Peak,0.08,17.6,6.3,0,0,0,0,0
2026-08-06 05:45:00,191.38,47.845,55.24,47.77,48.28,40.09,Off-Peak,0.08,19.0,8.3,0,0,0,0,0
2026-08-06 06:00:00,283.12,70.78,122.23,52.52,69.01,39.36,Off-Peak,0.08,16.8,9.8,0,1,0,0,0
2026-08-06 06:15:00,290.33,72.582,142.93,32.56,73.83,41.01,Off-Peak,0.08,18.4,7.4,0,1,0,0,0
2026-08-06 06:30:00,293.78,73.445,143.56,40.27,66.54,43.41,Off-Peak,0.08,18.4,5.8,0,1,0,1,0
2026-08-06 06:45:00,299.36,74.84,143.0,39.87,73.3,43.18,Off-Peak,0.08,20.0,6.1,0,1,0,1,0
2026-08-06 07:00:00,330.11,82.528,177.3,45.0,66.45,41.35,Off-Peak,0.08,20.6,86.8,0,1,0,1,0
2026-08-06 07:15:00,325.55,81.388,171.58,47.08,69.84,37.05,Off-Peak,0.08,22.3,80.6,0,1,0,1,0
2026-08-06 07:30:00,324.89,81.222,178.29,40.48,65.35,40.77,Off-Peak,0.08,22.0,97.9,0,1,1,1,0
2026-08-06 07:45:00,327.77,81.942,176.49,42.05,66.72,42.5,Off-Peak,0.08,22.4,89.3,0,1,1,1,0
2026-08-06 08:00:00,581.61,145.403,182.83,288.61,74.2,35.97,Normal,0.18,22.7,79.9,119,1,1,1,0
2026-08-06 08:15:00,571.1,142.775,184.13,276.36,66.92,43.69,Normal,0.18,22.9,97.2,126,1,1,1,0
2026-08-06 08:30:00,568.54,142.135,183.17,277.95,68.44,38.98,Normal,0.18,22.7,96.8,116,1,1,1,0
2026-08-06 08:45:00,546.42,136.605,179.64,265.3,66.54,34.94,Normal,0.18,23.4,78.8,105,1,1,1,0
2026-08-06 09:00:00,589.18,147.295,170.93,309.3,68.42,40.53,Normal,0.18,22.4,83.2,107,1,1,1,0
2026-08-06 09:15:00,554.01,138.502,183.11,264.64,69.16,37.11,Normal,0.18,25.4,99.6,108,1,1,1,0
2026-08-06 09:30:00,602.85,150.713,195.82,295.4,73.32,38.31,Normal,0.18,26.4,97.0,121,1,1,1,0
2026-08-06 09:45:00,560.45,140.113,182.94,267.96,69.78,39.77,Normal,0.18,25.8,92.3,118,1,1,1,0
2026-08-06 10:00:00,591.95,147.988,204.83,273.93,71.47,41.71,Normal,0.18,25.9,99.5,105,1,1,1,0
2026-08-06 10:15:00,589.68,147.42,192.32,281.89,69.33,46.14,Normal,0.18,26.2,79.9,102,1,1,1,0
2026-08-06 10:30:00,575.55,143.887,200.12,267.52,68.35,39.56,Normal,0.18,25.7,90.9,123,1,1,1,0
2026-08-06 10:45:00,577.86,144.465,186.48,278.84,71.28,41.25,Normal,0.18,25.6,90.7,123,1,1,1,0
2026-08-06 11:00:00,612.79,153.197,200.83,296.52,71.4,44.04,Normal,0.18,27.2,100.0,117,1,1,1,0
2026-08-06 11:15:00,576.58,144.145,208.72,260.86,66.14,40.88,Normal,0.18,29.1,98.4,98,1,1,1,0
2026-08-06 11:30:00,574.28,143.57,204.14,262.88,69.67,37.59,Normal,0.18,27.7,100.0,108,1,1,1,0
2026-08-06 11:45:00,574.53,143.632,195.57,271.59,61.21,46.16,Normal,0.18,27.4,88.2,116,1,1,1,0
2026-08-06 12:00:00,629.43,157.357,207.43,308.46,70.47,43.07,Normal,0.18,28.1,88.8,148,1,1,1,0
2026-08-06 12:15:00,588.01,147.002,198.05,281.98,68.64,39.34,Normal,0.18,28.4,88.1,108,1,1,1,0
2026-08-06 12:30:00,564.68,141.17,197.33,260.73,72.93,33.68,Normal,0.18,28.5,89.6,101,1,1,1,0
2026-08-06 12:45:00,556.37,139.093,206.69,240.95,68.92,39.81,Normal,0.18,29.6,100.0,115,1,1,1,0
2026-08-06 13:00:00,569.23,142.308,204.82,256.04,69.02,39.36,Normal,0.18,30.0,98.3,108,1,1,1,0
2026-08-06 13:15:00,598.84,149.71,211.18,279.28,69.45,38.93,Normal,0.18,29.3,100.0,115,1,1,1,0
2026-08-06 13:30:00,572.15,143.037,201.95,259.41,70.97,39.82,Normal,0.18,29.0,95.2,108,1,1,1,0
2026-08-06 13:45:00,582.05,145.512,215.53,253.79,71.3,41.43,Normal,0.18,30.0,90.4,134,1,1,1,0
2026-08-06 14:00:00,559.66,139.915,208.89,246.75,71.51,32.52,Normal,0.18,28.4,96.8,126,1,1,1,0
2026-08-06 14:15:00,612.04,153.01,199.67,311.02,64.5,36.85,Normal,0.18,28.5,88.6,123,1,1,1,0
2026-08-06 14:30:00,625.84,156.46,212.32,303.92,72.04,37.56,Normal,0.18,28.9,88.0,130,1,1,1,0
2026-08-06 14:45:00,612.89,153.222,211.73,284.7,72.06,44.4,Normal,0.18,29.6,88.6,120,1,1,1,0
2026-08-06 15:00:00,622.88,155.72,200.83,317.67,64.48,39.9,Normal,0.18,28.3,85.8,128,1,1,1,0
2026-08-06 15:15:00,573.12,143.28,204.18,260.51,70.7,37.73,Normal,0.18,29.1,93.9,122,1,1,1,0
2026-08-06 15:30:00,615.54,153.885,206.04,296.11,70.67,42.71,Normal,0.18,29.2,93.2,131,1,1,1,0
2026-08-06 15:45:00,585.73,146.433,195.84,284.3,67.5,38.09,Normal,0.18,28.5,93.5,111,1,1,1,0
2026-08-06 16:00:00,586.26,146.565,218.27,261.66,70.21,36.12,Normal,0.18,29.8,98.7,110,1,1,1,0
2026-08-06 16:15:00,609.01,152.252,207.47,289.06,76.91,35.56,Normal,0.18,28.8,89.6,125,1,1,1,0
2026-08-06 16:30:00,579.58,144.895,197.62,276.59,67.53,37.84,Normal,0.18,26.8,96.1,106,1,1,1,0
2026-08-06 16:45:00,585.73,146.433,206.69,268.14,67.66,43.25,Normal,0.18,28.9,90.6,117,1,1,1,0
2026-08-06 17:00:00,594.4,148.6,194.18,285.94,72.08,42.2,Normal,0.18,27.0,90.6,117,1,1,1,0
2026-08-06 17:15:00,581.07,145.268,191.59,285.27,64.07,40.14,Normal,0.18,27.6,93.9,118,1,1,1,0
2026-08-06 17:30:00,562.85,140.713,182.46,270.51,71.79,38.1,Normal,0.18,25.6,92.6,105,1,1,1,0
2026-08-06 17:45:00,586.63,146.657,190.07,285.55,69.63,41.37,Normal,0.18,26.2,89.5,85,1,1,1,0
2026-08-06 18:00:00,551.83,137.958,177.13,263.29,70.78,40.64,Peak,0.35,24.7,87.4,84,1,0,1,0
2026-08-06 18:15:00,565.78,141.445,186.62,267.62,70.45,41.09,Peak,0.35,25.4,89.7,85,1,0,1,0
2026-08-06 18:30:00,560.97,140.243,179.83,269.08,71.12,40.94,Peak,0.35,24.8,97.4,85,0,0,1,0
2026-08-06 18:45:00,581.83,145.458,181.05,285.08,73.09,42.62,Peak,0.35,24.8,88.6,95,0,0,1,0
2026-08-06 19:00:00,568.36,142.09,177.29,277.75,73.58,39.75,Peak,0.35,23.8,25.2,87,0,0,1,0
2026-08-06 19:15:00,564.3,141.075,178.8,267.24,77.46,40.79,Peak,0.35,23.5,27.4,89,0,0,1,0
2026-08-06 19:30:00,343.08,85.77,181.12,50.29,72.62,39.05,Peak,0.35,23.3,25.0,0,0,0,1,0
2026-08-06 19:45:00,335.11,83.778,173.67,43.89,73.2,44.36,Peak,0.35,22.0,22.2,0,0,0,1,0
2026-08-06 20:00:00,324.02,81.005,165.0,46.54,68.43,44.06,Peak,0.35,21.3,17.5,0,0,0,0,0
2026-08-06 20:15:00,304.15,76.037,161.29,38.42,70.84,33.6,Peak,0.35,21.9,18.9,0,0,0,0,0
2026-08-06 20:30:00,350.43,87.608,184.75,56.54,69.46,39.68,Peak,0.35,21.9,17.0,0,0,0,0,0
2026-08-06 20:45:00,304.2,76.05,158.25,36.07,68.13,41.75,Peak,0.35,21.4,21.4,0,0,0,0,0
2026-08-06 21:00:00,300.15,75.037,156.64,33.42,72.57,37.52,Peak,0.35,20.6,18.2,0,0,0,0,0
2026-08-06 21:15:00,308.11,77.028,155.57,44.39,68.63,39.52,Peak,0.35,18.1,14.2,0,0,0,0,0
2026-08-06 21:30:00,311.11,77.778,152.04,47.61,70.97,40.5,Peak,0.35,19.0,8.5,0,0,0,0,0
2026-08-06 21:45:00,296.36,74.09,140.6,45.89,74.29,35.58,Peak,0.35,18.1,10.7,0,0,0,0,0
2026-08-06 22:00:00,184.23,46.057,58.76,42.76,48.62,34.09,Off-Peak,0.08,18.0,8.7,0,0,0,0,0
2026-08-06 22:15:00,191.33,47.833,55.83,44.89,50.64,39.97,Off-Peak,0.08,18.2,12.1,0,0,0,0,0
2026-08-06 22:30:00,192.73,48.182,55.68,45.09,48.05,43.91,Off-Peak,0.08,17.1,9.6,0,0,0,0,0
2026-08-06 22:45:00,186.67,46.667,58.01,42.51,48.44,37.72,Off-Peak,0.08,17.9,6.9,0,0,0,0,0
2026-08-06 23:00:00,173.95,43.487,49.51,38.86,45.85,39.74,Off-Peak,0.08,15.6,8.9,0,0,0,0,0
2026-08-06 23:15:00,180.29,45.072,51.87,39.14,50.93,38.35,Off-Peak,0.08,16.6,7.3,0,0,0,0,0
2026-08-06 23:30:00,196.99,49.248,55.54,51.52,51.17,38.76,Off-Peak,0.08,16.7,6.2,0,0,0,0,0
2026-08-06 23:45:00,188.7,47.175,55.02,43.37,49.67,40.64,Off-Peak,0.08,16.4,7.5,0,0,0,0,0
2026-08-07 00:00:00,175.88,43.97,50.83,37.0,47.57,40.48,Off-Peak,0.08,15.1,6.0,0,0,0,0,0
2026-08-07 00:15:00,184.0,46.0,55.1,35.16,51.31,42.43,Off-Peak,0.08,15.0,9.0,0,0,0,0,0
2026-08-07 00:30:00,180.01,45.002,52.43,45.49,47.47,34.62,Off-Peak,0.08,14.7,8.8,0,0,0,0,0
2026-08-07 00:45:00,182.89,45.722,53.81,39.08,49.2,40.81,Off-Peak,0.08,15.1,7.8,0,0,0,0,0
2026-08-07 01:00:00,192.96,48.24,52.99,50.86,47.65,41.46,Off-Peak,0.08,15.2,8.4,0,0,0,0,0
2026-08-07 01:15:00,184.55,46.138,54.39,42.36,52.07,35.73,Off-Peak,0.08,16.1,9.0,0,0,0,0,0
2026-08-07 01:30:00,192.74,48.185,58.71,46.9,48.06,39.07,Off-Peak,0.08,14.3,7.2,0,0,0,0,0
2026-08-07 01:45:00,191.78,47.945,57.94,38.14,53.22,42.48,Off-Peak,0.08,14.5,6.6,0,0,0,0,0
2026-08-07 02:00:00,182.82,45.705,54.55,37.83,48.95,41.48,Off-Peak,0.08,15.9,7.1,0,0,0,0,0
2026-08-07 02:15:00,187.13,46.782,53.9,44.24,47.21,41.77,Off-Peak,0.08,16.1,5.8,0,0,0,0,0
2026-08-07 02:30:00,184.04,46.01,53.64,41.05,49.99,39.35,Off-Peak,0.08,14.5,7.6,0,0,0,0,0
2026-08-07 02:45:00,202.49,50.623,55.96,53.27,50.28,42.99,Off-Peak,0.08,14.8,6.5,0,0,0,0,0
2026-08-07 03:00:00,181.42,45.355,51.71,37.62,48.52,43.58,Off-Peak,0.08,14.1,8.3,0,0,0,0,0
2026-08-07 03:15:00,185.55,46.388,50.4,44.02,50.6,40.53,Off-Peak,0.08,16.1,8.5,0,0,0,0,0
2026-08-07 03:30:00,187.61,46.903,54.81,47.68,45.61,39.51,Off-Peak,0.08,14.1,6.2,0,0,0,0,0
2026-08-07 03:45:00,187.67,46.917,57.08,47.91,48.4,34.28,Off-Peak,0.08,15.8,9.7,0,0,0,0,0
2026-08-07 04:00:00,199.73,49.932,59.18,48.55,50.86,41.14,Off-Peak,0.08,15.6,10.0,0,0,0,0,0
2026-08-07 04:15:00,192.56,48.14,60.01,40.29,53.23,39.03,Off-Peak,0.08,15.7,7.7,0,0,0,0,0
2026-08-07 04:30:00,185.9,46.475,56.76,41.32,47.17,40.66,Off-Peak,0.08,17.5,5.2,0,0,0,0,0
2026-08-07 04:45:00,186.51,46.627,50.5,44.54,49.83,41.64,Off-Peak,0.08,17.5,6.3,0,0,0,0,0
2026-08-07 05:00:00,191.16,47.79,60.57,46.12,49.31,35.17,Off-Peak,0.08,17.8,7.9,0,0,0,0,0
2026-08-07 05:15:00,193.35,48.337,57.88,47.31,47.64,40.52,Off-Peak,0.08,17.2,7.3,0,0,0,0,0
2026-08-07 05:30:00,197.75,49.438,57.66,48.8,50.12,41.16,Off-Peak,0.08,18.3,11.1,0,0,0,0,0
2026-08-07 05:45:00,189.54,47.385,53.95,41.14,50.76,43.69,Off-Peak,0.08,19.1,5.3,0,0,0,0,0
2026-08-07 06:00:00,293.46,73.365,130.99,49.57,71.61,41.28,Off-Peak,0.08,18.0,3.2,0,1,0,0,0
2026-08-07 06:15:00,298.02,74.505,138.93,40.83,76.55,41.71,Off-Peak,0.08,18.7,5.4,0,1,0,0,0
2026-08-07 06:30:00,294.71,73.677,137.0,43.8,73.35,40.56,Off-Peak,0.08,18.9,6.8,0,1,0,1,0
2026-08-07 06:45:00,298.55,74.638,140.44,48.84,68.18,41.09,Off-Peak,0.08,19.2,11.8,0,1,0,1,0
2026-08-07 07:00:00,331.45,82.862,174.49,51.45,68.81,36.69,Off-Peak,0.08,20.4,75.6,0,1,0,1,0
2026-08-07 07:15:00,333.07,83.267,171.25,45.96,71.52,44.34,Off-Peak,0.08,20.9,86.1,0,1,0,1,0
2026-08-07 07:30:00,346.58,86.645,177.29,53.2,79.46,36.63,Off-Peak,0.08,21.5,81.1,0,1,1,1,0
2026-08-07 07:45:00,328.38,82.095,172.67,42.26,75.77,37.68,Off-Peak,0.08,21.7,76.5,0,1,1,1,0
2026-08-07 08:00:00,553.44,138.36,158.29,291.27,63.8,40.09,Normal,0.18,20.6,85.2,128,1,1,1,0
2026-08-07 08:15:00,570.11,142.528,177.38,285.41,67.41,39.91,Normal,0.18,20.8,86.6,124,1,1,1,0
2026-08-07 08:30:00,561.61,140.403,166.26,289.5,70.07,35.78,Normal,0.18,20.8,85.7,129,1,1,1,0
2026-08-07 08:45:00,559.0,139.75,177.04,271.31,68.56,42.09,Normal,0.18,22.6,90.4,117,1,1,1,0
2026-08-07 09:00:00,576.56,144.14,177.8,291.75,67.96,39.05,Normal,0.18,25.5,82.9,116,1,1,1,0
2026-08-07 09:15:00,551.58,137.895,194.8,258.76,66.55,31.48,Normal,0.18,25.5,94.6,129,1,1,1,0
2026-08-07 09:30:00,569.83,142.458,187.25,269.67,70.61,42.3,Normal,0.18,25.1,90.0,121,1,1,1,0
2026-08-07 09:45:00,626.81,156.702,193.73,322.22,69.69,41.18,Normal,0.18,25.8,89.5,123,1,1,1,0
2026-08-07 10:00:00,585.12,146.28,186.29,283.1,74.39,41.35,Normal,0.18,25.9,93.0,117,1,1,1,0
2026-08-07 10:15:00,579.28,144.82,189.38,284.78,67.02,38.1,Normal,0.18,26.5,93.9,137,1,1,1,0
2026-08-07 10:30:00,567.94,141.985,193.56,269.43,65.39,39.57,Normal,0.18,25.3,98.2,124,1,1,1,0
2026-08-07 10:45:00,573.56,143.39,188.34,275.42,71.9,37.91,Normal,0.18,26.3,83.3,118,1,1,1,0
2026-08-07 11:00:00,597.51,149.377,204.05,281.2,73.42,38.84,Normal,0.18,28.0,92.5,126,1,1,1,0
2026-08-07 11:15:00,577.92,144.48,203.39,264.52,71.79,38.23,Normal,0.18,27.2,95.1,128,1,1,1,0
2026-08-07 11:30:00,603.11,150.778,199.27,293.29,69.81,40.73,Normal,0.18,26.4,90.3,131,1,1,1,0
2026-08-07 11:45:00,583.48,145.87,205.06,268.34,74.68,35.41,Normal,0.18,27.7,95.6,118,1,1,1,0
2026-08-07 12:00:00,566.93,141.732,194.76,264.4,68.18,39.59,Normal,0.18,27.9,85.2,123,1,1,1,0
2026-08-07 12:15:00,616.24,154.06,196.49,306.98,67.79,44.97,Normal,0.18,28.5,89.3,120,1,1,1,0
2026-08-07 12:30:00,591.76,147.94,206.74,274.18,69.83,41.01,Normal,0.18,29.3,100.0,120,1,1,1,0
2026-08-07 12:45:00,590.63,147.657,208.4,284.67,65.44,32.11,Normal,0.18,29.1,100.0,116,1,1,1,0
2026-08-07 13:00:00,606.9,151.725,201.96,296.92,70.26,37.76,Normal,0.18,28.3,96.2,117,1,1,1,0
2026-08-07 13:15:00,594.42,148.605,201.68,281.26,70.04,41.44,Normal,0.18,29.3,92.6,113,1,1,1,0
2026-08-07 13:30:00,589.68,147.42,202.55,276.3,72.96,37.86,Normal,0.18,28.6,98.9,119,1,1,1,0
2026-08-07 13:45:00,598.77,149.692,200.51,287.37,69.97,40.92,Normal,0.18,28.6,90.0,119,1,1,1,0
2026-08-07 14:00:00,581.16,145.29,200.29,271.23,68.56,41.08,Normal,0.18,29.2,92.1,119,1,1,1,0
2026-08-07 14:15:00,595.36,148.84,204.83,283.95,73.85,32.72,Normal,0.18,28.7,94.2,119,1,1,1,0
2026-08-07 14:30:00,586.18,146.545,190.16,288.57,70.73,36.73,Normal,0.18,29.8,86.4,113,1,1,1,0
2026-08-07 14:45:00,546.77,136.692,205.54,237.18,67.43,36.62,Normal,0.18,29.0,90.8,102,1,1,1,0
2026-08-07 15:00:00,605.64,151.41,203.14,288.38,75.57,38.55,Normal,0.18,29.4,84.4,113,1,1,1,0
2026-08-07 15:15:00,601.21,150.303,196.09,297.68,65.88,41.56,Normal,0.18,26.7,97.5,121,1,1,1,0
2026-08-07 15:30:00,604.81,151.202,194.79,300.33,68.17,41.51,Normal,0.18,28.7,93.0,116,1,1,1,0
2026-08-07 15:45:00,598.18,149.545,212.21,278.83,64.47,42.68,Normal,0.18,29.4,90.8,131,1,1,1,0
2026-08-07 16:00:00,622.71,155.678,198.46,312.94,71.48,39.83,Normal,0.18,28.1,84.4,122,1,1,1,0
2026-08-07 16:15:00,606.26,151.565,198.96,295.53,67.49,44.27,Normal,0.18,28.0,86.1,103,1,1,1,0
2026-08-07 16:30:00,591.02,147.755,204.1,275.62,69.82,41.48,Normal,0.18,28.4,89.7,114,1,1,1,0
2026-08-07 16:45:00,568.19,142.048,193.36,272.14,65.92,36.76,Normal,0.18,26.4,95.2,120,1,1,1,0
2026-08-07 17:00:00,588.3,147.075,191.09,285.46,76.28,35.46,Normal,0.18,26.5,85.2,126,1,1,1,0
2026-08-07 17:15:00,587.94,146.985,188.81,282.79,74.53,41.82,Normal,0.18,26.0,90.4,110,1,1,1,0
2026-08-07 17:30:00,556.97,139.243,192.66,257.09,66.83,40.38,Normal,0.18,25.1,87.8,84,1,1,1,0
2026-08-07 17:45:00,573.58,143.395,181.75,290.55,66.08,35.21,Normal,0.18,25.6,81.4,99,1,1,1,0
2026-08-07 18:00:00,550.71,137.678,184.26,253.81,71.48,41.15,Peak,0.35,25.3,85.3,101,1,0,1,0
2026-08-07 18:15:00,564.22,141.055,179.65,274.95,69.94,39.68,Peak,0.35,24.2,92.6,85,1,0,1,0
2026-08-07 18:30:00,582.73,145.683,175.33,293.51,75.1,38.79,Peak,0.35,24.1,91.5,82,0,0,1,0
2026-08-07 18:45:00,561.05,140.262,184.21,270.32,65.02,41.51,Peak,0.35,24.9,86.7,89,0,0,1,0
2026-08-07 19:00:00,593.78,148.445,190.28,295.38,68.04,40.08,Peak,0.35,24.6,25.6,82,0,0,1,0
2026-08-07 19:15:00,546.53,136.632,161.58,280.71,69.25,34.98,Peak,0.35,22.6,22.1,78,0,0,1,0
2026-08-07 19:30:00,332.9,83.225,175.7,43.38,71.77,42.04,Peak,0.35,23.2,24.6,0,0,0,1,0
2026-08-07 19:45:00,339.03,84.757,173.55,50.98,68.21,46.29,Peak,0.35,22.7,18.8,0,0,0,1,0
2026-08-07 20:00:00,313.0,78.25,163.75,46.12,64.77,38.36,Peak,0.35,21.6,20.1,0,0,0,0,0
2026-08-07 20:15:00,325.22,81.305,167.98,48.23,62.89,46.13,Peak,0.35,20.7,19.2,0,0,0,0,0
2026-08-07 20:30:00,321.21,80.302,166.74,45.88,68.0,40.59,Peak,0.35,21.3,15.2,0,0,0,0,0
2026-08-07 20:45:00,307.27,76.817,157.24,37.84,70.44,41.76,Peak,0.35,20.1,15.0,0,0,0,0,0
2026-08-07 21:00:00,315.11,78.778,164.32,42.34,72.52,35.93,Peak,0.35,20.6,17.5,0,0,0,0,0
2026-08-07 21:15:00,325.42,81.355,161.03,49.71,71.46,43.22,Peak,0.35,19.0,10.9,0,0,0,0,0
2026-08-07 21:30:00,310.89,77.722,153.15,49.23,69.65,38.85,Peak,0.35,18.6,13.5,0,0,0,0,0
2026-08-07 21:45:00,297.7,74.425,153.67,44.69,66.82,32.51,Peak,0.35,19.3,13.9,0,0,0,0,0
2026-08-07 22:00:00,173.68,43.42,55.79,35.25,49.3,33.34,Off-Peak,0.08,18.7,9.2,0,0,0,0,0
2026-08-07 22:15:00,193.3,48.325,58.77,49.73,48.2,36.6,Off-Peak,0.08,19.2,5.8,0,0,0,0,0
2026-08-07 22:30:00,177.64,44.41,55.31,42.59,46.44,33.31,Off-Peak,0.08,18.0,6.3,0,0,0,0,0
2026-08-07 22:45:00,193.35,48.337,53.34,48.48,52.35,39.18,Off-Peak,0.08,17.6,6.9,0,0,0,0,0
2026-08-07 23:00:00,190.19,47.547,50.93,46.12,51.1,42.04,Off-Peak,0.08,16.8,9.0,0,0,0,0,0
2026-08-07 23:15:00,193.32,48.33,52.37,45.5,50.96,44.49,Off-Peak,0.08,15.2,6.5,0,0,0,0,0
2026-08-07 23:30:00,198.33,49.583,58.45,46.48,52.54,40.87,Off-Peak,0.08,16.1,7.0,0,0,0,0,0
2026-08-07 23:45:00,196.58,49.145,50.35,48.31,52.38,45.55,Off-Peak,0.08,15.3,5.3,0,0,0,0,0
2026-08-08 00:00:00,185.43,46.358,53.26,39.22,51.7,41.25,Off-Peak,0.08,16.6,13.5,0,0,0,0,0
2026-08-08 00:15:00,201.61,50.403,55.97,51.42,52.59,41.63,Off-Peak,0.08,15.8,11.2,0,0,0,0,0
2026-08-08 00:30:00,192.77,48.193,53.62,48.78,47.21,43.16,Off-Peak,0.08,16.2,11.5,0,0,0,0,0
2026-08-08 00:45:00,185.38,46.345,52.46,47.77,49.93,35.22,Off-Peak,0.08,14.4,10.9,0,0,0,0,0
2026-08-08 01:00:00,190.57,47.642,57.64,45.01,50.79,37.13,Off-Peak,0.08,15.6,8.3,0,0,0,0,0
2026-08-08 01:15:00,202.58,50.645,57.57,53.39,48.39,43.23,Off-Peak,0.08,14.7,8.6,0,0,0,0,0
2026-08-08 01:30:00,178.43,44.608,52.12,38.24,46.83,41.24,Off-Peak,0.08,13.3,6.4,0,0,0,0,0
2026-08-08 01:45:00,194.51,48.627,57.07,46.33,51.32,39.79,Off-Peak,0.08,14.8,11.1,0,0,0,0,0
2026-08-08 02:00:00,180.46,45.115,53.23,40.32,49.64,37.26,Off-Peak,0.08,14.1,13.2,0,0,0,0,0
2026-08-08 02:15:00,188.8,47.2,56.05,40.51,49.02,43.22,Off-Peak,0.08,14.7,11.0,0,0,0,0,0
2026-08-08 02:30:00,198.78,49.695,58.54,50.72,47.22,42.29,Off-Peak,0.08,15.5,16.2,0,0,0,0,0
2026-08-08 02:45:00,193.6,48.4,55.5,49.73,51.0,37.36,Off-Peak,0.08,15.1,8.3,0,0,0,0,0
2026-08-08 03:00:00,190.99,47.748,55.65,43.48,49.56,42.3,Off-Peak,0.08,15.8,8.1,0,0,0,0,0
2026-08-08 03:15:00,184.04,46.01,49.54,42.01,50.74,41.75,Off-Peak,0.08,14.5,15.8,0,0,0,0,0
2026-08-08 03:30:00,195.38,48.845,56.23,43.84,52.79,42.52,Off-Peak,0.08,15.5,9.8,0,0,0,0,0
2026-08-08 03:45:00,187.33,46.833,54.76,43.5,47.99,41.08,Off-Peak,0.08,16.4,7.1,0,0,0,0,0
2026-08-08 04:00:00,194.25,48.562,51.79,53.6,48.21,40.66,Off-Peak,0.08,15.5,12.0,0,0,0,0,0
2026-08-08 04:15:00,189.36,47.34,57.56,38.85,52.9,40.04,Off-Peak,0.08,16.8,8.3,0,0,0,0,0
2026-08-08 04:30:00,187.34,46.835,57.43,42.08,48.5,39.34,Off-Peak,0.08,16.0,9.1,0,0,0,0,0
2026-08-08 04:45:00,189.92,47.48,53.3,49.16,50.42,37.05,Off-Peak,0.08,15.8,15.5,0,0,0,0,0
2026-08-08 05:00:00,200.2,50.05,54.44,50.97,52.04,42.76,Off-Peak,0.08,17.0,12.4,0,0,0,0,0
2026-08-08 05:15:00,183.72,45.93,53.16,45.98,51.09,33.49,Off-Peak,0.08,17.0,6.8,0,0,0,0,0
2026-08-08 05:30:00,200.4,50.1,54.17,51.46,50.84,43.93,Off-Peak,0.08,17.7,10.5,0,0,0,0,0
2026-08-08 05:45:00,198.52,49.63,59.91,51.56,47.82,39.24,Off-Peak,0.08,17.9,12.8,0,0,0,0,0
2026-08-08 06:00:00,202.01,50.502,57.06,40.81,70.2,33.94,Off-Peak,0.08,18.2,11.5,0,0,0,0,0
2026-08-08 06:15:00,203.54,50.885,55.17,43.45,73.44,31.49,Off-Peak,0.08,20.1,8.5,0,0,0,0,0
2026-08-08 06:30:00,216.92,54.23,53.64,53.63,67.34,42.32,Off-Peak,0.08,19.3,9.7,0,0,0,0,0
2026-08-08 06:45:00,208.9,52.225,53.0,41.34,73.29,41.28,Off-Peak,0.08,20.0,13.8,0,0,0,0,0
2026-08-08 07:00:00,204.57,51.142,56.16,49.19,67.96,31.26,Off-Peak,0.08,19.0,8.4,0,0,0,0,0
2026-08-08 07:15:00,192.61,48.153,48.95,30.84,72.44,40.39,Off-Peak,0.08,21.1,6.3,0,0,0,0,0
2026-08-08 07:30:00,215.71,53.928,56.91,53.08,65.82,39.9,Off-Peak,0.08,20.9,14.2,0,0,0,0,0
2026-08-08 07:45:00,214.39,53.597,54.25,48.13,70.14,41.87,Off-Peak,0.08,20.2,9.3,0,0,0,0,0
2026-08-08 08:00:00,202.68,50.67,54.05,40.29,70.74,37.59,Off-Peak,0.08,22.6,16.5,0,0,0,0,0
2026-08-08 08:15:00,207.63,51.907,53.3,42.64,72.16,39.53,Off-Peak,0.08,23.6,9.2,0,0,0,0,0
2026-08-08 08:30:00,204.67,51.167,52.43,45.18,71.96,35.11,Off-Peak,0.08,22.4,15.0,0,0,0,0,0
2026-08-08 08:45:00,213.05,53.263,57.47,40.19,72.08,43.32,Off-Peak,0.08,23.7,6.8,0,0,0,0,0
2026-08-08 09:00:00,208.74,52.185,54.31,42.12,74.41,37.9,Off-Peak,0.08,24.5,10.8,0,0,0,0,0
2026-08-08 09:15:00,197.08,49.27,52.61,40.25,65.67,38.55,Off-Peak,0.08,23.4,12.0,0,0,0,0,0
2026-08-08 09:30:00,214.32,53.58,57.85,47.63,69.43,39.41,Off-Peak,0.08,24.6,10.7,0,0,0,0,0
2026-08-08 09:45:00,200.72,50.18,55.38,42.65,67.02,35.66,Off-Peak,0.08,25.5,13.8,0,0,0,0,0
2026-08-08 10:00:00,213.86,53.465,56.73,44.36,74.22,38.55,Off-Peak,0.08,26.0,11.7,0,0,0,0,0
2026-08-08 10:15:00,213.44,53.36,53.17,47.96,71.23,41.07,Off-Peak,0.08,26.7,9.9,0,0,0,0,0
2026-08-08 10:30:00,225.59,56.398,62.17,50.92,72.17,40.34,Off-Peak,0.08,26.3,9.9,0,0,0,0,0
2026-08-08 10:45:00,198.81,49.703,55.08,43.48,69.76,30.49,Off-Peak,0.08,27.4,11.6,0,0,0,0,0
2026-08-08 11:00:00,211.16,52.79,59.78,45.1,66.43,39.85,Off-Peak,0.08,27.1,8.5,0,0,0,0,0
2026-08-08 11:15:00,213.39,53.347,55.87,49.79,67.63,40.1,Off-Peak,0.08,26.4,11.4,0,0,0,0,0
2026-08-08 11:30:00,215.28,53.82,56.56,47.48,70.0,41.24,Off-Peak,0.08,26.5,12.1,0,0,0,0,0
2026-08-08 11:45:00,202.67,50.667,55.42,39.57,67.4,40.29,Off-Peak,0.08,29.1,9.1,0,0,0,0,0
2026-08-08 12:00:00,206.54,51.635,54.29,42.97,68.4,40.88,Off-Peak,0.08,28.9,9.2,0,0,0,0,0
2026-08-08 12:15:00,209.81,52.453,53.0,48.61,66.19,42.01,Off-Peak,0.08,27.1,13.8,0,0,0,0,0
2026-08-08 12:30:00,203.96,50.99,52.02,46.25,66.45,39.24,Off-Peak,0.08,29.0,11.2,0,0,0,0,0
2026-08-08 12:45:00,207.17,51.792,55.05,40.13,71.94,40.06,Off-Peak,0.08,29.5,12.4,0,0,0,0,0
2026-08-08 13:00:00,203.12,50.78,54.93,51.01,66.71,30.47,Off-Peak,0.08,26.9,12.3,0,0,0,0,0
2026-08-08 13:15:00,207.38,51.845,49.93,40.11,78.27,39.08,Off-Peak,0.08,29.1,10.9,0,0,0,0,0
2026-08-08 13:30:00,200.88,50.22,48.73,44.15,69.2,38.8,Off-Peak,0.08,29.5,8.0,0,0,0,0,0
2026-08-08 13:45:00,198.84,49.71,54.55,38.68,71.46,34.15,Off-Peak,0.08,28.9,10.8,0,0,0,0,0
2026-08-08 14:00:00,204.92,51.23,56.52,44.71,65.81,37.88,Off-Peak,0.08,27.4,12.2,0,0,0,0,0
2026-08-08 14:15:00,214.07,53.517,52.78,48.26,74.28,38.74,Off-Peak,0.08,28.8,5.2,0,0,0,0,0
2026-08-08 14:30:00,208.14,52.035,56.98,40.98,70.92,39.26,Off-Peak,0.08,29.5,5.0,0,0,0,0,0
2026-08-08 14:45:00,209.46,52.365,56.88,43.6,69.53,39.45,Off-Peak,0.08,29.9,7.4,0,0,0,0,0
2026-08-08 15:00:00,213.67,53.417,54.81,46.21,70.25,42.39,Off-Peak,0.08,28.1,10.0,0,0,0,0,0
2026-08-08 15:15:00,210.3,52.575,57.61,39.07,71.76,41.86,Off-Peak,0.08,29.4,6.8,0,0,0,0,0
2026-08-08 15:30:00,206.89,51.722,53.59,41.21,74.05,38.04,Off-Peak,0.08,26.9,10.3,0,0,0,0,0
2026-08-08 15:45:00,216.44,54.11,57.06,44.29,73.5,41.59,Off-Peak,0.08,27.6,10.2,0,0,0,0,0
2026-08-08 16:00:00,210.48,52.62,53.31,47.4,62.13,47.65,Off-Peak,0.08,26.3,8.4,0,0,0,0,0
2026-08-08 16:15:00,230.72,57.68,58.54,56.72,72.61,42.85,Off-Peak,0.08,28.2,10.4,0,0,0,0,0
2026-08-08 16:30:00,198.33,49.583,53.57,40.87,67.94,35.95,Off-Peak,0.08,27.7,9.6,0,0,0,0,0
2026-08-08 16:45:00,209.27,52.318,55.57,44.82,70.44,38.43,Off-Peak,0.08,27.2,5.0,0,0,0,0,0
2026-08-08 17:00:00,202.56,50.64,51.27,46.16,68.18,36.96,Off-Peak,0.08,29.4,14.1,0,0,0,0,0
2026-08-08 17:15:00,219.9,54.975,52.96,49.84,72.98,44.12,Off-Peak,0.08,25.5,11.3,0,0,0,0,0
2026-08-08 17:30:00,212.04,53.01,56.9,42.63,67.68,44.83,Off-Peak,0.08,25.6,11.4,0,0,0,0,0
2026-08-08 17:45:00,199.36,49.84,52.53,38.9,68.29,39.63,Off-Peak,0.08,26.1,11.9,0,0,0,0,0
2026-08-08 18:00:00,203.16,50.79,49.93,39.4,72.01,41.81,Off-Peak,0.08,24.6,10.0,0,0,0,0,0
2026-08-08 18:15:00,209.77,52.443,51.92,43.13,71.93,42.78,Off-Peak,0.08,24.8,6.9,0,0,0,0,0
2026-08-08 18:30:00,209.11,52.278,55.8,40.88,68.45,43.98,Off-Peak,0.08,24.3,6.5,0,0,0,0,0
2026-08-08 18:45:00,209.3,52.325,51.18,46.06,73.19,38.87,Off-Peak,0.08,24.9,10.5,0,0,0,0,0
2026-08-08 19:00:00,222.52,55.63,59.99,46.53,71.76,44.24,Off-Peak,0.08,24.9,13.9,0,0,0,0,0
2026-08-08 19:15:00,205.55,51.388,53.65,46.19,66.13,39.57,Off-Peak,0.08,23.7,8.5,0,0,0,0,0
2026-08-08 19:30:00,220.47,55.117,59.6,50.61,68.62,41.63,Off-Peak,0.08,23.8,5.0,0,0,0,0,0
2026-08-08 19:45:00,207.09,51.773,57.95,38.0,71.76,39.38,Off-Peak,0.08,22.5,13.7,0,0,0,0,0
2026-08-08 20:00:00,214.22,53.555,60.24,50.2,67.78,36.0,Off-Peak,0.08,22.1,7.8,0,0,0,0,0
2026-08-08 20:15:00,222.26,55.565,55.72,51.27,72.37,42.91,Off-Peak,0.08,21.2,11.3,0,0,0,0,0
2026-08-08 20:30:00,216.07,54.017,54.41,50.3,69.85,41.51,Off-Peak,0.08,21.3,5.8,0,0,0,0,0
2026-08-08 20:45:00,208.5,52.125,54.63,46.55,68.03,39.29,Off-Peak,0.08,20.4,6.9,0,0,0,0,0
2026-08-08 21:00:00,220.72,55.18,54.12,52.26,74.59,39.76,Off-Peak,0.08,19.4,13.4,0,0,0,0,0
2026-08-08 21:15:00,203.2,50.8,50.58,38.13,74.14,40.35,Off-Peak,0.08,18.9,5.0,0,0,0,0,0
2026-08-08 21:30:00,211.26,52.815,51.41,49.44,70.86,39.56,Off-Peak,0.08,19.6,5.0,0,0,0,0,0
2026-08-08 21:45:00,217.44,54.36,54.34,45.35,70.58,47.18,Off-Peak,0.08,19.4,14.9,0,0,0,0,0
2026-08-08 22:00:00,191.03,47.758,54.66,47.83,48.69,39.85,Off-Peak,0.08,16.8,12.0,0,0,0,0,0
2026-08-08 22:15:00,185.98,46.495,57.42,40.76,49.15,38.64,Off-Peak,0.08,18.7,19.3,0,0,0,0,0
2026-08-08 22:30:00,189.39,47.347,57.2,38.63,52.1,41.46,Off-Peak,0.08,16.3,9.0,0,0,0,0,0
2026-08-08 22:45:00,197.77,49.443,59.79,48.67,50.02,39.29,Off-Peak,0.08,16.8,9.6,0,0,0,0,0
2026-08-08 23:00:00,195.4,48.85,48.69,55.21,50.31,41.19,Off-Peak,0.08,17.1,8.5,0,0,0,0,0
2026-08-08 23:15:00,182.3,45.575,54.44,37.0,54.55,36.3,Off-Peak,0.08,16.7,7.8,0,0,0,0,0
2026-08-08 23:30:00,195.23,48.807,58.86,45.07,47.53,43.76,Off-Peak,0.08,15.6,8.7,0,0,0,0,0
2026-08-08 23:45:00,206.43,51.608,57.15,56.97,54.37,37.94,Off-Peak,0.08,16.8,11.6,0,0,0,0,0
2026-08-09 00:00:00,180.26,45.065,56.5,36.54,49.66,37.56,Off-Peak,0.08,17.2,11.1,0,0,0,0,0
2026-08-09 00:15:00,185.35,46.337,48.78,44.89,52.24,39.44,Off-Peak,0.08,16.4,13.2,0,0,0,0,0
2026-08-09 00:30:00,183.87,45.968,56.02,43.64,47.57,36.64,Off-Peak,0.08,16.1,11.1,0,0,0,0,0
2026-08-09 00:45:00,190.0,47.5,54.58,42.88,49.39,43.14,Off-Peak,0.08,15.9,10.1,0,0,0,0,0
2026-08-09 01:00:00,196.09,49.023,57.23,43.98,50.06,44.82,Off-Peak,0.08,15.0,6.0,0,0,0,0,0
2026-08-09 01:15:00,181.92,45.48,51.46,43.9,51.22,35.33,Off-Peak,0.08,15.1,10.9,0,0,0,0,0
2026-08-09 01:30:00,200.41,50.102,55.12,50.19,50.67,44.43,Off-Peak,0.08,15.2,10.3,0,0,0,0,0
2026-08-09 01:45:00,193.79,48.447,55.25,39.65,51.91,46.97,Off-Peak,0.08,14.2,10.4,0,0,0,0,0
2026-08-09 02:00:00,180.93,45.233,55.25,41.43,46.36,37.88,Off-Peak,0.08,15.0,11.5,0,0,0,0,0
2026-08-09 02:15:00,186.34,46.585,54.65,43.27,51.78,36.63,Off-Peak,0.08,13.9,15.1,0,0,0,0,0
2026-08-09 02:30:00,196.33,49.083,58.09,47.51,50.5,40.23,Off-Peak,0.08,14.4,10.2,0,0,0,0,0
2026-08-09 02:45:00,185.24,46.31,51.91,45.23,47.85,40.24,Off-Peak,0.08,15.5,10.6,0,0,0,0,0
2026-08-09 03:00:00,184.15,46.038,54.88,37.98,49.73,41.56,Off-Peak,0.08,14.9,17.6,0,0,0,0,0
2026-08-09 03:15:00,185.27,46.318,50.25,49.08,47.24,38.69,Off-Peak,0.08,16.7,8.2,0,0,0,0,0
2026-08-09 03:30:00,188.06,47.015,57.07,41.58,49.45,39.96,Off-Peak,0.08,15.3,9.8,0,0,0,0,0
2026-08-09 03:45:00,197.67,49.417,56.31,49.22,50.79,41.36,Off-Peak,0.08,15.8,10.3,0,0,0,0,0
2026-08-09 04:00:00,191.72,47.93,56.44,48.64,48.62,38.02,Off-Peak,0.08,14.7,10.2,0,0,0,0,0
2026-08-09 04:15:00,193.25,48.312,58.1,42.96,51.82,40.37,Off-Peak,0.08,15.7,11.6,0,0,0,0,0
2026-08-09 04:30:00,195.86,48.965,57.24,46.63,54.55,37.44,Off-Peak,0.08,16.3,9.4,0,0,0,0,0
2026-08-09 04:45:00,196.37,49.093,52.39,44.95,50.27,48.75,Off-Peak,0.08,17.2,8.4,0,0,0,0,0
2026-08-09 05:00:00,180.31,45.078,55.82,34.63,49.82,40.05,Off-Peak,0.08,16.9,6.6,0,0,0,0,0
2026-08-09 05:15:00,182.82,45.705,53.49,44.25,48.47,36.62,Off-Peak,0.08,18.0,12.9,0,0,0,0,0
2026-08-09 05:30:00,190.28,47.57,53.76,40.02,51.1,45.4,Off-Peak,0.08,18.0,6.2,0,0,0,0,0
2026-08-09 05:45:00,188.8,47.2,54.63,45.08,50.44,38.66,Off-Peak,0.08,17.1,5.0,0,0,0,0,0
2026-08-09 06:00:00,202.88,50.72,58.12,35.22,68.89,40.64,Off-Peak,0.08,18.3,11.1,0,0,0,0,0
2026-08-09 06:15:00,207.78,51.945,53.09,44.79,71.67,38.23,Off-Peak,0.08,18.2,15.2,0,0,0,0,0
2026-08-09 06:30:00,211.64,52.91,58.09,43.32,67.46,42.78,Off-Peak,0.08,17.8,8.7,0,0,0,0,0
2026-08-09 06:45:00,223.93,55.983,55.45,48.85,77.15,42.48,Off-Peak,0.08,19.5,8.5,0,0,0,0,0
2026-08-09 07:00:00,204.32,51.08,51.92,45.31,70.32,36.76,Off-Peak,0.08,21.1,8.5,0,0,0,0,0
2026-08-09 07:15:00,212.95,53.237,56.08,47.52,70.87,38.48,Off-Peak,0.08,20.5,11.2,0,0,0,0,0
2026-08-09 07:30:00,211.96,52.99,60.35,45.07,69.33,37.21,Off-Peak,0.08,20.7,6.4,0,0,0,0,0
2026-08-09 07:45:00,215.47,53.867,53.71,47.08,71.8,42.87,Off-Peak,0.08,23.9,6.8,0,0,0,0,0
2026-08-09 08:00:00,212.68,53.17,51.83,43.72,70.92,46.2,Off-Peak,0.08,23.4,11.5,0,0,0,0,0
2026-08-09 08:15:00,211.9,52.975,55.54,49.19,69.69,37.47,Off-Peak,0.08,21.3,13.6,0,0,0,0,0
2026-08-09 08:30:00,206.37,51.593,57.92,44.93,68.2,35.32,Off-Peak,0.08,23.5,12.0,0,0,0,0,0
2026-08-09 08:45:00,198.56,49.64,52.1,42.31,68.6,35.55,Off-Peak,0.08,24.0,11.3,0,0,0,0,0
2026-08-09 09:00:00,206.26,51.565,53.76,41.31,65.12,46.07,Off-Peak,0.08,23.2,6.6,0,0,0,0,0
2026-08-09 09:15:00,214.02,53.505,55.82,47.09,73.57,37.54,Off-Peak,0.08,25.3,7.7,0,0,0,0,0
2026-08-09 09:30:00,221.25,55.312,50.99,48.62,73.87,47.76,Off-Peak,0.08,25.6,8.4,0,0,0,0,0
2026-08-09 09:45:00,204.49,51.123,53.77,48.92,65.59,36.21,Off-Peak,0.08,24.1,12.1,0,0,0,0,0
2026-08-09 10:00:00,216.25,54.062,53.08,48.3,73.08,41.8,Off-Peak,0.08,24.9,10.2,0,0,0,0,0
2026-08-09 10:15:00,214.08,53.52,51.35,51.82,68.18,42.73,Off-Peak,0.08,27.2,11.2,0,0,0,0,0
2026-08-09 10:30:00,204.38,51.095,50.51,40.41,73.97,39.49,Off-Peak,0.08,27.5,11.4,0,0,0,0,0
2026-08-09 10:45:00,211.92,52.98,57.09,46.39,69.37,39.06,Off-Peak,0.08,26.7,12.3,0,0,0,0,0
2026-08-09 11:00:00,211.7,52.925,54.23,50.41,69.61,37.45,Off-Peak,0.08,27.6,11.7,0,0,0,0,0
2026-08-09 11:15:00,213.5,53.375,54.18,51.17,67.58,40.57,Off-Peak,0.08,26.7,7.1,0,0,0,0,0
2026-08-09 11:30:00,205.41,51.352,50.47,43.9,69.42,41.62,Off-Peak,0.08,27.0,9.2,0,0,0,0,0
2026-08-09 11:45:00,214.87,53.718,58.25,46.05,70.6,39.97,Off-Peak,0.08,28.0,6.4,0,0,0,0,0
2026-08-09 12:00:00,200.31,50.078,56.43,36.27,68.38,39.24,Off-Peak,0.08,27.6,10.7,0,0,0,0,0
2026-08-09 12:15:00,201.25,50.312,52.68,42.51,68.46,37.6,Off-Peak,0.08,28.5,13.6,0,0,0,0,0
2026-08-09 12:30:00,202.19,50.547,51.84,47.14,64.89,38.32,Off-Peak,0.08,28.2,12.3,0,0,0,0,0
2026-08-09 12:45:00,192.27,48.068,54.18,33.99,64.0,40.1,Off-Peak,0.08,28.4,15.0,0,0,0,0,0
2026-08-09 13:00:00,217.38,54.345,55.5,50.81,68.38,42.68,Off-Peak,0.08,29.3,11.1,0,0,0,0,0
2026-08-09 13:15:00,203.41,50.852,49.58,43.63,69.86,40.34,Off-Peak,0.08,27.6,7.3,0,0,0,0,0
2026-08-09 13:30:00,205.12,51.28,54.43,37.51,74.09,39.09,Off-Peak,0.08,29.0,7.2,0,0,0,0,0
2026-08-09 13:45:00,197.15,49.288,51.27,39.37,66.71,39.8,Off-Peak,0.08,28.6,14.8,0,0,0,0,0
2026-08-09 14:00:00,206.62,51.655,62.72,33.75,71.83,38.33,Off-Peak,0.08,29.3,12.2,0,0,0,0,0
2026-08-09 14:15:00,218.29,54.572,52.27,53.42,72.53,40.07,Off-Peak,0.08,28.5,8.1,0,0,0,0,0
2026-08-09 14:30:00,193.5,48.375,51.01,34.11,67.9,40.49,Off-Peak,0.08,30.0,5.5,0,0,0,0,0
2026-08-09 14:45:00,212.7,53.175,50.77,49.02,70.72,42.2,Off-Peak,0.08,28.9,10.4,0,0,0,0,0
2026-08-09 15:00:00,206.33,51.583,51.44,43.01,71.6,40.27,Off-Peak,0.08,27.2,10.9,0,0,0,0,0
2026-08-09 15:15:00,213.9,53.475,50.41,50.75,69.38,43.36,Off-Peak,0.08,27.9,10.0,0,0,0,0,0
2026-08-09 15:30:00,211.89,52.972,52.71,49.38,67.87,41.93,Off-Peak,0.08,28.0,8.4,0,0,0,0,0
2026-08-09 15:45:00,198.92,49.73,53.29,39.1,70.1,36.43,Off-Peak,0.08,28.0,5.0,0,0,0,0,0
2026-08-09 16:00:00,215.58,53.895,54.47,48.28,72.89,39.94,Off-Peak,0.08,28.8,9.7,0,0,0,0,0
2026-08-09 16:15:00,204.14,51.035,52.94,41.91,70.32,38.96,Off-Peak,0.08,27.2,5.0,0,0,0,0,0
2026-08-09 16:30:00,216.59,54.148,54.83,50.92,71.03,39.82,Off-Peak,0.08,28.1,8.2,0,0,0,0,0
2026-08-09 16:45:00,206.34,51.585,52.45,42.29,72.27,39.33,Off-Peak,0.08,26.8,8.1,0,0,0,0,0
2026-08-09 17:00:00,202.93,50.733,55.96,37.97,68.67,40.33,Off-Peak,0.08,25.9,15.3,0,0,0,0,0
2026-08-09 17:15:00,217.21,54.303,57.93,52.0,68.11,39.17,Off-Peak,0.08,28.0,6.7,0,0,0,0,0
2026-08-09 17:30:00,214.21,53.553,54.89,48.3,73.27,37.76,Off-Peak,0.08,25.4,9.4,0,0,0,0,0
2026-08-09 17:45:00,211.52,52.88,55.88,46.25,69.02,40.37,Off-Peak,0.08,24.3,9.9,0,0,0,0,0
2026-08-09 18:00:00,210.78,52.695,53.88,42.5,69.49,44.91,Off-Peak,0.08,26.7,11.1,0,0,0,0,0
2026-08-09 18:15:00,221.28,55.32,53.55,50.49,75.88,41.35,Off-Peak,0.08,24.9,9.9,0,0,0,0,0
2026-08-09 18:30:00,208.26,52.065,47.85,48.73,70.4,41.29,Off-Peak,0.08,24.7,10.1,0,0,0,0,0
2026-08-09 18:45:00,218.99,54.748,53.77,50.11,68.86,46.25,Off-Peak,0.08,23.7,8.8,0,0,0,0,0
2026-08-09 19:00:00,204.57,51.142,54.61,41.74,63.42,44.8,Off-Peak,0.08,24.2,6.2,0,0,0,0,0
2026-08-09 19:15:00,204.66,51.165,55.5,38.09,68.55,42.53,Off-Peak,0.08,23.9,11.6,0,0,0,0,0
2026-08-09 19:30:00,211.2,52.8,54.32,44.29,70.41,42.19,Off-Peak,0.08,22.1,5.0,0,0,0,0,0
2026-08-09 19:45:00,209.39,52.347,58.59,37.41,71.51,41.88,Off-Peak,0.08,23.0,10.8,0,0,0,0,0
2026-08-09 20:00:00,204.87,51.218,52.76,41.69,72.26,38.16,Off-Peak,0.08,21.0,5.5,0,0,0,0,0
2026-08-09 20:15:00,212.55,53.138,58.36,45.07,69.46,39.67,Off-Peak,0.08,20.9,8.2,0,0,0,0,0
2026-08-09 20:30:00,222.02,55.505,58.95,46.05,69.52,47.5,Off-Peak,0.08,22.1,7.8,0,0,0,0,0
2026-08-09 20:45:00,221.14,55.285,51.3,49.76,75.07,45.01,Off-Peak,0.08,19.8,8.9,0,0,0,0,0
2026-08-09 21:00:00,208.06,52.015,53.9,36.64,76.11,41.41,Off-Peak,0.08,21.2,9.4,0,0,0,0,0
2026-08-09 21:15:00,210.51,52.627,52.08,47.03,69.48,41.92,Off-Peak,0.08,19.4,14.0,0,0,0,0,0
2026-08-09 21:30:00,217.71,54.428,55.23,50.24,69.91,42.33,Off-Peak,0.08,19.3,5.6,0,0,0,0,0
2026-08-09 21:45:00,214.03,53.508,53.13,48.73,70.09,42.07,Off-Peak,0.08,18.1,9.9,0,0,0,0,0
2026-08-09 22:00:00,184.22,46.055,55.82,40.01,49.99,38.4,Off-Peak,0.08,19.4,12.1,0,0,0,0,0
2026-08-09 22:15:00,176.52,44.13,52.06,35.21,48.66,40.58,Off-Peak,0.08,17.8,8.9,0,0,0,0,0
2026-08-09 22:30:00,205.28,51.32,60.7,50.12,53.29,41.17,Off-Peak,0.08,16.7,10.0,0,0,0,0,0
2026-08-09 22:45:00,181.36,45.34,53.07,31.3,52.37,44.62,Off-Peak,0.08,18.3,7.8,0,0,0,0,0
2026-08-09 23:00:00,186.67,46.667,52.74,46.91,52.25,34.77,Off-Peak,0.08,16.6,9.2,0,0,0,0,0
2026-08-09 23:15:00,191.95,47.987,55.34,47.29,49.62,39.69,Off-Peak,0.08,17.1,9.2,0,0,0,0,0
2026-08-09 23:30:00,188.68,47.17,56.26,46.1,47.46,38.86,Off-Peak,0.08,16.3,12.9,0,0,0,0,0
2026-08-09 23:45:00,203.17,50.792,56.98,53.83,52.08,40.28,Off-Peak,0.08,16.9,10.1,0,0,0,0,0
2026-08-10 00:00:00,188.18,47.045,54.49,43.37,50.78,39.54,Off-Peak,0.08,15.5,2.9,0,0,0,0,0
2026-08-10 00:15:00,192.7,48.175,52.18,47.38,53.43,39.71,Off-Peak,0.08,15.5,4.4,0,0,0,0,0
2026-08-10 00:30:00,190.51,47.627,52.57,46.83,48.52,42.59,Off-Peak,0.08,15.8,9.9,0,0,0,0,0
2026-08-10 00:45:00,192.33,48.083,52.65,48.54,54.17,36.98,Off-Peak,0.08,15.5,8.6,0,0,0,0,0
2026-08-10 01:00:00,187.97,46.992,57.36,42.2,44.33,44.08,Off-Peak,0.08,15.0,8.5,0,0,0,0,0
2026-08-10 01:15:00,201.73,50.432,53.18,52.84,52.9,42.82,Off-Peak,0.08,15.7,4.5,0,0,0,0,0
2026-08-10 01:30:00,191.08,47.77,54.61,50.64,48.25,37.58,Off-Peak,0.08,14.9,8.2,0,0,0,0,0
2026-08-10 01:45:00,187.9,46.975,59.14,41.64,49.89,37.23,Off-Peak,0.08,15.8,7.9,0,0,0,0,0
2026-08-10 02:00:00,184.89,46.222,53.54,37.82,51.39,42.15,Off-Peak,0.08,15.0,5.0,0,0,0,0,0
2026-08-10 02:15:00,204.91,51.227,62.49,45.23,48.72,48.47,Off-Peak,0.08,13.6,10.7,0,0,0,0,0
2026-08-10 02:30:00,196.49,49.123,55.54,51.73,50.72,38.5,Off-Peak,0.08,14.0,8.0,0,0,0,0,0
2026-08-10 02:45:00,181.61,45.403,51.98,45.24,48.87,35.52,Off-Peak,0.08,14.4,7.3,0,0,0,0,0
2026-08-10 03:00:00,180.25,45.062,51.2,44.16,50.14,34.76,Off-Peak,0.08,16.2,7.0,0,0,0,0,0
2026-08-10 03:15:00,194.72,48.68,60.13,47.62,49.2,37.76,Off-Peak,0.08,15.6,5.9,0,0,0,0,0
2026-08-10 03:30:00,187.14,46.785,54.92,43.91,50.12,38.19,Off-Peak,0.08,15.4,9.2,0,0,0,0,0
2026-08-10 03:45:00,198.56,49.64,57.92,46.49,48.45,45.7,Off-Peak,0.08,15.4,3.8,0,0,0,0,0
2026-08-10 04:00:00,194.07,48.517,57.57,46.99,50.79,38.72,Off-Peak,0.08,16.0,5.9,0,0,0,0,0
2026-08-10 04:15:00,186.44,46.61,56.67,35.48,49.13,45.17,Off-Peak,0.08,16.5,7.5,0,0,0,0,0
2026-08-10 04:30:00,177.47,44.367,53.66,38.93,45.58,39.31,Off-Peak,0.08,15.8,6.8,0,0,0,0,0
2026-08-10 04:45:00,191.25,47.812,54.57,45.22,52.05,39.43,Off-Peak,0.08,16.8,7.9,0,0,0,0,0
2026-08-10 05:00:00,197.84,49.46,56.74,52.06,48.74,40.3,Off-Peak,0.08,16.6,7.4,0,0,0,0,0
2026-08-10 05:15:00,180.3,45.075,55.06,37.67,46.46,41.1,Off-Peak,0.08,17.7,6.0,0,0,0,0,0
2026-08-10 05:30:00,181.27,45.318,54.95,40.12,49.91,36.3,Off-Peak,0.08,17.4,8.4,0,0,0,0,0
2026-08-10 05:45:00,184.35,46.087,54.41,39.79,51.14,39.01,Off-Peak,0.08,19.2,5.3,0,0,0,0,0
2026-08-10 06:00:00,285.82,71.455,135.4,47.58,67.06,35.79,Off-Peak,0.08,18.1,9.7,0,1,0,0,0
2026-08-10 06:15:00,291.65,72.912,141.3,44.6,70.62,35.13,Off-Peak,0.08,19.0,7.4,0,1,0,0,0
2026-08-10 06:30:00,296.95,74.237,149.12,40.82,70.92,36.09,Off-Peak,0.08,20.8,7.7,0,1,0,1,0
2026-08-10 06:45:00,295.52,73.88,142.78,48.49,66.3,37.95,Off-Peak,0.08,20.1,7.3,0,1,0,1,0
2026-08-10 07:00:00,333.63,83.407,170.17,47.96,69.68,45.83,Off-Peak,0.08,20.6,95.5,0,1,0,1,0
2026-08-10 07:15:00,298.43,74.608,154.66,32.47,70.89,40.42,Off-Peak,0.08,19.2,86.1,0,1,0,1,0
2026-08-10 07:30:00,337.95,84.487,184.66,43.71,71.53,38.05,Off-Peak,0.08,20.9,85.8,0,1,1,1,0
2026-08-10 07:45:00,338.83,84.707,170.79,54.09,73.53,40.41,Off-Peak,0.08,21.8,85.8,0,1,1,1,0
2026-08-10 08:00:00,574.05,143.512,179.88,276.54,73.31,44.33,Normal,0.18,20.2,85.8,103,1,1,1,0
2026-08-10 08:15:00,553.55,138.387,165.46,282.64,66.25,39.2,Normal,0.18,20.5,91.6,126,1,1,1,0
2026-08-10 08:30:00,568.42,142.105,173.34,280.52,70.48,44.09,Normal,0.18,22.4,80.5,113,1,1,1,0
2026-08-10 08:45:00,561.23,140.308,178.91,273.7,64.29,44.33,Normal,0.18,22.5,93.5,116,1,1,1,0
2026-08-10 09:00:00,532.8,133.2,174.13,248.14,72.16,38.36,Normal,0.18,24.1,84.0,119,1,1,1,0
2026-08-10 09:15:00,563.43,140.857,181.59,272.95,71.84,37.06,Normal,0.18,23.5,87.7,116,1,1,1,0
2026-08-10 09:30:00,564.59,141.148,176.64,270.53,73.73,43.68,Normal,0.18,22.9,88.5,113,1,1,1,0
2026-08-10 09:45:00,558.28,139.57,181.86,269.53,68.04,38.84,Normal,0.18,24.6,88.6,124,1,1,1,0
2026-08-10 10:00:00,567.35,141.838,195.76,265.3,65.15,41.14,Normal,0.18,25.8,87.5,125,1,1,1,0
2026-08-10 10:15:00,557.14,139.285,189.07,257.49,65.56,45.02,Normal,0.18,24.0,99.5,110,1,1,1,0
2026-08-10 10:30:00,575.98,143.995,184.01,290.73,65.8,35.44,Normal,0.18,24.4,91.2,132,1,1,1,0
2026-08-10 10:45:00,589.84,147.46,191.24,296.38,69.79,32.43,Normal,0.18,25.4,98.7,125,1,1,1,0
2026-08-10 11:00:00,567.49,141.873,192.53,274.18,69.47,31.3,Normal,0.18,26.8,99.0,117,1,1,1,0
2026-08-10 11:15:00,597.72,149.43,205.02,286.09,69.3,37.32,Normal,0.18,27.7,93.5,115,1,1,1,0
2026-08-10 11:30:00,599.76,149.94,205.17,282.42,71.93,40.25,Normal,0.18,28.1,88.7,117,1,1,1,0
2026-08-10 11:45:00,598.69,149.673,207.93,286.05,67.1,37.61,Normal,0.18,28.4,95.3,130,1,1,1,0
2026-08-10 12:00:00,601.44,150.36,205.87,286.63,73.68,35.26,Normal,0.18,28.1,83.1,123,1,1,1,0
2026-08-10 12:15:00,569.3,142.325,198.49,256.83,71.48,42.5,Normal,0.18,27.2,98.7,130,1,1,1,0
2026-08-10 12:30:00,586.11,146.528,195.45,280.38,67.85,42.43,Normal,0.18,27.1,87.4,132,1,1,1,0
2026-08-10 12:45:00,625.97,156.493,201.29,310.81,67.56,46.32,Normal,0.18,28.5,98.0,109,1,1,1,0
2026-08-10 13:00:00,619.96,154.99,212.37,298.36,71.01,38.22,Normal,0.18,29.9,95.6,120,1,1,1,0
2026-08-10 13:15:00,592.41,148.102,205.15,270.42,74.96,41.87,Normal,0.18,29.4,84.2,138,1,1,1,0
2026-08-10 13:30:00,611.48,152.87,212.52,285.89,74.77,38.29,Normal,0.18,28.1,100.0,121,1,1,1,0
2026-08-10 13:45:00,601.03,150.257,207.87,284.6,67.01,41.56,Normal,0.18,29.3,92.8,122,1,1,1,0
2026-08-10 14:00:00,575.81,143.952,208.6,262.45,66.66,38.11,Normal,0.18,29.9,88.6,114,1,1,1,0
2026-08-10 14:15:00,570.37,142.593,203.25,256.22,73.42,37.49,Normal,0.18,28.8,98.7,134,1,1,1,0
2026-08-10 14:30:00,610.53,152.632,215.17,282.92,69.56,42.89,Normal,0.18,29.3,89.9,137,1,1,1,0
2026-08-10 14:45:00,600.07,150.018,209.63,281.75,73.21,35.48,Normal,0.18,30.9,92.6,97,1,1,1,0
2026-08-10 15:00:00,570.27,142.567,187.8,273.63,71.51,37.33,Normal,0.18,27.2,90.7,120,1,1,1,0
2026-08-10 15:15:00,615.6,153.9,206.83,292.26,72.86,43.66,Normal,0.18,29.3,84.8,119,1,1,1,0
2026-08-10 15:30:00,607.86,151.965,201.48,302.99,65.96,37.42,Normal,0.18,28.6,90.9,125,1,1,1,0
2026-08-10 15:45:00,618.5,154.625,202.69,302.5,70.22,43.08,Normal,0.18,28.0,96.8,120,1,1,1,0
2026-08-10 16:00:00,624.83,156.208,199.29,315.82,70.54,39.18,Normal,0.18,28.1,95.7,128,1,1,1,0
2026-08-10 16:15:00,572.96,143.24,203.67,257.37,70.55,41.36,Normal,0.18,28.5,89.1,117,1,1,1,0
2026-08-10 16:30:00,601.08,150.27,185.42,300.05,74.65,40.96,Normal,0.18,26.5,86.6,121,1,1,1,0
2026-08-10 16:45:00,561.32,140.33,193.86,256.78,70.79,39.88,Normal,0.18,27.2,88.9,122,1,1,1,0
2026-08-10 17:00:00,591.24,147.81,193.33,291.07,66.57,40.26,Normal,0.18,26.8,85.6,102,1,1,1,0
2026-08-10 17:15:00,581.84,145.46,186.09,285.25,67.31,43.19,Normal,0.18,26.1,90.6,119,1,1,1,0
2026-08-10 17:30:00,567.36,141.84,197.52,261.02,71.44,37.38,Normal,0.18,26.7,85.2,77,1,1,1,0
2026-08-10 17:45:00,579.09,144.773,194.16,274.84,69.66,40.44,Normal,0.18,26.5,84.0,93,1,1,1,0
2026-08-10 18:00:00,601.78,150.445,196.12,302.47,67.55,35.63,Peak,0.35,26.7,83.7,76,1,0,1,0
2026-08-10 18:15:00,560.0,140.0,185.65,262.79,73.27,38.29,Peak,0.35,26.6,87.1,104,1,0,1,0
2026-08-10 18:30:00,580.59,145.148,179.23,290.25,71.77,39.34,Peak,0.35,24.3,86.1,91,0,0,1,0
2026-08-10 18:45:00,562.53,140.632,182.07,266.94,72.17,41.35,Peak,0.35,25.8,81.2,83,0,0,1,0
2026-08-10 19:00:00,546.62,136.655,177.04,256.53,70.43,42.61,Peak,0.35,23.7,22.2,86,0,0,1,0
2026-08-10 19:15:00,575.03,143.757,186.51,277.69,69.51,41.32,Peak,0.35,24.6,21.9,92,0,0,1,0
2026-08-10 19:30:00,323.01,80.752,173.43,43.68,69.53,36.37,Peak,0.35,22.6,18.5,0,0,0,1,0
2026-08-10 19:45:00,335.75,83.938,181.61,43.47,64.81,45.86,Peak,0.35,23.7,23.9,0,0,0,1,0
2026-08-10 20:00:00,335.47,83.868,170.86,50.84,69.93,43.84,Peak,0.35,22.0,17.8,0,0,0,0,0
2026-08-10 20:15:00,318.67,79.668,167.47,49.79,61.86,39.55,Peak,0.35,22.4,15.5,0,0,0,0,0
2026-08-10 20:30:00,306.5,76.625,158.24,43.21,68.34,36.71,Peak,0.35,19.9,16.1,0,0,0,0,0
2026-08-10 20:45:00,327.39,81.847,165.3,52.91,68.8,40.39,Peak,0.35,22.5,21.9,0,0,0,0,0
2026-08-10 21:00:00,315.82,78.955,165.54,45.63,68.57,36.09,Peak,0.35,20.1,13.0,0,0,0,0,0
2026-08-10 21:15:00,308.05,77.013,155.72,39.02,69.2,44.11,Peak,0.35,19.0,8.8,0,0,0,0,0
2026-08-10 21:30:00,325.81,81.453,160.83,54.4,71.56,39.02,Peak,0.35,20.3,12.4,0,0,0,0,0
2026-08-10 21:45:00,305.71,76.427,154.08,41.84,70.87,38.91,Peak,0.35,17.8,12.4,0,0,0,0,0
2026-08-10 22:00:00,193.08,48.27,54.33,49.85,48.74,40.16,Off-Peak,0.08,18.4,3.0,0,0,0,0,0
2026-08-10 22:15:00,190.11,47.528,54.35,40.3,52.67,42.79,Off-Peak,0.08,17.5,8.7,0,0,0,0,0
2026-08-10 22:30:00,194.46,48.615,56.61,48.21,46.61,43.02,Off-Peak,0.08,17.3,9.0,0,0,0,0,0
2026-08-10 22:45:00,192.03,48.008,62.91,46.51,49.23,33.38,Off-Peak,0.08,16.9,7.3,0,0,0,0,0
2026-08-10 23:00:00,190.49,47.623,51.99,43.34,52.83,42.32,Off-Peak,0.08,18.2,5.3,0,0,0,0,0
2026-08-10 23:15:00,191.95,47.987,53.2,45.7,50.15,42.91,Off-Peak,0.08,16.6,8.6,0,0,0,0,0
2026-08-10 23:30:00,189.19,47.297,53.91,48.71,49.82,36.75,Off-Peak,0.08,17.2,9.0,0,0,0,0,0
2026-08-10 23:45:00,189.56,47.39,57.73,44.08,47.58,40.17,Off-Peak,0.08,15.9,8.2,0,0,0,0,0
2026-08-11 00:00:00,194.82,48.705,57.76,50.09,48.81,38.15,Off-Peak,0.08,16.0,8.4,0,0,0,0,0
2026-08-11 00:15:00,196.69,49.172,59.35,43.42,49.52,44.4,Off-Peak,0.08,14.9,9.4,0,0,0,0,0
2026-08-11 00:30:00,184.56,46.14,51.43,48.39,48.14,36.6,Off-Peak,0.08,15.9,8.9,0,0,0,0,0
2026-08-11 00:45:00,187.43,46.858,54.34,37.8,51.92,43.38,Off-Peak,0.08,15.1,6.8,0,0,0,0,0
2026-08-11 01:00:00,191.8,47.95,52.57,49.28,49.86,40.09,Off-Peak,0.08,13.7,10.0,0,0,0,0,0
2026-08-11 01:15:00,193.67,48.417,51.28,48.04,52.2,42.15,Off-Peak,0.08,15.0,10.4,0,0,0,0,0
2026-08-11 01:30:00,194.79,48.697,57.87,44.47,52.47,39.98,Off-Peak,0.08,16.9,6.9,0,0,0,0,0
2026-08-11 01:45:00,182.29,45.572,53.53,37.94,48.97,41.86,Off-Peak,0.08,14.7,10.6,0,0,0,0,0
2026-08-11 02:00:00,185.41,46.352,58.95,38.21,49.11,39.13,Off-Peak,0.08,16.1,8.2,0,0,0,0,0
2026-08-11 02:15:00,189.99,47.498,57.07,42.78,50.28,39.86,Off-Peak,0.08,14.9,8.2,0,0,0,0,0
2026-08-11 02:30:00,189.03,47.258,54.57,44.17,50.06,40.23,Off-Peak,0.08,14.3,7.8,0,0,0,0,0
2026-08-11 02:45:00,185.33,46.333,51.49,41.4,55.56,36.89,Off-Peak,0.08,14.8,10.5,0,0,0,0,0
2026-08-11 03:00:00,182.25,45.562,48.77,43.82,54.29,35.37,Off-Peak,0.08,14.2,9.5,0,0,0,0,0
2026-08-11 03:15:00,199.34,49.835,57.7,50.62,48.97,42.05,Off-Peak,0.08,13.8,5.0,0,0,0,0,0
2026-08-11 03:30:00,174.83,43.708,54.26,33.49,48.36,38.72,Off-Peak,0.08,16.6,11.6,0,0,0,0,0
2026-08-11 03:45:00,202.68,50.67,58.36,51.37,49.66,43.3,Off-Peak,0.08,15.5,7.6,0,0,0,0,0
2026-08-11 04:00:00,192.88,48.22,57.72,45.36,54.12,35.68,Off-Peak,0.08,16.2,8.1,0,0,0,0,0
2026-08-11 04:15:00,193.34,48.335,56.32,51.34,49.95,35.73,Off-Peak,0.08,15.8,7.7,0,0,0,0,0
2026-08-11 04:30:00,178.98,44.745,49.17,44.98,46.82,38.01,Off-Peak,0.08,17.1,9.5,0,0,0,0,0
2026-08-11 04:45:00,181.38,45.345,55.35,38.57,51.76,35.7,Off-Peak,0.08,16.0,9.6,0,0,0,0,0
2026-08-11 05:00:00,196.48,49.12,53.9,47.52,51.04,44.01,Off-Peak,0.08,17.3,6.4,0,0,0,0,0
2026-08-11 05:15:00,190.18,47.545,53.69,45.91,50.88,39.71,Off-Peak,0.08,17.3,8.6,0,0,0,0,0
2026-08-11 05:30:00,189.55,47.388,56.09,41.6,47.43,44.43,Off-Peak,0.08,16.3,8.7,0,0,0,0,0
2026-08-11 05:45:00,185.5,46.375,51.59,40.89,52.61,40.41,Off-Peak,0.08,18.5,7.5,0,0,0,0,0
2026-08-11 06:00:00,296.03,74.007,130.87,52.5,74.06,38.6,Off-Peak,0.08,18.1,9.0,0,1,0,0,0
2026-08-11 06:15:00,274.75,68.688,127.03,38.3,70.41,39.02,Off-Peak,0.08,18.4,2.8,0,1,0,0,0
2026-08-11 06:30:00,289.29,72.323,137.74,47.64,64.3,39.62,Off-Peak,0.08,18.2,7.4,0,1,0,1,0
2026-08-11 06:45:00,288.26,72.065,141.43,40.51,67.7,38.62,Off-Peak,0.08,18.6,9.8,0,1,0,1,0
2026-08-11 07:00:00,312.88,78.22,158.18,49.85,66.7,38.14,Off-Peak,0.08,18.4,86.7,0,1,0,1,0
2026-08-11 07:15:00,314.25,78.562,156.0,49.98,67.91,40.37,Off-Peak,0.08,19.4,80.6,0,1,0,1,0
2026-08-11 07:30:00,323.07,80.767,166.27,48.0,66.38,42.43,Off-Peak,0.08,20.8,80.0,0,1,1,1,0
2026-08-11 07:45:00,322.32,80.58,171.46,41.68,70.11,39.06,Off-Peak,0.08,20.9,84.5,0,1,1,1,0
2026-08-11 08:00:00,561.59,140.398,161.97,289.24,73.11,37.27,Normal,0.18,22.1,75.7,134,1,1,1,0
2026-08-11 08:15:00,565.66,141.415,171.04,275.01,72.11,47.5,Normal,0.18,23.0,78.1,110,1,1,1,0
2026-08-11 08:30:00,563.38,140.845,182.11,266.4,72.87,41.99,Normal,0.18,23.2,95.4,124,1,1,1,0
2026-08-11 08:45:00,569.6,142.4,184.92,274.63,73.68,36.37,Normal,0.18,24.2,95.3,110,1,1,1,0
2026-08-11 09:00:00,589.59,147.398,191.61,287.37,66.33,44.27,Normal,0.18,24.7,88.7,123,1,1,1,0
2026-08-11 09:15:00,566.95,141.738,182.0,269.44,75.08,40.43,Normal,0.18,23.6,89.0,120,1,1,1,0
2026-08-11 09:30:00,589.29,147.322,182.97,292.11,73.36,40.85,Normal,0.18,24.4,90.7,118,1,1,1,0
2026-08-11 09:45:00,594.9,148.725,189.62,286.9,74.62,43.77,Normal,0.18,25.1,87.6,130,1,1,1,0
2026-08-11 10:00:00,552.51,138.127,185.04,264.65,70.84,31.98,Normal,0.18,24.7,95.6,119,1,1,1,0
2026-08-11 10:15:00,563.77,140.942,183.12,267.73,71.17,41.75,Normal,0.18,26.0,90.7,133,1,1,1,0
2026-08-11 10:30:00,563.64,140.91,191.67,258.96,69.68,43.34,Normal,0.18,26.6,89.2,128,1,1,1,0
2026-08-11 10:45:00,608.66,152.165,194.53,302.07,69.93,42.12,Normal,0.18,26.4,100.0,119,1,1,1,0
2026-08-11 11:00:00,573.04,143.26,197.83,260.19,76.43,38.59,Normal,0.18,27.1,100.0,132,1,1,1,0
2026-08-11 11:15:00,566.71,141.678,196.44,264.88,70.76,34.62,Normal,0.18,27.4,99.7,96,1,1,1,0
2026-08-11 11:30:00,568.52,142.13,196.58,256.85,74.78,40.31,Normal,0.18,27.3,95.5,118,1,1,1,0
2026-08-11 11:45:00,571.01,142.752,196.13,262.33,74.41,38.13,Normal,0.18,27.1,95.8,122,1,1,1,0
2026-08-11 12:00:00,601.72,150.43,189.29,306.11,66.13,40.18,Normal,0.18,27.7,91.6,125,1,1,1,0
2026-08-11 12:15:00,585.83,146.458,194.76,282.82,67.64,40.61,Normal,0.18,28.2,86.3,130,1,1,1,0
2026-08-11 12:30:00,604.12,151.03,203.78,279.97,73.27,47.1,Normal,0.18,27.5,100.0,118,1,1,1,0
2026-08-11 12:45:00,578.81,144.702,197.51,279.41,68.04,33.85,Normal,0.18,26.7,95.9,106,1,1,1,0
2026-08-11 13:00:00,596.55,149.137,203.29,286.6,65.3,41.37,Normal,0.18,29.1,100.0,111,1,1,1,0
2026-08-11 13:15:00,579.06,144.765,197.75,274.1,71.15,36.06,Normal,0.18,28.6,91.2,99,1,1,1,0
2026-08-11 13:30:00,609.79,152.447,197.41,306.95,67.44,37.99,Normal,0.18,28.6,94.7,125,1,1,1,0
2026-08-11 13:45:00,603.03,150.757,210.28,283.01,70.77,38.97,Normal,0.18,29.4,90.1,126,1,1,1,0
2026-08-11 14:00:00,611.51,152.877,197.91,303.04,69.67,40.9,Normal,0.18,28.6,100.0,112,1,1,1,0
2026-08-11 14:15:00,571.12,142.78,199.39,266.14,66.24,39.36,Normal,0.18,29.7,80.9,134,1,1,1,0
2026-08-11 14:30:00,602.65,150.662,205.65,281.86,72.81,42.33,Normal,0.18,29.1,90.9,102,1,1,1,0
2026-08-11 14:45:00,595.18,148.795,199.16,284.02,72.15,39.85,Normal,0.18,28.3,91.2,108,1,1,1,0
2026-08-11 15:00:00,578.99,144.748,198.85,269.46,69.29,41.4,Normal,0.18,27.4,90.2,109,1,1,1,0
2026-08-11 15:15:00,582.52,145.63,201.74,267.64,73.57,39.56,Normal,0.18,29.4,99.0,118,1,1,1,0
2026-08-11 15:30:00,591.14,147.785,197.14,280.49,74.39,39.13,Normal,0.18,28.3,87.1,126,1,1,1,0
2026-08-11 15:45:00,595.88,148.97,196.07,286.91,73.15,39.76,Normal,0.18,29.4,93.9,123,1,1,1,0
2026-08-11 16:00:00,559.69,139.923,204.98,242.61,68.5,43.59,Normal,0.18,28.5,97.5,116,1,1,1,0
2026-08-11 16:15:00,581.49,145.373,206.35,266.74,70.44,37.96,Normal,0.18,27.0,100.0,129,1,1,1,0
2026-08-11 16:30:00,583.58,145.895,215.31,264.58,64.87,38.82,Normal,0.18,28.2,92.7,117,1,1,1,0
2026-08-11 16:45:00,582.57,145.643,186.86,287.77,68.48,39.46,Normal,0.18,26.5,85.9,112,1,1,1,0
2026-08-11 17:00:00,541.53,135.382,184.79,244.23,71.04,41.48,Normal,0.18,26.7,91.8,120,1,1,1,0
2026-08-11 17:15:00,606.98,151.745,197.1,305.01,63.63,41.24,Normal,0.18,27.3,88.4,121,1,1,1,0
2026-08-11 17:30:00,576.22,144.055,195.87,280.5,63.35,36.5,Normal,0.18,27.6,85.7,95,1,1,1,0
2026-08-11 17:45:00,588.59,147.148,197.42,277.54,73.61,40.03,Normal,0.18,26.6,89.8,83,1,1,1,0
2026-08-11 18:00:00,581.45,145.363,182.77,290.31,69.73,38.64,Peak,0.35,26.3,81.9,84,1,0,1,0
2026-08-11 18:15:00,606.34,151.585,189.91,303.59,69.15,43.69,Peak,0.35,24.9,93.9,83,1,0,1,0
2026-08-11 18:30:00,555.73,138.933,168.27,278.1,67.27,42.09,Peak,0.35,22.8,94.7,81,0,0,1,0
2026-08-11 18:45:00,531.19,132.798,176.53,248.4,65.73,40.54,Peak,0.35,24.6,78.5,79,0,0,1,0
2026-08-11 19:00:00,563.39,140.847,170.07,271.85,75.98,45.5,Peak,0.35,22.2,20.6,96,0,0,1,0
2026-08-11 19:15:00,558.35,139.588,170.37,279.82,69.48,38.69,Peak,0.35,24.0,22.0,78,0,0,1,0
2026-08-11 19:30:00,317.48,79.37,170.89,39.12,72.78,34.69,Peak,0.35,22.0,22.8,0,0,0,1,0
2026-08-11 19:45:00,321.03,80.257,165.8,42.17,75.61,37.45,Peak,0.35,22.0,20.5,0,0,0,1,0
2026-08-11 20:00:00,340.24,85.06,178.25,47.38,77.59,37.02,Peak,0.35,24.0,21.3,0,0,0,0,0
2026-08-11 20:15:00,314.59,78.647,163.07,36.37,70.07,45.08,Peak,0.35,20.6,16.5,0,0,0,0,0
2026-08-11 20:30:00,324.9,81.225,162.34,49.49,67.52,45.54,Peak,0.35,21.2,16.6,0,0,0,0,0
2026-08-11 20:45:00,330.78,82.695,169.76,50.15,73.28,37.58,Peak,0.35,22.2,17.0,0,0,0,0,0
2026-08-11 21:00:00,313.91,78.478,161.0,48.33,65.95,38.63,Peak,0.35,19.8,11.0,0,0,0,0,0
2026-08-11 21:15:00,302.33,75.582,156.78,41.33,69.1,35.12,Peak,0.35,18.7,11.1,0,0,0,0,0
2026-08-11 21:30:00,306.13,76.532,153.97,44.05,70.54,37.56,Peak,0.35,19.5,12.4,0,0,0,0,0
2026-08-11 21:45:00,314.72,78.68,146.59,44.52,73.03,50.59,Peak,0.35,17.7,16.7,0,0,0,0,0
2026-08-11 22:00:00,180.37,45.093,52.88,42.31,48.56,36.62,Off-Peak,0.08,17.5,8.9,0,0,0,0,0
2026-08-11 22:15:00,192.56,48.14,57.84,45.28,50.84,38.6,Off-Peak,0.08,18.1,5.1,0,0,0,0,0
2026-08-11 22:30:00,180.33,45.083,51.51,43.21,48.28,37.33,Off-Peak,0.08,17.4,8.6,0,0,0,0,0
2026-08-11 22:45:00,192.04,48.01,52.94,50.82,52.14,36.14,Off-Peak,0.08,15.7,10.7,0,0,0,0,0
2026-08-11 23:00:00,193.72,48.43,60.25,44.84,50.51,38.11,Off-Peak,0.08,16.2,13.1,0,0,0,0,0
2026-08-11 23:15:00,173.94,43.485,48.9,38.39,50.04,36.61,Off-Peak,0.08,17.1,6.6,0,0,0,0,0
2026-08-11 23:30:00,192.38,48.095,52.65,49.27,50.49,39.97,Off-Peak,0.08,16.4,5.9,0,0,0,0,0
2026-08-11 23:45:00,187.28,46.82,59.34,42.7,49.14,36.1,Off-Peak,0.08,16.9,9.0,0,0,0,0,0
2026-08-12 00:00:00,198.36,49.59,58.9,49.8,46.41,43.25,Off-Peak,0.08,15.6,9.9,0,0,0,0,0
2026-08-12 00:15:00,193.26,48.315,53.9,48.51,47.34,43.51,Off-Peak,0.08,14.3,9.8,0,0,0,0,0
2026-08-12 00:30:00,183.84,45.96,52.01,36.23,50.19,45.42,Off-Peak,0.08,14.4,6.7,0,0,0,0,0
2026-08-12 00:45:00,194.48,48.62,58.35,46.16,51.0,38.97,Off-Peak,0.08,17.5,8.2,0,0,0,0,0
2026-08-12 01:00:00,190.24,47.56,53.26,44.61,49.88,42.48,Off-Peak,0.08,15.4,9.1,0,0,0,0,0
2026-08-12 01:15:00,204.33,51.083,60.74,50.82,52.7,40.07,Off-Peak,0.08,14.3,7.9,0,0,0,0,0
2026-08-12 01:30:00,186.22,46.555,59.68,35.24,47.37,43.93,Off-Peak,0.08,15.3,10.0,0,0,0,0,0
2026-08-12 01:45:00,186.93,46.733,51.24,42.22,47.2,46.27,Off-Peak,0.08,14.8,6.7,0,0,0,0,0
2026-08-12 02:00:00,201.69,50.422,56.76,49.81,51.89,43.22,Off-Peak,0.08,15.0,7.9,0,0,0,0,0
2026-08-12 02:15:00,190.86,47.715,57.31,42.36,49.99,41.2,Off-Peak,0.08,14.5,7.4,0,0,0,0,0
2026-08-12 02:30:00,194.72,48.68,57.14,43.83,51.41,42.33,Off-Peak,0.08,15.7,4.4,0,0,0,0,0
2026-08-12 02:45:00,201.94,50.485,59.04,52.22,50.58,40.1,Off-Peak,0.08,16.4,10.7,0,0,0,0,0
2026-08-12 03:00:00,188.46,47.115,54.07,47.02,49.93,37.44,Off-Peak,0.08,15.9,9.5,0,0,0,0,0
2026-08-12 03:15:00,187.0,46.75,61.15,36.87,48.89,40.1,Off-Peak,0.08,16.4,8.1,0,0,0,0,0
2026-08-12 03:30:00,183.95,45.987,55.93,39.36,47.69,40.97,Off-Peak,0.08,16.4,8.8,0,0,0,0,0
2026-08-12 03:45:00,193.47,48.367,56.5,40.09,53.21,43.67,Off-Peak,0.08,14.6,6.9,0,0,0,0,0
2026-08-12 04:00:00,179.52,44.88,48.14,41.09,51.53,38.76,Off-Peak,0.08,14.7,6.1,0,0,0,0,0
2026-08-12 04:15:00,189.36,47.34,57.39,42.22,50.02,39.72,Off-Peak,0.08,16.5,5.0,0,0,0,0,0
2026-08-12 04:30:00,197.97,49.492,57.9,46.99,52.1,40.97,Off-Peak,0.08,15.4,5.7,0,0,0,0,0
2026-08-12 04:45:00,195.02,48.755,54.19,44.86,53.91,42.06,Off-Peak,0.08,16.9,4.5,0,0,0,0,0
2026-08-12 05:00:00,186.11,46.528,52.87,45.59,50.47,37.18,Off-Peak,0.08,18.3,9.2,0,0,0,0,0
2026-08-12 05:15:00,184.01,46.002,59.82,34.6,52.41,37.19,Off-Peak,0.08,17.1,7.6,0,0,0,0,0
2026-08-12 05:30:00,206.25,51.562,57.2,51.27,51.6,46.18,Off-Peak,0.08,16.6,10.4,0,0,0,0,0
2026-08-12 05:45:00,193.73,48.432,56.03,51.22,48.44,38.04,Off-Peak,0.08,18.6,7.7,0,0,0,0,0
2026-08-12 06:00:00,283.16,70.79,134.84,35.57,70.16,42.6,Off-Peak,0.08,18.3,3.8,0,1,0,0,0
2026-08-12 06:15:00,288.03,72.007,130.19,50.96,72.03,34.85,Off-Peak,0.08,18.5,11.4,0,1,0,0,0
2026-08-12 06:30:00,290.86,72.715,143.93,37.96,69.34,39.62,Off-Peak,0.08,21.5,7.9,0,1,0,1,0
2026-08-12 06:45:00,291.52,72.88,144.72,43.06,64.2,39.55,Off-Peak,0.08,19.8,7.4,0,1,0,1,0
2026-08-12 07:00:00,311.22,77.805,154.31,45.82,73.94,37.15,Off-Peak,0.08,18.3,86.8,0,1,0,1,0
2026-08-12 07:15:00,332.46,83.115,179.75,43.17,67.48,42.06,Off-Peak,0.08,21.5,83.5,0,1,0,1,0
2026-08-12 07:30:00,318.19,79.547,165.19,44.78,74.03,34.2,Off-Peak,0.08,20.7,82.1,0,1,1,1,0
2026-08-12 07:45:00,335.01,83.752,174.23,51.55,69.78,39.45,Off-Peak,0.08,21.6,90.1,0,1,1,1,0
2026-08-12 08:00:00,568.32,142.08,174.37,287.74,68.04,38.17,Normal,0.18,22.5,88.1,139,1,1,1,0
2026-08-12 08:15:00,551.52,137.88,160.53,285.93,70.1,34.96,Normal,0.18,22.0,95.0,135,1,1,1,0
2026-08-12 08:30:00,566.26,141.565,183.04,268.93,72.06,42.22,Normal,0.18,23.4,75.6,127,1,1,1,0
2026-08-12 08:45:00,556.39,139.097,181.79,268.37,67.44,38.79,Normal,0.18,23.1,79.1,117,1,1,1,0
2026-08-12 09:00:00,571.89,142.972,178.28,278.26,75.69,39.66,Normal,0.18,24.3,83.3,120,1,1,1,0
2026-08-12 09:15:00,585.66,146.415,181.41,289.05,74.12,41.08,Normal,0.18,23.9,89.3,114,1,1,1,0
2026-08-12 09:30:00,569.21,142.303,185.2,274.62,72.19,37.21,Normal,0.18,24.3,87.5,143,1,1,1,0
2026-08-12 09:45:00,542.56,135.64,182.36,249.62,70.47,40.1,Normal,0.18,23.4,100.0,136,1,1,1,0
2026-08-12 10:00:00,584.03,146.007,194.71,278.43,75.33,35.56,Normal,0.18,26.1,93.6,111,1,1,1,0
2026-08-12 10:15:00,599.37,149.843,187.37,302.34,66.19,43.46,Normal,0.18,24.5,93.3,119,1,1,1,0
2026-08-12 10:30:00,589.6,147.4,188.25,288.46,68.23,44.67,Normal,0.18,25.2,90.9,115,1,1,1,0
2026-08-12 10:45:00,626.93,156.732,193.56,326.77,69.96,36.64,Normal,0.18,27.5,81.9,108,1,1,1,0
2026-08-12 11:00:00,610.44,152.61,192.21,305.31,70.74,42.18,Normal,0.18,27.1,97.0,129,1,1,1,0
2026-08-12 11:15:00,567.95,141.988,192.17,265.05,72.06,38.67,Normal,0.18,27.1,95.4,87,1,1,1,0
2026-08-12 11:30:00,578.54,144.635,198.28,270.56,69.65,40.05,Normal,0.18,26.9,91.0,118,1,1,1,0
2026-08-12 11:45:00,617.0,154.25,204.88,294.5,72.16,45.46,Normal,0.18,28.1,90.8,143,1,1,1,0
2026-08-12 12:00:00,605.71,151.428,210.3,280.18,71.16,44.08,Normal,0.18,27.6,100.0,99,1,1,1,0
2026-08-12 12:15:00,578.43,144.607,205.38,267.49,64.85,40.71,Normal,0.18,29.0,95.2,117,1,1,1,0
2026-08-12 12:30:00,591.66,147.915,200.61,278.99,69.75,42.31,Normal,0.18,29.6,91.4,128,1,1,1,0
2026-08-12 12:45:00,596.01,149.002,215.49,264.15,73.23,43.14,Normal,0.18,30.2,94.8,120,1,1,1,0
2026-08-12 13:00:00,564.44,141.11,190.0,265.33,70.37,38.74,Normal,0.18,26.4,91.8,111,1,1,1,0
2026-08-12 13:15:00,581.79,145.447,199.87,272.28,68.63,41.02,Normal,0.18,28.3,100.0,118,1,1,1,0
2026-08-12 13:30:00,575.58,143.895,203.78,265.42,68.65,37.73,Normal,0.18,29.8,100.0,114,1,1,1,0
2026-08-12 13:45:00,602.01,150.502,197.72,298.65,71.07,34.57,Normal,0.18,28.1,100.0,117,1,1,1,0
2026-08-12 14:00:00,611.05,152.762,205.68,290.61,73.53,41.22,Normal,0.18,28.6,95.9,117,1,1,1,0
2026-08-12 14:15:00,639.19,159.798,226.63,300.93,70.73,40.9,Normal,0.18,31.3,98.1,143,1,1,1,0
2026-08-12 14:30:00,609.0,152.25,201.4,298.16,68.2,41.24,Normal,0.18,28.9,85.5,112,1,1,1,0
2026-08-12 14:45:00,568.81,142.202,196.57,260.69,67.3,44.26,Normal,0.18,28.5,88.9,122,1,1,1,0
2026-08-12 15:00:00,613.05,153.262,209.86,292.96,70.92,39.31,Normal,0.18,28.4,99.6,124,1,1,1,0
2026-08-12 15:15:00,593.45,148.363,206.37,271.67,73.11,42.29,Normal,0.18,28.0,96.6,118,1,1,1,0
2026-08-12 15:30:00,581.89,145.472,197.92,280.87,68.82,34.27,Normal,0.18,27.4,90.4,126,1,1,1,0
2026-08-12 15:45:00,606.07,151.518,206.13,285.96,72.79,41.19,Normal,0.18,28.6,95.6,104,1,1,1,0
2026-08-12 16:00:00,596.5,149.125,197.96,284.72,71.32,42.5,Normal,0.18,27.9,93.6,121,1,1,1,0
2026-08-12 16:15:00,561.33,140.333,194.28,252.46,74.17,40.43,Normal,0.18,26.8,89.9,130,1,1,1,0
2026-08-12 16:30:00,585.75,146.438,195.84,277.24,67.68,45.0,Normal,0.18,27.0,94.0,135,1,1,1,0
2026-08-12 16:45:00,589.23,147.308,197.25,281.46,69.32,41.2,Normal,0.18,25.8,96.5,119,1,1,1,0
2026-08-12 17:00:00,580.8,145.2,195.83,276.28,68.72,39.97,Normal,0.18,27.6,85.4,126,1,1,1,0
2026-08-12 17:15:00,555.1,138.775,186.72,262.44,70.61,35.33,Normal,0.18,25.2,92.1,109,1,1,1,0
2026-08-12 17:30:00,581.45,145.363,189.53,284.41,67.68,39.83,Normal,0.18,26.6,84.2,93,1,1,1,0
2026-08-12 17:45:00,600.65,150.162,199.66,291.82,64.66,44.51,Normal,0.18,27.3,100.0,111,1,1,1,0
2026-08-12 18:00:00,579.97,144.993,193.73,276.18,68.63,41.43,Peak,0.35,26.1,85.2,96,1,0,1,0
2026-08-12 18:15:00,570.08,142.52,174.58,291.39,68.15,35.96,Peak,0.35,24.3,81.7,89,1,0,1,0
2026-08-12 18:30:00,562.38,140.595,187.36,267.09,69.03,38.9,Peak,0.35,23.7,80.5,102,0,0,1,0
2026-08-12 18:45:00,590.38,147.595,176.36,299.12,69.71,45.19,Peak,0.35,25.0,84.1,107,0,0,1,0
2026-08-12 19:00:00,563.57,140.893,178.66,274.7,69.32,40.89,Peak,0.35,22.0,25.6,106,0,0,1,0
2026-08-12 19:15:00,557.1,139.275,171.44,270.59,73.69,41.38,Peak,0.35,22.9,22.8,104,0,0,1,0
2026-08-12 19:30:00,319.48,79.87,169.15,45.01,66.82,38.5,Peak,0.35,22.7,20.2,0,0,0,1,0
2026-08-12 19:45:00,314.98,78.745,155.33,44.1,75.18,40.37,Peak,0.35,22.0,27.6,0,0,0,1,0
2026-08-12 20:00:00,310.46,77.615,168.38,33.79,70.62,37.67,Peak,0.35,22.6,20.3,0,0,0,0,0
2026-08-12 20:15:00,339.06,84.765,172.78,57.02,70.65,38.61,Peak,0.35,20.9,17.3,0,0,0,0,0
2026-08-12 20:30:00,318.2,79.55,169.56,43.76,62.86,42.01,Peak,0.35,20.1,18.9,0,0,0,0,0
2026-08-12 20:45:00,321.95,80.487,167.28,47.26,69.78,37.63,Peak,0.35,21.4,11.5,0,0,0,0,0
2026-08-12 21:00:00,307.46,76.865,157.08,34.75,73.78,41.85,Peak,0.35,21.0,13.8,0,0,0,0,0
2026-08-12 21:15:00,298.51,74.627,156.55,39.62,68.71,33.64,Peak,0.35,19.8,12.4,0,0,0,0,0
2026-08-12 21:30:00,318.58,79.645,157.35,44.8,72.38,44.05,Peak,0.35,18.7,11.6,0,0,0,0,0
2026-08-12 21:45:00,316.29,79.073,158.94,40.1,72.22,45.04,Peak,0.35,19.8,12.7,0,0,0,0,0
2026-08-12 22:00:00,182.16,45.54,50.42,39.23,51.71,40.79,Off-Peak,0.08,18.8,11.8,0,0,0,0,0
2026-08-12 22:15:00,179.88,44.97,52.4,43.93,46.93,36.61,Off-Peak,0.08,19.2,8.0,0,0,0,0,0
2026-08-12 22:30:00,178.09,44.523,56.09,36.39,49.28,36.33,Off-Peak,0.08,18.5,9.7,0,0,0,0,0
2026-08-12 22:45:00,190.06,47.515,51.74,45.15,48.72,44.45,Off-Peak,0.08,18.3,6.8,0,0,0,0,0
2026-08-12 23:00:00,177.98,44.495,48.54,44.85,48.88,35.71,Off-Peak,0.08,16.5,5.2,0,0,0,0,0
2026-08-12 23:15:00,195.59,48.898,54.92,51.82,51.33,37.53,Off-Peak,0.08,17.7,9.3,0,0,0,0,0
2026-08-12 23:30:00,192.17,48.042,56.19,45.85,48.31,41.82,Off-Peak,0.08,15.6,9.6,0,0,0,0,0
2026-08-12 23:45:00,184.73,46.182,59.34,41.7,46.85,36.84,Off-Peak,0.08,15.6,7.8,0,0,0,0,0
2026-08-13 00:00:00,185.49,46.373,54.61,42.45,50.97,37.45,Off-Peak,0.08,16.7,8.5,0,0,0,0,0
2026-08-13 00:15:00,183.22,45.805,52.31,41.81,49.25,39.85,Off-Peak,0.08,16.0,6.5,0,0,0,0,0
2026-08-13 00:30:00,185.39,46.347,52.58,43.04,53.01,36.76,Off-Peak,0.08,15.7,2.0,0,0,0,0,0
2026-08-13 00:45:00,184.91,46.227,51.06,46.97,48.4,38.49,Off-Peak,0.08,15.5,11.0,0,0,0,0,0
2026-08-13 01:00:00,206.07,51.517,63.17,49.22,52.2,41.48,Off-Peak,0.08,14.6,6.5,0,0,0,0,0
2026-08-13 01:15:00,193.0,48.25,58.22,40.73,51.93,42.11,Off-Peak,0.08,13.8,8.8,0,0,0,0,0
2026-08-13 01:30:00,182.28,45.57,51.71,43.19,52.87,34.51,Off-Peak,0.08,16.5,7.2,0,0,0,0,0
2026-08-13 01:45:00,188.94,47.235,53.67,45.04,51.89,38.34,Off-Peak,0.08,13.4,8.2,0,0,0,0,0
2026-08-13 02:00:00,182.77,45.693,52.01,39.7,52.21,38.85,Off-Peak,0.08,13.5,12.1,0,0,0,0,0
2026-08-13 02:15:00,188.22,47.055,58.25,43.33,53.04,33.59,Off-Peak,0.08,15.0,9.0,0,0,0,0,0
2026-08-13 02:30:00,195.47,48.867,59.12,45.71,48.65,41.99,Off-Peak,0.08,15.7,6.3,0,0,0,0,0
2026-08-13 02:45:00,184.36,46.09,51.91,42.58,49.99,39.88,Off-Peak,0.08,15.8,9.3,0,0,0,0,0
2026-08-13 03:00:00,185.65,46.413,56.0,43.55,48.32,37.77,Off-Peak,0.08,15.8,4.0,0,0,0,0,0
2026-08-13 03:15:00,182.17,45.542,52.9,40.62,51.07,37.58,Off-Peak,0.08,15.2,2.0,0,0,0,0,0
2026-08-13 03:30:00,198.12,49.53,57.98,49.51,49.0,41.63,Off-Peak,0.08,15.4,11.1,0,0,0,0,0
2026-08-13 03:45:00,190.75,47.688,56.23,42.02,52.99,39.52,Off-Peak,0.08,15.5,7.6,0,0,0,0,0
2026-08-13 04:00:00,189.49,47.373,58.09,37.96,50.89,42.55,Off-Peak,0.08,16.4,10.9,0,0,0,0,0
2026-08-13 04:15:00,190.58,47.645,53.03,49.97,48.48,39.1,Off-Peak,0.08,16.9,5.8,0,0,0,0,0
2026-08-13 04:30:00,180.1,45.025,52.82,40.61,50.67,36.0,Off-Peak,0.08,17.7,7.9,0,0,0,0,0
2026-08-13 04:45:00,199.34,49.835,58.9,48.34,48.57,43.54,Off-Peak,0.08,16.5,8.7,0,0,0,0,0
2026-08-13 05:00:00,197.04,49.26,54.48,52.19,50.33,40.04,Off-Peak,0.08,16.8,5.5,0,0,0,0,0
2026-08-13 05:15:00,179.31,44.828,51.14,36.92,50.75,40.5,Off-Peak,0.08,18.7,5.1,0,0,0,0,0
2026-08-13 05:30:00,184.02,46.005,53.79,45.01,50.24,34.98,Off-Peak,0.08,19.0,8.5,0,0,0,0,0
2026-08-13 05:45:00,194.7,48.675,55.63,48.08,51.42,39.58,Off-Peak,0.08,20.3,9.0,0,0,0,0,0
2026-08-13 06:00:00,292.76,73.19,136.67,40.95,74.26,40.88,Off-Peak,0.08,18.0,9.2,0,1,0,0,0
2026-08-13 06:15:00,298.14,74.535,141.3,46.58,72.43,37.83,Off-Peak,0.08,19.5,10.8,0,1,0,0,0
2026-08-13 06:30:00,293.62,73.405,135.15,56.59,65.78,36.11,Off-Peak,0.08,19.4,8.3,0,1,0,1,0
2026-08-13 06:45:00,303.25,75.812,140.9,48.04,74.4,39.91,Off-Peak,0.08,20.8,9.4,0,1,0,1,0
2026-08-13 07:00:00,338.35,84.588,175.45,50.83,72.67,39.39,Off-Peak,0.08,22.3,76.4,0,1,0,1,0
2026-08-13 07:15:00,330.13,82.532,172.05,48.01,73.12,36.94,Off-Peak,0.08,20.4,87.9,0,1,0,1,0
2026-08-13 07:30:00,334.39,83.597,166.17,50.08,70.32,47.82,Off-Peak,0.08,20.9,81.6,0,1,1,1,0
2026-08-13 07:45:00,328.51,82.127,173.49,41.81,69.83,43.38,Off-Peak,0.08,21.7,87.2,0,1,1,1,0
2026-08-13 08:00:00,555.87,138.968,168.83,273.25,70.22,43.58,Normal,0.18,22.1,83.6,141,1,1,1,0
2026-08-13 08:15:00,530.2,132.55,172.25,252.49,67.5,37.96,Normal,0.18,21.4,86.6,123,1,1,1,0
2026-08-13 08:30:00,594.09,148.523,179.1,305.85,74.92,34.23,Normal,0.18,22.8,86.1,116,1,1,1,0
2026-08-13 08:45:00,568.62,142.155,180.78,282.27,68.26,37.31,Normal,0.18,23.5,87.4,127,1,1,1,0
2026-08-13 09:00:00,583.61,145.903,182.97,284.26,72.89,43.5,Normal,0.18,24.3,94.3,132,1,1,1,0
2026-08-13 09:15:00,559.01,139.752,184.6,262.75,69.42,42.23,Normal,0.18,24.2,89.5,133,1,1,1,0
2026-08-13 09:30:00,568.29,142.072,188.78,267.63,72.11,39.77,Normal,0.18,25.2,89.7,105,1,1,1,0
2026-08-13 09:45:00,583.53,145.882,190.28,274.07,74.78,44.4,Normal,0.18,25.0,89.4,121,1,1,1,0
2026-08-13 10:00:00,585.15,146.287,197.06,275.39,71.08,41.62,Normal,0.18,25.0,90.4,142,1,1,1,0
2026-08-13 10:15:00,550.59,137.648,180.8,266.71,61.45,41.63,Normal,0.18,25.1,88.2,120,1,1,1,0
2026-08-13 10:30:00,564.88,141.22,185.13,264.74,72.58,42.43,Normal,0.18,25.1,89.7,125,1,1,1,0
2026-08-13 10:45:00,599.55,149.887,215.67,266.47,78.47,38.94,Normal,0.18,27.8,100.0,127,1,1,1,0
2026-08-13 11:00:00,578.14,144.535,188.03,276.42,73.86,39.83,Normal,0.18,26.5,95.7,145,1,1,1,0
2026-08-13 11:15:00,591.09,147.773,201.43,275.98,70.5,43.18,Normal,0.18,28.2,85.7,114,1,1,1,0
2026-08-13 11:30:00,580.83,145.208,198.12,278.19,65.98,38.54,Normal,0.18,26.0,91.5,116,1,1,1,0
2026-08-13 11:45:00,593.02,148.255,204.67,278.93,70.26,39.16,Normal,0.18,28.1,88.6,129,1,1,1,0
2026-08-13 12:00:00,598.63,149.657,201.51,288.13,68.99,40.01,Normal,0.18,28.3,97.5,103,1,1,1,0
2026-08-13 12:15:00,614.27,153.567,206.6,297.57,66.23,43.87,Normal,0.18,27.7,97.1,136,1,1,1,0
2026-08-13 12:30:00,574.82,143.705,201.22,257.73,71.82,44.04,Normal,0.18,27.7,95.6,111,1,1,1,0
2026-08-13 12:45:00,606.35,151.588,203.01,292.74,63.34,47.26,Normal,0.18,28.5,100.0,118,1,1,1,0
2026-08-13 13:00:00,585.53,146.382,190.45,286.67,71.23,37.18,Normal,0.18,27.2,96.4,126,1,1,1,0
2026-08-13 13:15:00,599.7,149.925,200.01,294.67,69.19,35.83,Normal,0.18,29.6,95.0,123,1,1,1,0
2026-08-13 13:30:00,593.4,148.35,206.09,274.29,68.11,44.91,Normal,0.18,28.9,100.0,129,1,1,1,0
2026-08-13 13:45:00,593.54,148.385,207.05,274.3,68.79,43.4,Normal,0.18,28.5,92.5,123,1,1,1,0
2026-08-13 14:00:00,595.96,148.99,201.94,284.81,67.04,42.17,Normal,0.18,28.5,92.1,112,1,1,1,0
2026-08-13 14:15:00,616.72,154.18,200.19,308.34,70.71,37.48,Normal,0.18,28.2,91.9,103,1,1,1,0
2026-08-13 14:30:00,609.26,152.315,211.99,279.64,74.92,42.72,Normal,0.18,29.2,97.1,124,1,1,1,0
2026-08-13 14:45:00,631.27,157.817,211.71,311.17,69.9,38.49,Normal,0.18,29.1,89.8,139,1,1,1,0
2026-08-13 15:00:00,623.22,155.805,208.6,302.47,69.06,43.09,Normal,0.18,29.8,96.5,136,1,1,1,0
2026-08-13 15:15:00,605.93,151.482,200.17,300.17,67.8,37.78,Normal,0.18,28.5,93.0,137,1,1,1,0
2026-08-13 15:30:00,571.31,142.827,198.08,271.52,64.56,37.15,Normal,0.18,30.2,97.8,120,1,1,1,0
2026-08-13 15:45:00,583.68,145.92,189.18,281.24,68.76,44.51,Normal,0.18,27.4,92.8,124,1,1,1,0
2026-08-13 16:00:00,568.9,142.225,193.44,258.95,69.75,46.76,Normal,0.18,27.8,100.0,108,1,1,1,0
2026-08-13 16:15:00,598.16,149.54,200.33,291.84,68.11,37.88,Normal,0.18,26.7,96.3,121,1,1,1,0
2026-08-13 16:30:00,572.65,143.162,190.2,272.66,68.39,41.4,Normal,0.18,26.7,85.2,105,1,1,1,0
2026-08-13 16:45:00,591.83,147.958,189.27,294.94,67.36,40.27,Normal,0.18,27.3,91.3,126,1,1,1,0
2026-08-13 17:00:00,594.98,148.745,199.1,290.12,68.14,37.62,Normal,0.18,27.0,88.2,120,1,1,1,0
2026-08-13 17:15:00,607.86,151.965,196.52,300.01,67.91,43.41,Normal,0.18,26.5,95.1,132,1,1,1,0
2026-08-13 17:30:00,563.21,140.803,177.45,275.99,71.32,38.44,Normal,0.18,25.1,90.0,96,1,1,1,0
2026-08-13 17:45:00,625.66,156.415,189.16,319.55,73.46,43.49,Normal,0.18,25.8,85.8,100,1,1,1,0
2026-08-13 18:00:00,526.18,131.545,173.72,251.88,66.53,34.06,Peak,0.35,23.6,84.2,107,1,0,1,0
2026-08-13 18:15:00,534.04,133.51,182.1,251.02,64.73,36.19,Peak,0.35,26.0,89.0,107,1,0,1,0
2026-08-13 18:30:00,567.2,141.8,172.78,285.08,69.3,40.03,Peak,0.35,24.0,85.5,85,0,0,1,0
2026-08-13 18:45:00,582.04,145.51,178.97,293.28,72.64,37.16,Peak,0.35,24.6,85.6,105,0,0,1,0
2026-08-13 19:00:00,590.11,147.528,177.58,307.49,65.41,39.63,Peak,0.35,23.6,26.8,96,0,0,1,0
2026-08-13 19:15:00,539.43,134.857,166.17,268.99,65.66,38.6,Peak,0.35,22.1,24.8,90,0,0,1,0
2026-08-13 19:30:00,328.66,82.165,176.69,42.21,71.4,38.37,Peak,0.35,23.4,27.5,0,0,0,1,0
2026-08-13 19:45:00,324.38,81.095,173.88,43.07,70.55,36.89,Peak,0.35,22.1,16.7,0,0,0,1,0
2026-08-13 20:00:00,331.56,82.89,169.86,49.39,72.37,39.93,Peak,0.35,22.3,17.7,0,0,0,0,0
2026-08-13 20:15:00,325.32,81.33,169.3,48.61,67.74,39.66,Peak,0.35,20.1,27.7,0,0,0,0,0
2026-08-13 20:30:00,317.28,79.32,164.24,41.08,68.59,43.36,Peak,0.35,20.7,21.3,0,0,0,0,0
2026-08-13 20:45:00,317.3,79.325,172.4,43.74,60.28,40.89,Peak,0.35,21.9,20.8,0,0,0,0,0
2026-08-13 21:00:00,313.05,78.263,161.11,38.37,71.67,41.9,Peak,0.35,20.2,15.4,0,0,0,0,0
2026-08-13 21:15:00,317.36,79.34,164.35,42.95,69.79,40.27,Peak,0.35,20.3,16.6,0,0,0,0,0
2026-08-13 21:30:00,332.8,83.2,160.55,55.39,76.62,40.24,Peak,0.35,19.4,15.5,0,0,0,0,0
2026-08-13 21:45:00,287.01,71.752,138.55,40.99,68.8,38.66,Peak,0.35,15.8,15.0,0,0,0,0,0
2026-08-13 22:00:00,191.65,47.913,51.77,46.72,51.25,41.92,Off-Peak,0.08,19.0,4.9,0,0,0,0,0
2026-08-13 22:15:00,186.51,46.627,53.48,46.2,52.97,33.86,Off-Peak,0.08,17.5,6.0,0,0,0,0,0
2026-08-13 22:30:00,192.32,48.08,50.04,49.83,51.09,41.35,Off-Peak,0.08,17.6,5.3,0,0,0,0,0
2026-08-13 22:45:00,201.34,50.335,53.7,55.93,49.51,42.21,Off-Peak,0.08,18.1,7.0,0,0,0,0,0
2026-08-13 23:00:00,185.45,46.362,48.87,42.11,52.11,42.36,Off-Peak,0.08,17.1,4.3,0,0,0,0,0
2026-08-13 23:15:00,190.42,47.605,59.85,40.18,50.43,39.97,Off-Peak,0.08,17.5,6.0,0,0,0,0,0
2026-08-13 23:30:00,179.98,44.995,52.88,38.25,50.04,38.8,Off-Peak,0.08,16.3,10.7,0,0,0,0,0
2026-08-13 23:45:00,176.66,44.165,53.77,39.72,46.24,36.92,Off-Peak,0.08,18.9,9.4,0,0,0,0,0
2026-08-14 00:00:00,194.67,48.667,58.37,46.15,49.35,40.81,Off-Peak,0.08,16.0,10.9,0,0,0,0,0
2026-08-14 00:15:00,183.98,45.995,54.43,44.57,45.57,39.41,Off-Peak,0.08,15.3,11.4,0,0,0,0,0
2026-08-14 00:30:00,191.93,47.983,52.75,48.96,47.05,43.17,Off-Peak,0.08,16.2,5.9,0,0,0,0,0
2026-08-14 00:45:00,195.78,48.945,51.63,46.89,54.92,42.34,Off-Peak,0.08,14.9,7.2,0,0,0,0,0
2026-08-14 01:00:00,188.71,47.178,54.05,51.87,51.61,31.17,Off-Peak,0.08,14.5,10.3,0,0,0,0,0
2026-08-14 01:15:00,178.35,44.587,55.45,39.88,48.73,34.28,Off-Peak,0.08,14.3,9.9,0,0,0,0,0
2026-08-14 01:30:00,208.21,52.053,57.41,55.95,51.76,43.08,Off-Peak,0.08,15.0,12.4,0,0,0,0,0
2026-08-14 01:45:00,196.07,49.017,54.44,50.16,52.91,38.56,Off-Peak,0.08,16.6,8.8,0,0,0,0,0
2026-08-14 02:00:00,199.37,49.843,57.49,48.99,47.15,45.73,Off-Peak,0.08,14.4,8.3,0,0,0,0,0
2026-08-14 02:15:00,198.71,49.678,52.29,58.49,50.48,37.45,Off-Peak,0.08,14.5,7.5,0,0,0,0,0
2026-08-14 02:30:00,190.51,47.627,54.44,49.2,48.35,38.52,Off-Peak,0.08,15.8,9.5,0,0,0,0,0
2026-08-14 02:45:00,208.75,52.188,60.42,53.21,50.13,44.99,Off-Peak,0.08,13.5,5.4,0,0,0,0,0
2026-08-14 03:00:00,192.54,48.135,55.17,44.38,49.57,43.43,Off-Peak,0.08,15.1,7.5,0,0,0,0,0
2026-08-14 03:15:00,189.04,47.26,58.09,46.94,48.06,35.94,Off-Peak,0.08,15.5,9.4,0,0,0,0,0
2026-08-14 03:30:00,191.36,47.84,55.26,44.92,55.17,36.01,Off-Peak,0.08,15.7,7.7,0,0,0,0,0
2026-08-14 03:45:00,195.47,48.867,53.87,46.58,51.17,43.85,Off-Peak,0.08,14.1,8.7,0,0,0,0,0
2026-08-14 04:00:00,202.39,50.597,56.29,48.85,54.39,42.87,Off-Peak,0.08,14.7,6.9,0,0,0,0,0
2026-08-14 04:15:00,187.43,46.858,53.31,42.04,51.31,40.77,Off-Peak,0.08,16.1,6.2,0,0,0,0,0
2026-08-14 04:30:00,196.68,49.17,57.63,46.76,51.14,41.15,Off-Peak,0.08,15.4,7.1,0,0,0,0,0
2026-08-14 04:45:00,177.44,44.36,53.84,40.42,50.5,32.68,Off-Peak,0.08,18.0,8.5,0,0,0,0,0
2026-08-14 05:00:00,183.58,45.895,50.91,40.36,51.62,40.69,Off-Peak,0.08,16.9,7.6,0,0,0,0,0
2026-08-14 05:15:00,192.36,48.09,55.28,51.21,50.25,35.63,Off-Peak,0.08,17.5,8.6,0,0,0,0,0
2026-08-14 05:30:00,182.41,45.602,53.23,38.73,50.79,39.65,Off-Peak,0.08,19.0,8.7,0,0,0,0,0
2026-08-14 05:45:00,194.32,48.58,52.49,49.48,51.85,40.51,Off-Peak,0.08,19.4,7.3,0,0,0,0,0
2026-08-14 06:00:00,301.9,75.475,139.71,50.82,71.88,39.49,Off-Peak,0.08,19.0,7.9,0,1,0,0,0
2026-08-14 06:15:00,295.65,73.912,151.18,36.47,68.12,39.88,Off-Peak,0.08,20.0,3.3,0,1,0,0,0
2026-08-14 06:30:00,289.99,72.498,134.53,46.3,68.27,40.89,Off-Peak,0.08,19.2,10.0,0,1,0,1,0
2026-08-14 06:45:00,294.64,73.66,138.5,42.45,70.86,42.83,Off-Peak,0.08,19.7,8.2,0,1,0,1,0
2026-08-14 07:00:00,320.71,80.177,166.1,44.84,72.49,37.28,Off-Peak,0.08,19.7,80.7,0,1,0,1,0
2026-08-14 07:15:00,312.83,78.207,157.91,44.61,68.09,42.22,Off-Peak,0.08,19.2,83.0,0,1,0,1,0
2026-08-14 07:30:00,327.76,81.94,170.33,45.97,69.93,41.53,Off-Peak,0.08,20.9,87.1,0,1,1,1,0
2026-08-14 07:45:00,317.08,79.27,170.62,38.44,70.56,37.45,Off-Peak,0.08,20.9,93.9,0,1,1,1,0
2026-08-14 08:00:00,566.87,141.718,175.79,284.99,64.73,41.36,Normal,0.18,22.5,98.6,142,1,1,1,0
2026-08-14 08:15:00,571.09,142.773,167.02,290.98,73.02,40.07,Normal,0.18,21.7,85.1,126,1,1,1,0
2026-08-14 08:30:00,550.2,137.55,174.95,263.43,72.97,38.86,Normal,0.18,22.3,78.0,129,1,1,1,0
2026-08-14 08:45:00,584.5,146.125,175.19,303.06,68.02,38.22,Normal,0.18,22.4,86.6,108,1,1,1,0
2026-08-14 09:00:00,560.2,140.05,191.48,259.78,69.03,39.9,Normal,0.18,23.9,82.2,118,1,1,1,0
2026-08-14 09:15:00,568.51,142.127,193.74,265.23,71.71,37.83,Normal,0.18,25.8,94.3,115,1,1,1,0
2026-08-14 09:30:00,586.26,146.565,179.91,291.12,71.61,43.63,Normal,0.18,24.6,88.3,123,1,1,1,0
2026-08-14 09:45:00,585.7,146.425,204.68,276.05,65.88,39.08,Normal,0.18,27.1,89.3,110,1,1,1,0
2026-08-14 10:00:00,589.38,147.345,188.72,288.9,70.01,41.75,Normal,0.18,26.3,87.9,138,1,1,1,0
2026-08-14 10:15:00,596.45,149.113,185.64,299.33,68.1,43.39,Normal,0.18,25.5,93.7,131,1,1,1,0
2026-08-14 10:30:00,554.93,138.732,181.09,264.17,69.03,40.64,Normal,0.18,25.9,87.9,115,1,1,1,0
2026-08-14 10:45:00,608.55,152.137,191.87,300.75,73.8,42.13,Normal,0.18,25.9,86.1,105,1,1,1,0
2026-08-14 11:00:00,596.15,149.037,201.5,289.69,69.04,35.91,Normal,0.18,27.5,100.0,120,1,1,1,0
2026-08-14 11:15:00,605.09,151.273,199.65,297.68,68.69,39.06,Normal,0.18,27.3,100.0,116,1,1,1,0
2026-08-14 11:30:00,603.0,150.75,204.9,282.72,68.94,46.44,Normal,0.18,28.0,94.3,133,1,1,1,0
2026-08-14 11:45:00,590.16,147.54,204.04,283.13,62.94,40.05,Normal,0.18,27.5,98.0,124,1,1,1,0
2026-08-14 12:00:00,596.93,149.232,195.89,286.17,71.23,43.64,Normal,0.18,28.4,86.0,144,1,1,1,0
2026-08-14 12:15:00,583.98,145.995,188.85,286.47,70.52,38.15,Normal,0.18,28.3,89.9,123,1,1,1,0
2026-08-14 12:30:00,566.8,141.7,211.65,247.88,67.9,39.37,Normal,0.18,28.3,97.7,116,1,1,1,0
2026-08-14 12:45:00,597.79,149.447,208.93,277.03,68.69,43.14,Normal,0.18,30.2,95.7,124,1,1,1,0
2026-08-14 13:00:00,615.64,153.91,214.1,286.29,71.84,43.41,Normal,0.18,28.5,91.2,123,1,1,1,0
2026-08-14 13:15:00,591.36,147.84,192.48,288.73,70.66,39.5,Normal,0.18,26.9,91.1,134,1,1,1,0
2026-08-14 13:30:00,602.98,150.745,195.24,290.9,72.08,44.75,Normal,0.18,28.9,90.0,114,1,1,1,0
2026-08-14 13:45:00,613.03,153.257,201.48,297.86,73.07,40.63,Normal,0.18,28.4,98.3,134,1,1,1,0
2026-08-14 14:00:00,592.46,148.115,198.8,275.67,74.55,43.44,Normal,0.18,29.5,91.2,114,1,1,1,0
2026-08-14 14:15:00,592.5,148.125,209.2,270.76,74.85,37.69,Normal,0.18,30.0,88.8,122,1,1,1,0
2026-08-14 14:30:00,574.93,143.732,190.87,276.69,70.74,36.62,Normal,0.18,29.1,84.4,125,1,1,1,0
2026-08-14 14:45:00,585.41,146.352,209.15,262.39,68.93,44.94,Normal,0.18,29.3,93.3,142,1,1,1,0
2026-08-14 15:00:00,628.97,157.243,212.41,304.96,69.03,42.58,Normal,0.18,30.6,86.7,113,1,1,1,0
2026-08-14 15:15:00,627.47,156.868,210.54,303.54,69.8,43.58,Normal,0.18,28.9,97.3,134,1,1,1,0
2026-08-14 15:30:00,568.06,142.015,205.2,255.93,66.63,40.31,Normal,0.18,28.6,95.2,123,1,1,1,0
2026-08-14 15:45:00,615.8,153.95,198.54,300.7,76.11,40.44,Normal,0.18,29.0,94.2,148,1,1,1,0
2026-08-14 16:00:00,595.28,148.82,204.46,278.21,69.9,42.72,Normal,0.18,28.5,93.1,119,1,1,1,0
2026-08-14 16:15:00,583.39,145.847,204.62,271.18,65.67,41.91,Normal,0.18,27.7,85.7,139,1,1,1,0
2026-08-14 16:30:00,602.9,150.725,205.14,286.14,74.24,37.38,Normal,0.18,28.9,94.4,92,1,1,1,0
2026-08-14 16:45:00,598.4,149.6,197.53,288.5,71.93,40.44,Normal,0.18,26.3,88.9,108,1,1,1,0
2026-08-14 17:00:00,588.74,147.185,195.48,284.8,69.58,38.87,Normal,0.18,26.7,91.0,120,1,1,1,0
2026-08-14 17:15:00,575.28,143.82,192.0,278.04,70.88,34.36,Normal,0.18,26.9,88.3,117,1,1,1,0
2026-08-14 17:30:00,569.46,142.365,199.39,257.76,67.75,44.56,Normal,0.18,26.4,87.6,105,1,1,1,0
2026-08-14 17:45:00,574.17,143.542,195.05,275.91,64.14,39.07,Normal,0.18,27.5,84.7,96,1,1,1,0
2026-08-14 18:00:00,592.13,148.032,183.7,299.04,68.51,40.88,Peak,0.35,26.0,85.7,99,1,0,1,0
2026-08-14 18:15:00,577.62,144.405,180.49,288.68,69.81,38.63,Peak,0.35,25.9,80.5,92,1,0,1,0
2026-08-14 18:30:00,592.5,148.125,179.37,303.53,67.64,41.97,Peak,0.35,24.7,90.2,86,0,0,1,0
2026-08-14 18:45:00,571.77,142.942,183.68,277.43,67.8,42.87,Peak,0.35,24.0,91.4,85,0,0,1,0
2026-08-14 19:00:00,561.39,140.347,175.97,275.51,72.04,37.87,Peak,0.35,22.8,25.7,89,0,0,1,0
2026-08-14 19:15:00,533.5,133.375,169.58,252.77,68.46,42.69,Peak,0.35,23.4,22.9,110,0,0,1,0
2026-08-14 19:30:00,326.18,81.545,173.55,39.23,71.49,41.91,Peak,0.35,23.9,26.1,0,0,0,1,0
2026-08-14 19:45:00,326.78,81.695,168.17,44.85,71.46,42.3,Peak,0.35,22.8,15.2,0,0,0,1,0
2026-08-14 20:00:00,329.51,82.377,169.94,48.43,70.94,40.2,Peak,0.35,22.1,21.0,0,0,0,0,0
2026-08-14 20:15:00,329.9,82.475,168.4,46.34,71.14,44.03,Peak,0.35,21.3,19.0,0,0,0,0,0
2026-08-14 20:30:00,316.19,79.047,170.26,38.17,66.76,41.01,Peak,0.35,21.3,15.6,0,0,0,0,0
2026-08-14 20:45:00,316.14,79.035,162.8,41.97,68.54,42.83,Peak,0.35,21.0,12.5,0,0,0,0,0
2026-08-14 21:00:00,314.95,78.737,160.66,38.25,74.26,41.78,Peak,0.35,20.8,14.9,0,0,0,0,0
2026-08-14 21:15:00,308.63,77.157,155.98,43.56,71.31,37.78,Peak,0.35,19.2,15.9,0,0,0,0,0
2026-08-14 21:30:00,314.9,78.725,153.21,48.35,75.61,37.74,Peak,0.35,19.0,12.9,0,0,0,0,0
2026-08-14 21:45:00,301.03,75.257,148.32,41.68,70.62,40.4,Peak,0.35,17.6,5.2,0,0,0,0,0
2026-08-14 22:00:00,185.74,46.435,55.89,45.68,49.15,35.03,Off-Peak,0.08,17.2,4.4,0,0,0,0,0
2026-08-14 22:15:00,182.59,45.648,55.83,40.76,50.09,35.9,Off-Peak,0.08,18.5,10.5,0,0,0,0,0
2026-08-14 22:30:00,183.12,45.78,49.7,43.5,50.93,39.0,Off-Peak,0.08,18.6,8.2,0,0,0,0,0
2026-08-14 22:45:00,183.03,45.758,56.7,41.76,45.69,38.89,Off-Peak,0.08,17.2,5.6,0,0,0,0,0
2026-08-14 23:00:00,197.65,49.413,60.21,47.14,50.68,39.61,Off-Peak,0.08,17.8,7.2,0,0,0,0,0
2026-08-14 23:15:00,186.65,46.663,54.09,47.65,48.13,36.77,Off-Peak,0.08,16.7,7.5,0,0,0,0,0
2026-08-14 23:30:00,192.87,48.218,56.59,46.52,47.88,41.87,Off-Peak,0.08,15.5,12.1,0,0,0,0,0
2026-08-14 23:45:00,184.73,46.182,52.07,45.8,49.15,37.7,Off-Peak,0.08,16.1,8.4,0,0,0,0,0
2026-08-15 00:00:00,190.9,47.725,56.69,48.42,48.24,37.54,Off-Peak,0.08,16.5,5.4,0,0,0,0,0
2026-08-15 00:15:00,193.71,48.428,54.54,47.17,53.53,38.48,Off-Peak,0.08,15.5,10.8,0,0,0,0,0
2026-08-15 00:30:00,194.47,48.617,60.05,46.96,47.82,39.63,Off-Peak,0.08,14.2,12.5,0,0,0,0,0
2026-08-15 00:45:00,182.82,45.705,50.95,43.5,47.99,40.38,Off-Peak,0.08,14.5,11.9,0,0,0,0,0
2026-08-15 01:00:00,186.24,46.56,55.07,40.07,51.25,39.85,Off-Peak,0.08,14.9,10.5,0,0,0,0,0
2026-08-15 01:15:00,199.02,49.755,56.43,44.23,52.83,45.53,Off-Peak,0.08,14.3,16.7,0,0,0,0,0
2026-08-15 01:30:00,186.46,46.615,52.04,44.26,49.6,40.55,Off-Peak,0.08,14.9,11.0,0,0,0,0,0
2026-08-15 01:45:00,181.14,45.285,55.71,38.95,48.12,38.36,Off-Peak,0.08,15.3,11.7,0,0,0,0,0
2026-08-15 02:00:00,185.73,46.432,51.51,43.21,51.91,39.1,Off-Peak,0.08,14.8,13.2,0,0,0,0,0
2026-08-15 02:15:00,186.33,46.583,55.77,43.86,51.33,35.36,Off-Peak,0.08,15.4,9.6,0,0,0,0,0
2026-08-15 02:30:00,202.72,50.68,56.6,52.46,49.22,44.44,Off-Peak,0.08,14.8,10.9,0,0,0,0,0
2026-08-15 02:45:00,188.35,47.087,57.45,40.43,50.61,39.85,Off-Peak,0.08,14.6,14.0,0,0,0,0,0
2026-08-15 03:00:00,198.21,49.553,54.08,51.85,49.8,42.48,Off-Peak,0.08,15.7,9.3,0,0,0,0,0
2026-08-15 03:15:00,186.61,46.653,52.96,41.93,53.05,38.67,Off-Peak,0.08,15.2,15.0,0,0,0,0,0
2026-08-15 03:30:00,180.74,45.185,54.54,35.93,49.96,40.3,Off-Peak,0.08,16.8,12.7,0,0,0,0,0
2026-08-15 03:45:00,196.7,49.175,52.95,49.01,51.53,43.22,Off-Peak,0.08,16.7,14.8,0,0,0,0,0
2026-08-15 04:00:00,186.29,46.572,54.53,39.22,49.59,42.94,Off-Peak,0.08,16.3,5.0,0,0,0,0,0
2026-08-15 04:15:00,179.94,44.985,56.03,38.51,44.96,40.45,Off-Peak,0.08,16.4,13.4,0,0,0,0,0
2026-08-15 04:30:00,182.83,45.708,49.9,41.33,49.61,42.0,Off-Peak,0.08,16.3,7.1,0,0,0,0,0
2026-08-15 04:45:00,193.48,48.37,51.89,49.41,50.09,42.08,Off-Peak,0.08,16.9,14.8,0,0,0,0,0
2026-08-15 05:00:00,186.75,46.688,55.89,41.6,49.98,39.28,Off-Peak,0.08,16.7,13.2,0,0,0,0,0
2026-08-15 05:15:00,196.0,49.0,54.91,46.98,50.07,44.04,Off-Peak,0.08,17.8,6.5,0,0,0,0,0
2026-08-15 05:30:00,187.46,46.865,55.65,46.48,50.81,34.52,Off-Peak,0.08,18.4,10.0,0,0,0,0,0
2026-08-15 05:45:00,195.83,48.958,58.83,44.7,49.61,42.69,Off-Peak,0.08,17.9,5.5,0,0,0,0,0
2026-08-15 06:00:00,200.81,50.203,54.79,43.32,64.77,37.93,Off-Peak,0.08,18.8,6.6,0,0,0,0,0
2026-08-15 06:15:00,211.12,52.78,50.55,50.76,69.69,40.11,Off-Peak,0.08,18.8,9.7,0,0,0,0,0
2026-08-15 06:30:00,208.56,52.14,56.37,43.16,67.31,41.72,Off-Peak,0.08,19.6,7.6,0,0,0,0,0
2026-08-15 06:45:00,209.84,52.46,57.77,42.4,65.21,44.47,Off-Peak,0.08,20.9,12.2,0,0,0,0,0
2026-08-15 07:00:00,194.97,48.742,53.99,39.23,66.8,34.95,Off-Peak,0.08,21.8,14.6,0,0,0,0,0
2026-08-15 07:15:00,214.0,53.5,54.58,46.51,74.13,38.79,Off-Peak,0.08,20.5,14.8,0,0,0,0,0
2026-08-15 07:30:00,207.77,51.943,54.61,42.11,72.09,38.96,Off-Peak,0.08,22.7,16.0,0,0,0,0,0
2026-08-15 07:45:00,206.95,51.737,58.65,45.78,66.21,36.31,Off-Peak,0.08,20.6,13.8,0,0,0,0,0
2026-08-15 08:00:00,220.42,55.105,53.98,50.11,72.2,44.13,Off-Peak,0.08,22.1,8.5,0,0,0,0,0
2026-08-15 08:15:00,220.38,55.095,57.28,47.24,74.6,41.26,Off-Peak,0.08,21.7,9.0,0,0,0,0,0
2026-08-15 08:30:00,214.34,53.585,58.19,43.38,70.04,42.73,Off-Peak,0.08,24.4,11.6,0,0,0,0,0
2026-08-15 08:45:00,205.79,51.447,54.75,51.89,63.42,35.73,Off-Peak,0.08,24.7,12.2,0,0,0,0,0
2026-08-15 09:00:00,211.41,52.852,56.82,45.32,71.71,37.56,Off-Peak,0.08,24.4,10.0,0,0,0,0,0
2026-08-15 09:15:00,225.28,56.32,58.66,55.07,70.73,40.82,Off-Peak,0.08,24.7,13.0,0,0,0,0,0
2026-08-15 09:30:00,215.23,53.807,54.42,50.25,68.17,42.39,Off-Peak,0.08,23.5,8.4,0,0,0,0,0
2026-08-15 09:45:00,202.39,50.597,55.75,43.04,68.71,34.89,Off-Peak,0.08,25.1,9.5,0,0,0,0,0
2026-08-15 10:00:00,213.21,53.303,53.45,47.08,71.98,40.7,Off-Peak,0.08,25.3,8.6,0,0,0,0,0
2026-08-15 10:15:00,209.46,52.365,54.11,42.69,70.94,41.72,Off-Peak,0.08,26.7,11.7,0,0,0,0,0
2026-08-15 10:30:00,213.08,53.27,53.38,44.49,72.01,43.2,Off-Peak,0.08,27.4,13.6,0,0,0,0,0
2026-08-15 10:45:00,203.09,50.773,51.24,40.01,70.82,41.03,Off-Peak,0.08,27.4,9.8,0,0,0,0,0
2026-08-15 11:00:00,208.32,52.08,56.89,39.24,73.31,38.87,Off-Peak,0.08,26.1,10.1,0,0,0,0,0
2026-08-15 11:15:00,203.18,50.795,51.92,42.71,69.71,38.83,Off-Peak,0.08,28.3,8.4,0,0,0,0,0
2026-08-15 11:30:00,205.2,51.3,54.49,44.67,64.87,41.18,Off-Peak,0.08,27.4,11.0,0,0,0,0,0
2026-08-15 11:45:00,201.03,50.258,52.18,35.96,71.85,41.04,Off-Peak,0.08,27.7,14.8,0,0,0,0,0
2026-08-15 12:00:00,212.85,53.212,59.61,52.07,62.54,38.63,Off-Peak,0.08,27.3,5.4,0,0,0,0,0
2026-08-15 12:15:00,198.64,49.66,53.53,43.59,66.64,34.89,Off-Peak,0.08,29.6,8.6,0,0,0,0,0
2026-08-15 12:30:00,208.05,52.013,55.74,49.43,65.65,37.23,Off-Peak,0.08,29.3,5.0,0,0,0,0,0
2026-08-15 12:45:00,218.59,54.648,53.15,51.01,73.62,40.81,Off-Peak,0.08,29.6,11.6,0,0,0,0,0
2026-08-15 13:00:00,208.14,52.035,55.86,44.06,72.82,35.41,Off-Peak,0.08,28.0,8.8,0,0,0,0,0
2026-08-15 13:15:00,200.14,50.035,53.53,41.86,64.7,40.06,Off-Peak,0.08,27.7,10.5,0,0,0,0,0
2026-08-15 13:30:00,209.14,52.285,55.21,44.34,73.53,36.06,Off-Peak,0.08,28.9,12.0,0,0,0,0,0
2026-08-15 13:45:00,203.57,50.892,52.48,38.94,72.35,39.8,Off-Peak,0.08,29.4,5.0,0,0,0,0,0
2026-08-15 14:00:00,203.46,50.865,54.1,41.18,71.15,37.03,Off-Peak,0.08,29.0,6.7,0,0,0,0,0
2026-08-15 14:15:00,210.72,52.68,52.58,53.39,68.69,36.06,Off-Peak,0.08,30.0,5.0,0,0,0,0,0
2026-08-15 14:30:00,209.56,52.39,52.49,39.52,78.31,39.25,Off-Peak,0.08,29.1,8.6,0,0,0,0,0
2026-08-15 14:45:00,207.22,51.805,56.83,41.17,67.2,42.02,Off-Peak,0.08,27.3,14.5,0,0,0,0,0
2026-08-15 15:00:00,221.51,55.377,60.36,42.83,74.49,43.84,Off-Peak,0.08,28.6,5.0,0,0,0,0,0
2026-08-15 15:15:00,198.63,49.657,53.05,35.67,68.73,41.19,Off-Peak,0.08,27.8,13.1,0,0,0,0,0
2026-08-15 15:30:00,213.54,53.385,58.43,45.53,67.47,42.11,Off-Peak,0.08,28.1,9.1,0,0,0,0,0
2026-08-15 15:45:00,215.98,53.995,56.29,46.96,70.06,42.68,Off-Peak,0.08,28.4,5.0,0,0,0,0,0
2026-08-15 16:00:00,210.21,52.553,50.3,47.04,75.86,37.02,Off-Peak,0.08,27.5,11.0,0,0,0,0,0
2026-08-15 16:15:00,208.88,52.22,55.39,39.68,71.26,42.54,Off-Peak,0.08,27.2,7.9,0,0,0,0,0
2026-08-15 16:30:00,221.28,55.32,57.99,49.69,72.49,41.12,Off-Peak,0.08,28.0,5.0,0,0,0,0,0
2026-08-15 16:45:00,213.98,53.495,60.77,40.23,73.23,39.74,Off-Peak,0.08,27.4,13.1,0,0,0,0,0
2026-08-15 17:00:00,199.47,49.867,54.15,40.01,68.61,36.71,Off-Peak,0.08,26.8,5.4,0,0,0,0,0
2026-08-15 17:15:00,198.97,49.742,55.29,36.93,65.66,41.09,Off-Peak,0.08,26.3,8.8,0,0,0,0,0
2026-08-15 17:30:00,217.01,54.252,55.68,48.03,74.23,39.07,Off-Peak,0.08,25.6,13.2,0,0,0,0,0
2026-08-15 17:45:00,214.13,53.532,56.53,44.06,74.17,39.36,Off-Peak,0.08,25.4,12.6,0,0,0,0,0
2026-08-15 18:00:00,213.11,53.278,52.2,45.39,74.19,41.33,Off-Peak,0.08,25.5,10.1,0,0,0,0,0
2026-08-15 18:15:00,215.57,53.892,55.99,48.75,71.83,39.0,Off-Peak,0.08,25.1,9.5,0,0,0,0,0
2026-08-15 18:30:00,202.78,50.695,51.98,45.84,63.52,41.45,Off-Peak,0.08,24.9,11.4,0,0,0,0,0
2026-08-15 18:45:00,218.87,54.718,53.81,46.55,74.27,44.24,Off-Peak,0.08,24.8,12.2,0,0,0,0,0
2026-08-15 19:00:00,208.87,52.218,58.33,37.5,69.03,44.01,Off-Peak,0.08,23.8,10.4,0,0,0,0,0
2026-08-15 19:15:00,204.46,51.115,50.48,44.75,68.23,40.99,Off-Peak,0.08,24.1,11.1,0,0,0,0,0
2026-08-15 19:30:00,209.19,52.297,48.81,51.11,68.8,40.47,Off-Peak,0.08,22.3,6.9,0,0,0,0,0
2026-08-15 19:45:00,200.13,50.032,51.22,39.97,67.83,41.1,Off-Peak,0.08,22.5,6.8,0,0,0,0,0
2026-08-15 20:00:00,221.31,55.328,58.08,49.04,69.64,44.54,Off-Peak,0.08,21.4,15.2,0,0,0,0,0
2026-08-15 20:15:00,214.5,53.625,55.51,48.51,71.91,38.57,Off-Peak,0.08,21.4,9.9,0,0,0,0,0
2026-08-15 20:30:00,204.8,51.2,57.15,43.03,65.24,39.38,Off-Peak,0.08,20.7,11.9,0,0,0,0,0
2026-08-15 20:45:00,207.17,51.792,51.41,42.87,68.83,44.07,Off-Peak,0.08,21.1,15.4,0,0,0,0,0
2026-08-15 21:00:00,203.3,50.825,56.68,42.98,66.33,37.32,Off-Peak,0.08,20.2,7.3,0,0,0,0,0
2026-08-15 21:15:00,210.79,52.697,55.32,43.75,70.88,40.84,Off-Peak,0.08,21.1,11.2,0,0,0,0,0
2026-08-15 21:30:00,207.95,51.987,57.61,45.12,67.07,38.16,Off-Peak,0.08,19.6,10.3,0,0,0,0,0
2026-08-15 21:45:00,205.68,51.42,57.59,40.85,69.15,38.09,Off-Peak,0.08,17.3,16.1,0,0,0,0,0
2026-08-15 22:00:00,191.14,47.785,55.34,44.46,51.65,39.69,Off-Peak,0.08,19.7,5.7,0,0,0,0,0
2026-08-15 22:15:00,185.13,46.282,52.08,45.4,52.87,34.78,Off-Peak,0.08,16.7,9.2,0,0,0,0,0
2026-08-15 22:30:00,193.46,48.365,53.86,48.7,49.65,41.25,Off-Peak,0.08,17.1,8.3,0,0,0,0,0
2026-08-15 22:45:00,190.39,47.597,57.33,41.34,51.56,40.16,Off-Peak,0.08,16.9,10.7,0,0,0,0,0
2026-08-15 23:00:00,191.53,47.883,56.14,44.8,49.81,40.78,Off-Peak,0.08,17.9,9.4,0,0,0,0,0
2026-08-15 23:15:00,183.35,45.837,59.3,35.7,48.63,39.72,Off-Peak,0.08,17.2,6.3,0,0,0,0,0
2026-08-15 23:30:00,177.73,44.432,49.43,42.46,45.75,40.09,Off-Peak,0.08,16.8,14.7,0,0,0,0,0
2026-08-15 23:45:00,195.44,48.86,55.36,50.22,51.17,38.69,Off-Peak,0.08,16.4,14.8,0,0,0,0,0
2026-08-16 00:00:00,195.26,48.815,50.52,51.48,49.68,43.59,Off-Peak,0.08,14.8,10.8,0,0,0,0,0
2026-08-16 00:15:00,190.71,47.678,55.63,44.77,49.13,41.18,Off-Peak,0.08,15.3,10.8,0,0,0,0,0
2026-08-16 00:30:00,202.49,50.623,58.73,48.64,50.13,45.0,Off-Peak,0.08,14.8,6.4,0,0,0,0,0
2026-08-16 00:45:00,192.07,48.017,55.53,39.88,53.7,42.97,Off-Peak,0.08,15.2,14.0,0,0,0,0,0
2026-08-16 01:00:00,185.09,46.273,53.79,49.15,45.22,36.94,Off-Peak,0.08,15.1,12.2,0,0,0,0,0
2026-08-16 01:15:00,191.16,47.79,55.62,38.27,53.7,43.57,Off-Peak,0.08,15.9,9.3,0,0,0,0,0
2026-08-16 01:30:00,211.42,52.855,58.09,54.91,51.91,46.52,Off-Peak,0.08,14.9,8.8,0,0,0,0,0
2026-08-16 01:45:00,188.54,47.135,51.43,47.21,50.35,39.54,Off-Peak,0.08,14.3,7.5,0,0,0,0,0
2026-08-16 02:00:00,182.68,45.67,50.42,42.02,51.64,38.6,Off-Peak,0.08,15.6,13.7,0,0,0,0,0
2026-08-16 02:15:00,183.56,45.89,51.13,43.49,50.66,38.28,Off-Peak,0.08,14.4,13.1,0,0,0,0,0
2026-08-16 02:30:00,197.18,49.295,59.23,44.37,51.34,42.24,Off-Peak,0.08,15.7,8.3,0,0,0,0,0
2026-08-16 02:45:00,191.88,47.97,56.08,45.36,51.11,39.32,Off-Peak,0.08,14.6,5.0,0,0,0,0,0
2026-08-16 03:00:00,187.1,46.775,50.58,48.67,48.85,38.99,Off-Peak,0.08,14.9,16.0,0,0,0,0,0
2026-08-16 03:15:00,199.92,49.98,56.71,51.95,50.94,40.31,Off-Peak,0.08,15.1,7.6,0,0,0,0,0
2026-08-16 03:30:00,192.13,48.032,61.47,43.1,49.25,38.32,Off-Peak,0.08,14.7,11.6,0,0,0,0,0
2026-08-16 03:45:00,186.03,46.508,56.22,40.77,46.78,42.26,Off-Peak,0.08,15.3,5.0,0,0,0,0,0
2026-08-16 04:00:00,185.1,46.275,59.4,37.95,46.93,40.81,Off-Peak,0.08,15.1,9.0,0,0,0,0,0
2026-08-16 04:15:00,192.41,48.102,56.22,47.9,45.88,42.4,Off-Peak,0.08,17.1,5.3,0,0,0,0,0
2026-08-16 04:30:00,198.29,49.572,58.76,50.68,50.21,38.65,Off-Peak,0.08,17.1,9.1,0,0,0,0,0
2026-08-16 04:45:00,189.5,47.375,56.71,43.38,45.6,43.81,Off-Peak,0.08,16.0,9.9,0,0,0,0,0
2026-08-16 05:00:00,195.89,48.972,57.57,52.62,44.4,41.3,Off-Peak,0.08,17.2,8.9,0,0,0,0,0
2026-08-16 05:15:00,186.94,46.735,55.38,48.18,49.0,34.38,Off-Peak,0.08,16.2,11.5,0,0,0,0,0
2026-08-16 05:30:00,187.3,46.825,58.05,39.14,52.05,38.06,Off-Peak,0.08,17.4,11.2,0,0,0,0,0
2026-08-16 05:45:00,190.51,47.627,55.55,49.46,47.55,37.96,Off-Peak,0.08,18.4,8.5,0,0,0,0,0
2026-08-16 06:00:00,223.33,55.833,52.41,55.2,76.01,39.71,Off-Peak,0.08,18.6,17.2,0,0,0,0,0
2026-08-16 06:15:00,207.02,51.755,54.8,37.97,69.77,44.49,Off-Peak,0.08,18.7,7.9,0,0,0,0,0
2026-08-16 06:30:00,207.75,51.938,49.9,46.87,70.79,40.19,Off-Peak,0.08,18.8,9.3,0,0,0,0,0
2026-08-16 06:45:00,212.95,53.237,56.51,44.86,70.94,40.64,Off-Peak,0.08,19.6,9.1,0,0,0,0,0
2026-08-16 07:00:00,223.35,55.837,55.58,52.59,71.26,43.91,Off-Peak,0.08,21.1,12.0,0,0,0,0,0
2026-08-16 07:15:00,215.28,53.82,58.91,45.68,69.84,40.84,Off-Peak,0.08,21.1,5.0,0,0,0,0,0
2026-08-16 07:30:00,213.11,53.278,53.22,51.37,69.66,38.85,Off-Peak,0.08,20.8,10.7,0,0,0,0,0
2026-08-16 07:45:00,204.62,51.155,55.56,46.94,66.92,35.2,Off-Peak,0.08,20.8,10.8,0,0,0,0,0
2026-08-16 08:00:00,215.7,53.925,51.92,52.95,70.85,39.98,Off-Peak,0.08,22.5,14.5,0,0,0,0,0
2026-08-16 08:15:00,209.72,52.43,57.96,41.12,67.66,42.98,Off-Peak,0.08,22.1,5.8,0,0,0,0,0
2026-08-16 08:30:00,211.96,52.99,54.95,46.47,71.45,39.09,Off-Peak,0.08,21.4,5.4,0,0,0,0,0
2026-08-16 08:45:00,207.54,51.885,54.31,41.02,70.37,41.84,Off-Peak,0.08,25.4,9.3,0,0,0,0,0
2026-08-16 09:00:00,213.28,53.32,54.26,47.23,71.76,40.02,Off-Peak,0.08,24.8,5.5,0,0,0,0,0
2026-08-16 09:15:00,212.38,53.095,59.67,49.96,65.97,36.77,Off-Peak,0.08,24.7,7.6,0,0,0,0,0
2026-08-16 09:30:00,205.66,51.415,51.15,43.34,71.36,39.8,Off-Peak,0.08,23.8,12.0,0,0,0,0,0
2026-08-16 09:45:00,208.46,52.115,56.78,41.93,69.03,40.71,Off-Peak,0.08,25.3,6.8,0,0,0,0,0
2026-08-16 10:00:00,202.13,50.532,52.75,43.5,70.01,35.87,Off-Peak,0.08,25.6,10.1,0,0,0,0,0
2026-08-16 10:15:00,212.02,53.005,51.17,50.78,73.81,36.26,Off-Peak,0.08,25.5,11.2,0,0,0,0,0
2026-08-16 10:30:00,212.76,53.19,56.26,42.52,72.77,41.22,Off-Peak,0.08,27.3,9.6,0,0,0,0,0
2026-08-16 10:45:00,210.23,52.557,50.62,45.94,71.72,41.95,Off-Peak,0.08,26.0,6.5,0,0,0,0,0
2026-08-16 11:00:00,212.69,53.172,52.95,50.76,68.55,40.43,Off-Peak,0.08,26.9,6.5,0,0,0,0,0
2026-08-16 11:15:00,214.69,53.672,53.63,50.23,72.32,38.51,Off-Peak,0.08,26.4,11.0,0,0,0,0,0
2026-08-16 11:30:00,203.02,50.755,50.74,40.71,70.59,40.98,Off-Peak,0.08,27.5,8.3,0,0,0,0,0
2026-08-16 11:45:00,209.91,52.477,57.8,45.32,72.11,34.68,Off-Peak,0.08,27.9,9.1,0,0,0,0,0
2026-08-16 12:00:00,208.52,52.13,50.73,43.94,69.09,44.76,Off-Peak,0.08,24.9,10.9,0,0,0,0,0
2026-08-16 12:15:00,216.19,54.047,57.51,46.84,68.63,43.21,Off-Peak,0.08,28.6,10.5,0,0,0,0,0
2026-08-16 12:30:00,211.99,52.998,50.36,46.02,70.58,45.03,Off-Peak,0.08,27.6,11.0,0,0,0,0,0
2026-08-16 12:45:00,211.82,52.955,57.47,46.68,70.54,37.13,Off-Peak,0.08,27.4,8.2,0,0,0,0,0
2026-08-16 13:00:00,207.83,51.958,54.85,46.88,69.65,36.45,Off-Peak,0.08,28.3,13.7,0,0,0,0,0
2026-08-16 13:15:00,210.37,52.593,61.92,39.92,72.47,36.07,Off-Peak,0.08,29.6,11.5,0,0,0,0,0
2026-08-16 13:30:00,198.96,49.74,48.78,43.98,68.31,37.89,Off-Peak,0.08,29.1,12.9,0,0,0,0,0
2026-08-16 13:45:00,210.98,52.745,54.6,46.03,70.34,40.01,Off-Peak,0.08,29.3,13.4,0,0,0,0,0
2026-08-16 14:00:00,209.06,52.265,55.89,46.97,67.58,38.62,Off-Peak,0.08,28.1,13.3,0,0,0,0,0
2026-08-16 14:15:00,201.54,50.385,49.94,42.0,71.57,38.04,Off-Peak,0.08,28.8,5.4,0,0,0,0,0
2026-08-16 14:30:00,216.53,54.133,53.63,43.23,76.5,43.16,Off-Peak,0.08,28.1,7.6,0,0,0,0,0
2026-08-16 14:45:00,201.57,50.392,52.0,38.89,66.68,44.0,Off-Peak,0.08,29.7,13.5,0,0,0,0,0
2026-08-16 15:00:00,209.07,52.267,53.71,43.81,70.81,40.75,Off-Peak,0.08,28.3,6.2,0,0,0,0,0
2026-08-16 15:15:00,207.44,51.86,53.08,44.22,72.06,38.07,Off-Peak,0.08,28.0,12.1,0,0,0,0,0
2026-08-16 15:30:00,213.33,53.333,52.43,43.08,71.67,46.16,Off-Peak,0.08,28.0,11.8,0,0,0,0,0
2026-08-16 15:45:00,206.48,51.62,56.59,39.63,70.35,39.91,Off-Peak,0.08,28.8,11.4,0,0,0,0,0
2026-08-16 16:00:00,206.07,51.517,56.14,43.44,70.18,36.32,Off-Peak,0.08,28.3,10.3,0,0,0,0,0
2026-08-16 16:15:00,212.46,53.115,55.96,44.9,75.69,35.92,Off-Peak,0.08,27.6,14.2,0,0,0,0,0
2026-08-16 16:30:00,206.67,51.667,55.14,43.79,66.4,41.34,Off-Peak,0.08,26.7,15.1,0,0,0,0,0
2026-08-16 16:45:00,205.31,51.328,54.58,43.32,70.77,36.64,Off-Peak,0.08,27.7,6.7,0,0,0,0,0
2026-08-16 17:00:00,205.08,51.27,53.91,43.92,69.59,37.67,Off-Peak,0.08,28.0,12.7,0,0,0,0,0
2026-08-16 17:15:00,223.49,55.873,59.84,49.73,72.8,41.11,Off-Peak,0.08,26.3,9.2,0,0,0,0,0
2026-08-16 17:30:00,215.5,53.875,57.91,38.71,71.91,46.97,Off-Peak,0.08,25.4,9.9,0,0,0,0,0
2026-08-16 17:45:00,215.73,53.932,55.66,49.84,67.85,42.39,Off-Peak,0.08,26.7,14.2,0,0,0,0,0
2026-08-16 18:00:00,210.98,52.745,58.95,42.31,69.44,40.29,Off-Peak,0.08,26.0,10.9,0,0,0,0,0
2026-08-16 18:15:00,208.66,52.165,49.84,50.23,70.14,38.44,Off-Peak,0.08,24.3,10.7,0,0,0,0,0
2026-08-16 18:30:00,210.15,52.538,57.06,47.74,67.88,37.46,Off-Peak,0.08,24.0,9.3,0,0,0,0,0
2026-08-16 18:45:00,214.31,53.578,55.18,45.62,70.94,42.57,Off-Peak,0.08,24.8,7.8,0,0,0,0,0
2026-08-16 19:00:00,228.87,57.218,53.3,54.01,76.07,45.49,Off-Peak,0.08,22.8,5.0,0,0,0,0,0
2026-08-16 19:15:00,203.21,50.803,47.97,41.93,69.41,43.9,Off-Peak,0.08,23.2,5.0,0,0,0,0,0
2026-08-16 19:30:00,205.38,51.345,52.33,40.2,70.76,42.09,Off-Peak,0.08,23.6,10.7,0,0,0,0,0
2026-08-16 19:45:00,208.52,52.13,56.95,47.13,66.79,37.65,Off-Peak,0.08,22.8,6.9,0,0,0,0,0
2026-08-16 20:00:00,215.78,53.945,59.77,47.51,68.54,39.97,Off-Peak,0.08,22.6,9.3,0,0,0,0,0
2026-08-16 20:15:00,215.12,53.78,52.26,48.51,72.54,41.81,Off-Peak,0.08,21.6,7.8,0,0,0,0,0
2026-08-16 20:30:00,202.2,50.55,60.02,40.5,66.96,34.72,Off-Peak,0.08,22.3,8.4,0,0,0,0,0
2026-08-16 20:45:00,208.04,52.01,56.58,46.22,66.42,38.82,Off-Peak,0.08,20.3,8.5,0,0,0,0,0
2026-08-16 21:00:00,208.08,52.02,52.06,41.15,74.3,40.57,Off-Peak,0.08,19.9,5.0,0,0,0,0,0
2026-08-16 21:15:00,211.98,52.995,58.58,51.51,64.0,37.88,Off-Peak,0.08,20.3,5.5,0,0,0,0,0
2026-08-16 21:30:00,204.98,51.245,52.96,43.47,68.21,40.33,Off-Peak,0.08,19.7,11.9,0,0,0,0,0
2026-08-16 21:45:00,209.01,52.252,58.0,41.09,67.46,42.46,Off-Peak,0.08,19.9,7.7,0,0,0,0,0
2026-08-16 22:00:00,185.49,46.373,51.05,42.67,51.65,40.12,Off-Peak,0.08,19.2,12.6,0,0,0,0,0
2026-08-16 22:15:00,201.73,50.432,52.86,53.97,53.09,41.81,Off-Peak,0.08,17.3,11.4,0,0,0,0,0
2026-08-16 22:30:00,199.41,49.852,57.3,52.39,50.49,39.23,Off-Peak,0.08,18.8,10.2,0,0,0,0,0
2026-08-16 22:45:00,196.58,49.145,57.47,49.73,51.01,38.38,Off-Peak,0.08,16.0,9.8,0,0,0,0,0
2026-08-16 23:00:00,194.72,48.68,54.09,43.44,51.24,45.96,Off-Peak,0.08,15.5,8.5,0,0,0,0,0
2026-08-16 23:15:00,188.55,47.138,54.22,45.62,48.34,40.36,Off-Peak,0.08,16.8,9.3,0,0,0,0,0
2026-08-16 23:30:00,191.91,47.977,56.37,47.17,46.46,41.91,Off-Peak,0.08,16.8,10.6,0,0,0,0,0
2026-08-16 23:45:00,183.36,45.84,51.69,47.17,49.55,34.95,Off-Peak,0.08,15.6,6.7,0,0,0,0,0
2026-08-17 00:00:00,198.73,49.682,55.42,46.19,51.77,45.35,Off-Peak,0.08,16.3,5.1,0,0,0,0,0
2026-08-17 00:15:00,190.71,47.678,54.17,47.17,50.43,38.94,Off-Peak,0.08,14.6,7.9,0,0,0,0,0
2026-08-17 00:30:00,196.16,49.04,57.96,47.3,51.84,39.07,Off-Peak,0.08,15.2,5.8,0,0,0,0,0
2026-08-17 00:45:00,185.65,46.413,56.08,39.8,53.7,36.08,Off-Peak,0.08,14.8,5.8,0,0,0,0,0
2026-08-17 01:00:00,186.59,46.648,56.8,45.88,48.06,35.85,Off-Peak,0.08,15.5,11.1,0,0,0,0,0
2026-08-17 01:15:00,175.13,43.782,53.68,39.3,45.08,37.06,Off-Peak,0.08,15.8,11.0,0,0,0,0,0
2026-08-17 01:30:00,191.0,47.75,57.02,46.53,49.2,38.25,Off-Peak,0.08,15.0,11.2,0,0,0,0,0
2026-08-17 01:45:00,176.97,44.242,48.69,41.63,48.28,38.36,Off-Peak,0.08,16.1,8.4,0,0,0,0,0
2026-08-17 02:00:00,200.54,50.135,54.77,51.57,48.61,45.59,Off-Peak,0.08,15.5,7.8,0,0,0,0,0
2026-08-17 02:15:00,191.96,47.99,54.16,45.62,50.89,41.3,Off-Peak,0.08,14.5,8.2,0,0,0,0,0
2026-08-17 02:30:00,191.67,47.917,62.51,42.58,51.4,35.18,Off-Peak,0.08,14.5,5.8,0,0,0,0,0
2026-08-17 02:45:00,174.69,43.672,56.42,31.39,50.33,36.55,Off-Peak,0.08,14.9,7.7,0,0,0,0,0
2026-08-17 03:00:00,182.53,45.633,52.43,43.63,47.9,38.57,Off-Peak,0.08,15.5,5.9,0,0,0,0,0
2026-08-17 03:15:00,188.47,47.117,58.05,38.52,49.64,42.26,Off-Peak,0.08,14.4,4.3,0,0,0,0,0
2026-08-17 03:30:00,193.48,48.37,55.68,50.59,47.66,39.55,Off-Peak,0.08,15.0,6.3,0,0,0,0,0
2026-08-17 03:45:00,180.69,45.172,55.1,40.73,49.09,35.78,Off-Peak,0.08,14.3,7.2,0,0,0,0,0
2026-08-17 04:00:00,188.24,47.06,51.71,41.89,51.01,43.64,Off-Peak,0.08,16.0,10.1,0,0,0,0,0
2026-08-17 04:15:00,186.89,46.722,55.85,44.49,45.05,41.5,Off-Peak,0.08,15.0,7.7,0,0,0,0,0
2026-08-17 04:30:00,190.61,47.653,51.91,42.43,53.54,42.73,Off-Peak,0.08,17.7,8.2,0,0,0,0,0
2026-08-17 04:45:00,188.51,47.127,53.02,44.0,49.84,41.65,Off-Peak,0.08,17.2,8.7,0,0,0,0,0
2026-08-17 05:00:00,190.19,47.547,50.74,46.12,51.47,41.86,Off-Peak,0.08,18.3,10.2,0,0,0,0,0
2026-08-17 05:15:00,187.57,46.892,51.17,39.58,50.47,46.35,Off-Peak,0.08,16.9,13.8,0,0,0,0,0
2026-08-17 05:30:00,194.17,48.542,58.23,44.91,49.33,41.7,Off-Peak,0.08,17.1,7.5,0,0,0,0,0
2026-08-17 05:45:00,196.64,49.16,58.87,46.54,50.58,40.64,Off-Peak,0.08,18.3,10.1,0,0,0,0,0
2026-08-17 06:00:00,299.0,74.75,138.0,50.98,74.55,35.48,Off-Peak,0.08,18.9,8.1,0,1,0,0,0
2026-08-17 06:15:00,294.76,73.69,136.08,47.01,72.01,39.66,Off-Peak,0.08,18.9,6.6,0,1,0,0,0
2026-08-17 06:30:00,283.89,70.972,137.47,31.3,73.56,41.56,Off-Peak,0.08,17.8,6.1,0,1,0,1,0
2026-08-17 06:45:00,298.94,74.735,135.19,47.15,73.82,42.77,Off-Peak,0.08,20.8,7.6,0,1,0,1,0
2026-08-17 07:00:00,311.78,77.945,161.6,40.9,72.87,36.41,Off-Peak,0.08,19.7,85.4,0,1,0,1,0
2026-08-17 07:15:00,314.93,78.733,156.27,45.73,73.48,39.45,Off-Peak,0.08,19.9,80.1,0,1,0,1,0
2026-08-17 07:30:00,326.99,81.748,175.11,41.77,68.56,41.55,Off-Peak,0.08,19.9,90.5,0,1,1,1,0
2026-08-17 07:45:00,330.57,82.642,170.0,48.16,72.4,40.02,Off-Peak,0.08,22.8,84.4,0,1,1,1,0
2026-08-17 08:00:00,551.19,137.798,176.62,268.47,70.15,35.94,Normal,0.18,21.6,92.6,103,1,1,1,0
2026-08-17 08:15:00,568.23,142.058,175.92,279.51,70.12,42.68,Normal,0.18,23.0,86.9,100,1,1,1,0
2026-08-17 08:30:00,578.14,144.535,183.78,286.01,68.72,39.63,Normal,0.18,23.4,88.0,158,1,1,1,0
2026-08-17 08:45:00,571.61,142.903,178.74,274.14,75.91,42.82,Normal,0.18,23.2,91.9,128,1,1,1,0
2026-08-17 09:00:00,592.59,148.148,183.9,297.84,71.04,39.81,Normal,0.18,23.9,92.0,123,1,1,1,0
2026-08-17 09:15:00,570.68,142.67,184.56,280.14,68.24,37.75,Normal,0.18,24.3,92.1,114,1,1,1,0
2026-08-17 09:30:00,567.07,141.768,183.48,275.93,62.93,44.72,Normal,0.18,24.0,90.2,124,1,1,1,0
2026-08-17 09:45:00,574.35,143.588,201.94,265.52,70.72,36.18,Normal,0.18,26.6,86.7,140,1,1,1,0
2026-08-17 10:00:00,589.27,147.317,186.32,292.16,68.04,42.75,Normal,0.18,25.6,89.5,115,1,1,1,0
2026-08-17 10:15:00,599.71,149.928,198.44,288.99,73.11,39.17,Normal,0.18,26.8,100.0,108,1,1,1,0
2026-08-17 10:30:00,598.76,149.69,196.7,295.98,67.68,38.4,Normal,0.18,26.4,95.4,119,1,1,1,0
2026-08-17 10:45:00,600.28,150.07,190.89,304.35,68.42,36.62,Normal,0.18,26.8,93.0,108,1,1,1,0
2026-08-17 11:00:00,563.51,140.877,188.2,265.48,71.85,37.98,Normal,0.18,26.6,83.7,127,1,1,1,0
2026-08-17 11:15:00,564.27,141.067,200.12,257.13,69.6,37.42,Normal,0.18,27.9,92.9,123,1,1,1,0
2026-08-17 11:30:00,585.2,146.3,195.29,281.84,70.26,37.81,Normal,0.18,28.0,84.3,104,1,1,1,0
2026-08-17 11:45:00,592.07,148.018,193.82,289.69,66.95,41.61,Normal,0.18,28.0,88.3,124,1,1,1,0
2026-08-17 12:00:00,583.16,145.79,199.49,271.52,70.43,41.73,Normal,0.18,27.4,93.5,127,1,1,1,0
2026-08-17 12:15:00,614.31,153.577,212.53,294.25,67.23,40.3,Normal,0.18,28.1,94.1,114,1,1,1,0
2026-08-17 12:30:00,601.71,150.428,206.85,288.69,62.53,43.65,Normal,0.18,27.5,92.9,116,1,1,1,0
2026-08-17 12:45:00,607.72,151.93,201.66,302.48,69.18,34.39,Normal,0.18,29.2,90.7,103,1,1,1,0
2026-08-17 13:00:00,601.3,150.325,209.22,280.22,68.74,43.14,Normal,0.18,28.7,94.6,100,1,1,1,0
2026-08-17 13:15:00,595.83,148.958,207.96,282.67,66.79,38.42,Normal,0.18,29.8,95.9,122,1,1,1,0
2026-08-17 13:30:00,608.23,152.058,212.27,285.96,70.04,39.96,Normal,0.18,29.6,95.0,126,1,1,1,0
2026-08-17 13:45:00,582.1,145.525,209.03,261.25,68.73,43.08,Normal,0.18,29.0,92.3,118,1,1,1,0
2026-08-17 14:00:00,585.52,146.38,197.89,274.76,74.85,38.02,Normal,0.18,29.2,95.6,104,1,1,1,0
2026-08-17 14:15:00,597.69,149.423,205.56,282.96,72.32,36.85,Normal,0.18,28.9,91.6,111,1,1,1,0
2026-08-17 14:30:00,612.24,153.06,208.88,297.8,67.03,38.53,Normal,0.18,29.3,90.3,122,1,1,1,0
2026-08-17 14:45:00,568.31,142.077,197.75,265.16,67.94,37.46,Normal,0.18,28.5,100.0,103,1,1,1,0
2026-08-17 15:00:00,614.47,153.618,208.38,294.24,71.57,40.28,Normal,0.18,28.1,99.5,108,1,1,1,0
2026-08-17 15:15:00,611.12,152.78,196.94,297.29,75.7,41.18,Normal,0.18,28.9,87.4,117,1,1,1,0
2026-08-17 15:30:00,594.47,148.618,201.23,281.08,69.27,42.89,Normal,0.18,27.4,96.0,113,1,1,1,0
2026-08-17 15:45:00,569.17,142.292,192.33,269.74,67.88,39.22,Normal,0.18,27.5,92.9,120,1,1,1,0
2026-08-17 16:00:00,624.34,156.085,211.77,300.01,72.33,40.22,Normal,0.18,29.1,92.7,141,1,1,1,0
2026-08-17 16:15:00,567.29,141.822,197.14,263.03,67.11,40.0,Normal,0.18,27.5,82.2,109,1,1,1,0
2026-08-17 16:30:00,604.64,151.16,193.88,299.09,65.32,46.35,Normal,0.18,27.7,95.9,125,1,1,1,0
2026-08-17 16:45:00,575.39,143.847,191.21,278.71,68.31,37.16,Normal,0.18,25.7,90.2,120,1,1,1,0
2026-08-17 17:00:00,590.49,147.623,196.77,292.23,65.13,36.36,Normal,0.18,28.2,87.4,132,1,1,1,0
2026-08-17 17:15:00,600.35,150.088,185.95,308.03,65.82,40.55,Normal,0.18,27.5,83.6,118,1,1,1,0
2026-08-17 17:30:00,597.81,149.452,193.28,293.55,68.84,42.14,Normal,0.18,26.0,91.1,83,1,1,1,0
2026-08-17 17:45:00,556.03,139.007,188.72,257.28,70.82,39.2,Normal,0.18,24.9,80.9,100,1,1,1,0
2026-08-17 18:00:00,573.66,143.415,183.36,277.72,76.9,35.68,Peak,0.35,25.1,90.6,94,1,0,1,0
2026-08-17 18:15:00,551.75,137.938,171.97,272.17,66.37,41.24,Peak,0.35,24.7,95.1,93,1,0,1,0
2026-08-17 18:30:00,573.44,143.36,182.33,275.97,66.73,48.4,Peak,0.35,24.5,83.9,68,0,0,1,0
2026-08-17 18:45:00,547.6,136.9,173.16,260.99,72.48,40.96,Peak,0.35,23.9,74.6,80,0,0,1,0
2026-08-17 19:00:00,580.78,145.195,175.74,292.53,71.01,41.5,Peak,0.35,23.6,23.9,108,0,0,1,0
2026-08-17 19:15:00,575.34,143.835,178.38,285.38,73.57,38.0,Peak,0.35,23.8,26.4,83,0,0,1,0
2026-08-17 19:30:00,331.92,82.98,176.08,44.45,73.4,37.98,Peak,0.35,23.1,16.9,0,0,0,1,0
2026-08-17 19:45:00,330.27,82.567,177.24,41.6,70.55,40.88,Peak,0.35,22.3,24.6,0,0,0,1,0
2026-08-17 20:00:00,322.38,80.595,176.75,35.55,68.74,41.34,Peak,0.35,22.3,19.2,0,0,0,0,0
2026-08-17 20:15:00,329.91,82.478,174.58,43.57,73.9,37.86,Peak,0.35,21.9,22.8,0,0,0,0,0
2026-08-17 20:30:00,324.26,81.065,174.31,45.53,69.0,35.41,Peak,0.35,21.8,22.9,0,0,0,0,0
2026-08-17 20:45:00,307.59,76.897,160.01,39.05,68.62,39.92,Peak,0.35,20.9,12.9,0,0,0,0,0
2026-08-17 21:00:00,319.45,79.862,167.18,43.96,67.64,40.68,Peak,0.35,20.4,13.2,0,0,0,0,0
2026-08-17 21:15:00,311.54,77.885,164.13,37.36,69.34,40.7,Peak,0.35,21.3,14.8,0,0,0,0,0
2026-08-17 21:30:00,315.21,78.802,151.3,52.27,74.3,37.34,Peak,0.35,19.0,7.5,0,0,0,0,0
2026-08-17 21:45:00,318.44,79.61,164.51,46.23,72.85,34.85,Peak,0.35,19.4,7.7,0,0,0,0,0
2026-08-17 22:00:00,195.46,48.865,57.56,49.57,50.13,38.2,Off-Peak,0.08,19.0,8.0,0,0,0,0,0
2026-08-17 22:15:00,178.3,44.575,52.38,40.4,47.05,38.47,Off-Peak,0.08,18.7,7.9,0,0,0,0,0
2026-08-17 22:30:00,191.06,47.765,53.41,49.02,48.34,40.29,Off-Peak,0.08,18.6,8.4,0,0,0,0,0
2026-08-17 22:45:00,176.96,44.24,50.27,40.75,46.72,39.22,Off-Peak,0.08,17.2,9.6,0,0,0,0,0
2026-08-17 23:00:00,194.7,48.675,53.47,49.36,52.14,39.73,Off-Peak,0.08,18.0,7.0,0,0,0,0,0
2026-08-17 23:15:00,199.67,49.917,59.13,55.74,51.04,33.75,Off-Peak,0.08,17.3,5.8,0,0,0,0,0
2026-08-17 23:30:00,194.15,48.538,53.74,51.36,51.18,37.88,Off-Peak,0.08,16.0,9.2,0,0,0,0,0
2026-08-17 23:45:00,195.38,48.845,54.45,42.23,52.35,46.35,Off-Peak,0.08,16.2,6.2,0,0,0,0,0
2026-08-18 00:00:00,184.01,46.002,54.26,37.41,50.09,42.25,Off-Peak,0.08,14.8,4.2,0,0,0,0,0
2026-08-18 00:15:00,179.79,44.947,54.42,35.11,50.05,40.21,Off-Peak,0.08,16.9,8.4,0,0,0,0,0
2026-08-18 00:30:00,173.4,43.35,53.69,37.61,45.42,36.67,Off-Peak,0.08,16.0,6.6,0,0,0,0,0
2026-08-18 00:45:00,174.09,43.523,53.45,42.31,48.03,30.3,Off-Peak,0.08,14.1,8.7,0,0,0,0,0
2026-08-18 01:00:00,183.86,45.965,53.76,37.73,51.94,40.43,Off-Peak,0.08,16.4,6.0,0,0,0,0,0
2026-08-18 01:15:00,191.48,47.87,60.03,44.64,49.64,37.18,Off-Peak,0.08,14.5,7.2,0,0,0,0,0
2026-08-18 01:30:00,188.6,47.15,55.98,50.5,45.5,36.62,Off-Peak,0.08,13.5,7.7,0,0,0,0,0
2026-08-18 01:45:00,187.06,46.765,54.56,44.39,50.82,37.29,Off-Peak,0.08,14.6,8.0,0,0,0,0,0
2026-08-18 02:00:00,202.96,50.74,54.04,53.0,53.11,42.8,Off-Peak,0.08,15.7,8.9,0,0,0,0,0
2026-08-18 02:15:00,209.63,52.407,57.38,55.03,52.47,44.74,Off-Peak,0.08,12.6,11.2,0,0,0,0,0
2026-08-18 02:30:00,193.0,48.25,60.98,46.08,46.86,39.08,Off-Peak,0.08,15.8,10.7,0,0,0,0,0
2026-08-18 02:45:00,179.05,44.763,51.26,36.84,48.52,42.42,Off-Peak,0.08,15.4,8.1,0,0,0,0,0
2026-08-18 03:00:00,187.92,46.98,58.17,44.6,46.52,38.63,Off-Peak,0.08,16.5,9.8,0,0,0,0,0
2026-08-18 03:15:00,193.24,48.31,55.16,47.21,51.71,39.17,Off-Peak,0.08,15.2,7.0,0,0,0,0,0
2026-08-18 03:30:00,196.65,49.163,55.13,51.11,48.86,41.54,Off-Peak,0.08,14.0,7.0,0,0,0,0,0
2026-08-18 03:45:00,188.3,47.075,57.79,41.7,48.85,39.96,Off-Peak,0.08,16.0,8.1,0,0,0,0,0
2026-08-18 04:00:00,189.44,47.36,52.86,46.13,49.8,40.64,Off-Peak,0.08,15.4,9.0,0,0,0,0,0
2026-08-18 04:15:00,196.41,49.102,55.29,46.01,49.99,45.12,Off-Peak,0.08,15.8,7.3,0,0,0,0,0
2026-08-18 04:30:00,184.07,46.017,50.28,46.86,47.77,39.17,Off-Peak,0.08,15.7,7.9,0,0,0,0,0
2026-08-18 04:45:00,189.09,47.273,53.34,42.02,52.87,40.85,Off-Peak,0.08,16.4,8.6,0,0,0,0,0
2026-08-18 05:00:00,190.33,47.583,59.94,43.82,48.62,37.95,Off-Peak,0.08,16.6,7.5,0,0,0,0,0
2026-08-18 05:15:00,180.66,45.165,51.16,39.38,48.34,41.77,Off-Peak,0.08,16.9,6.8,0,0,0,0,0
2026-08-18 05:30:00,197.83,49.458,58.81,51.48,49.44,38.11,Off-Peak,0.08,17.4,7.6,0,0,0,0,0
2026-08-18 05:45:00,183.52,45.88,54.39,43.07,48.37,37.69,Off-Peak,0.08,17.4,9.4,0,0,0,0,0
2026-08-18 06:00:00,289.48,72.37,141.61,42.33,69.55,35.99,Off-Peak,0.08,18.8,5.4,0,1,0,0,0
2026-08-18 06:15:00,298.04,74.51,137.53,52.36,70.53,37.62,Off-Peak,0.08,18.9,7.3,0,1,0,0,0
2026-08-18 06:30:00,304.56,76.14,144.26,46.41,72.07,41.83,Off-Peak,0.08,18.8,9.2,0,1,0,1,0
2026-08-18 06:45:00,301.35,75.338,148.11,49.92,65.98,37.34,Off-Peak,0.08,20.9,4.1,0,1,0,1,0
2026-08-18 07:00:00,322.08,80.52,160.03,46.21,72.6,43.24,Off-Peak,0.08,19.5,81.4,0,1,0,1,0
2026-08-18 07:15:00,330.77,82.692,170.86,48.23,70.25,41.42,Off-Peak,0.08,20.0,81.4,0,1,0,1,0
2026-08-18 07:30:00,319.0,79.75,169.25,46.34,65.47,37.94,Off-Peak,0.08,21.1,88.9,0,1,1,1,0
2026-08-18 07:45:00,314.33,78.582,164.89,42.33,65.46,41.65,Off-Peak,0.08,21.0,85.1,0,1,1,1,0
2026-08-18 08:00:00,558.61,139.653,167.28,285.05,68.37,37.91,Normal,0.18,21.9,79.1,123,1,1,1,0
2026-08-18 08:15:00,551.7,137.925,173.53,272.09,66.93,39.14,Normal,0.18,21.8,88.1,117,1,1,1,0
2026-08-18 08:30:00,553.38,138.345,183.51,263.7,67.69,38.49,Normal,0.18,24.3,87.5,118,1,1,1,0
2026-08-18 08:45:00,565.01,141.252,175.93,281.54,70.74,36.79,Normal,0.18,23.0,98.7,113,1,1,1,0
2026-08-18 09:00:00,544.98,136.245,169.68,264.28,72.06,38.96,Normal,0.18,21.8,93.3,127,1,1,1,0
2026-08-18 09:15:00,604.01,151.002,179.52,313.5,67.92,43.08,Normal,0.18,23.7,94.5,125,1,1,1,0
2026-08-18 09:30:00,567.72,141.93,172.9,283.37,71.05,40.4,Normal,0.18,24.1,90.3,119,1,1,1,0
2026-08-18 09:45:00,573.63,143.407,187.35,277.45,71.91,36.92,Normal,0.18,24.5,93.1,129,1,1,1,0
2026-08-18 10:00:00,594.95,148.738,199.71,287.4,67.09,40.74,Normal,0.18,25.8,91.2,150,1,1,1,0
2026-08-18 10:15:00,587.89,146.972,198.28,285.73,62.97,40.9,Normal,0.18,26.5,89.6,139,1,1,1,0
2026-08-18 10:30:00,594.54,148.635,197.15,282.93,75.0,39.46,Normal,0.18,25.9,95.6,131,1,1,1,0
2026-08-18 10:45:00,572.79,143.197,192.34,273.66,66.06,40.72,Normal,0.18,26.5,97.2,91,1,1,1,0
2026-08-18 11:00:00,586.15,146.537,202.66,275.73,66.47,41.3,Normal,0.18,27.2,99.6,126,1,1,1,0
2026-08-18 11:15:00,576.6,144.15,198.06,268.95,69.83,39.76,Normal,0.18,28.1,92.9,111,1,1,1,0
2026-08-18 11:30:00,589.98,147.495,201.6,281.15,69.48,37.76,Normal,0.18,27.4,90.4,125,1,1,1,0
2026-08-18 11:45:00,611.78,152.945,202.78,293.84,70.37,44.79,Normal,0.18,28.3,86.3,110,1,1,1,0
2026-08-18 12:00:00,595.74,148.935,199.17,288.6,65.0,42.97,Normal,0.18,28.4,95.9,104,1,1,1,0
2026-08-18 12:15:00,591.46,147.865,196.7,286.49,70.49,37.77,Normal,0.18,27.6,89.9,109,1,1,1,0
2026-08-18 12:30:00,608.62,152.155,203.13,292.89,74.37,38.24,Normal,0.18,28.3,100.0,100,1,1,1,0
2026-08-18 12:45:00,577.22,144.305,211.14,254.91,71.16,40.0,Normal,0.18,28.5,100.0,112,1,1,1,0
2026-08-18 13:00:00,593.8,148.45,196.99,292.23,66.46,38.13,Normal,0.18,28.1,91.6,123,1,1,1,0
2026-08-18 13:15:00,608.49,152.123,206.04,286.8,74.42,41.23,Normal,0.18,29.9,93.3,113,1,1,1,0
2026-08-18 13:30:00,585.59,146.398,197.5,282.92,68.34,36.83,Normal,0.18,28.0,95.3,101,1,1,1,0
2026-08-18 13:45:00,622.91,155.727,206.62,305.96,71.62,38.71,Normal,0.18,28.0,100.0,120,1,1,1,0
2026-08-18 14:00:00,606.84,151.71,190.31,304.07,71.47,40.99,Normal,0.18,29.2,94.4,150,1,1,1,0
2026-08-18 14:15:00,590.64,147.66,196.76,282.79,71.68,39.4,Normal,0.18,28.5,97.6,107,1,1,1,0
2026-08-18 14:30:00,566.5,141.625,204.69,251.88,71.57,38.37,Normal,0.18,28.2,95.4,109,1,1,1,0
2026-08-18 14:45:00,587.92,146.98,202.54,274.26,69.65,41.47,Normal,0.18,28.2,98.8,117,1,1,1,0
2026-08-18 15:00:00,603.9,150.975,210.16,280.82,71.97,40.94,Normal,0.18,29.6,98.5,127,1,1,1,0
2026-08-18 15:15:00,595.21,148.803,194.11,294.64,65.27,41.18,Normal,0.18,27.8,87.9,131,1,1,1,0
2026-08-18 15:30:00,568.98,142.245,205.55,259.85,67.12,36.45,Normal,0.18,28.8,98.7,115,1,1,1,0
2026-08-18 15:45:00,609.16,152.29,192.72,300.19,73.56,42.69,Normal,0.18,27.3,99.9,126,1,1,1,0
2026-08-18 16:00:00,569.54,142.385,196.78,273.86,66.33,32.57,Normal,0.18,27.0,96.6,127,1,1,1,0
2026-08-18 16:15:00,618.64,154.66,200.49,307.09,73.98,37.08,Normal,0.18,27.5,90.7,121,1,1,1,0
2026-08-18 16:30:00,602.52,150.63,198.73,294.45,69.68,39.66,Normal,0.18,29.4,92.0,124,1,1,1,0
2026-08-18 16:45:00,596.48,149.12,195.24,287.65,70.79,42.8,Normal,0.18,26.3,88.9,134,1,1,1,0
2026-08-18 17:00:00,561.41,140.352,177.03,273.26,72.29,38.83,Normal,0.18,26.7,90.9,108,1,1,1,0
2026-08-18 17:15:00,564.23,141.058,201.45,254.11,69.52,39.16,Normal,0.18,27.4,92.2,103,1,1,1,0
2026-08-18 17:30:00,600.28,150.07,182.3,306.66,71.45,39.87,Normal,0.18,26.0,93.1,84,1,1,1,0
2026-08-18 17:45:00,583.42,145.855,194.54,279.3,71.35,38.23,Normal,0.18,25.4,87.6,96,1,1,1,0
2026-08-18 18:00:00,595.23,148.808,191.71,288.66,71.52,43.34,Peak,0.35,26.3,87.2,89,1,0,1,0
2026-08-18 18:15:00,561.37,140.343,180.63,275.96,69.77,35.02,Peak,0.35,25.6,85.0,88,1,0,1,0
2026-08-18 18:30:00,578.81,144.702,189.52,280.14,70.91,38.23,Peak,0.35,26.9,93.8,81,0,0,1,0
2026-08-18 18:45:00,563.69,140.923,172.22,280.59,70.49,40.39,Peak,0.35,24.2,86.6,101,0,0,1,0
2026-08-18 19:00:00,571.53,142.882,182.37,278.81,70.64,39.71,Peak,0.35,23.5,25.7,79,0,0,1,0
2026-08-18 19:15:00,573.92,143.48,186.02,278.45,67.42,42.04,Peak,0.35,24.4,23.0,111,0,0,1,0
2026-08-18 19:30:00,308.83,77.207,158.37,45.03,68.62,36.81,Peak,0.35,22.7,24.4,0,0,0,1,0
2026-08-18 19:45:00,322.04,80.51,168.83,38.16,70.95,44.1,Peak,0.35,22.0,19.5,0,0,0,1,0
2026-08-18 20:00:00,340.78,85.195,175.48,51.18,75.61,38.5,Peak,0.35,22.2,22.4,0,0,0,0,0
2026-08-18 20:15:00,332.47,83.118,167.89,48.88,75.67,40.03,Peak,0.35,21.0,21.1,0,0,0,0,0
2026-08-18 20:30:00,328.45,82.112,177.1,43.32,69.08,38.96,Peak,0.35,21.4,14.6,0,0,0,0,0
2026-08-18 20:45:00,309.58,77.395,157.91,38.17,67.64,45.85,Peak,0.35,20.1,14.1,0,0,0,0,0
2026-08-18 21:00:00,324.55,81.138,169.38,54.17,64.69,36.31,Peak,0.35,20.8,17.8,0,0,0,0,0
2026-08-18 21:15:00,308.01,77.002,154.48,42.77,70.66,40.11,Peak,0.35,19.1,12.3,0,0,0,0,0
2026-08-18 21:30:00,297.5,74.375,149.38,42.25,69.26,36.61,Peak,0.35,18.7,6.0,0,0,0,0,0
2026-08-18 21:45:00,295.83,73.957,152.67,39.63,67.45,36.07,Peak,0.35,18.5,7.9,0,0,0,0,0
2026-08-18 22:00:00,192.22,48.055,57.72,47.03,49.86,37.61,Off-Peak,0.08,18.4,6.3,0,0,0,0,0
2026-08-18 22:15:00,202.11,50.528,55.43,53.02,50.92,42.74,Off-Peak,0.08,18.4,9.4,0,0,0,0,0
2026-08-18 22:30:00,187.04,46.76,52.61,42.71,50.7,41.03,Off-Peak,0.08,17.8,9.4,0,0,0,0,0
2026-08-18 22:45:00,179.14,44.785,50.73,40.13,50.46,37.83,Off-Peak,0.08,17.8,10.2,0,0,0,0,0
2026-08-18 23:00:00,186.32,46.58,54.77,42.42,49.04,40.09,Off-Peak,0.08,19.8,9.0,0,0,0,0,0
2026-08-18 23:15:00,199.43,49.858,54.18,51.72,52.77,40.76,Off-Peak,0.08,16.8,7.1,0,0,0,0,0
2026-08-18 23:30:00,207.25,51.812,59.66,51.85,51.47,44.27,Off-Peak,0.08,15.4,9.1,0,0,0,0,0
2026-08-18 23:45:00,190.31,47.578,52.96,46.46,52.66,38.23,Off-Peak,0.08,16.2,9.3,0,0,0,0,0
2026-08-19 00:00:00,196.81,49.203,54.32,48.25,49.09,45.16,Off-Peak,0.08,15.2,8.2,0,0,0,0,0
2026-08-19 00:15:00,178.44,44.61,52.71,36.02,50.48,39.24,Off-Peak,0.08,14.7,10.5,0,0,0,0,0
2026-08-19 00:30:00,196.19,49.047,54.97,49.88,51.17,40.17,Off-Peak,0.08,14.6,4.6,0,0,0,0,0
2026-08-19 00:45:00,177.72,44.43,50.71,37.9,49.59,39.52,Off-Peak,0.08,15.8,7.9,0,0,0,0,0
2026-08-19 01:00:00,188.89,47.222,56.82,43.6,47.24,41.24,Off-Peak,0.08,15.9,9.5,0,0,0,0,0
2026-08-19 01:15:00,181.87,45.468,52.5,41.54,50.24,37.59,Off-Peak,0.08,15.6,3.2,0,0,0,0,0
2026-08-19 01:30:00,181.42,45.355,54.52,41.42,48.72,36.76,Off-Peak,0.08,15.0,7.6,0,0,0,0,0
2026-08-19 01:45:00,199.25,49.812,52.69,52.6,49.37,44.59,Off-Peak,0.08,15.3,9.1,0,0,0,0,0
2026-08-19 02:00:00,190.59,47.648,56.21,46.24,50.07,38.07,Off-Peak,0.08,14.5,3.9,0,0,0,0,0
2026-08-19 02:15:00,195.5,48.875,54.09,49.21,50.37,41.83,Off-Peak,0.08,15.0,7.0,0,0,0,0,0
2026-08-19 02:30:00,176.28,44.07,51.54,43.15,43.36,38.23,Off-Peak,0.08,14.9,7.3,0,0,0,0,0
2026-08-19 02:45:00,186.4,46.6,54.19,46.74,45.64,39.83,Off-Peak,0.08,15.1,9.1,0,0,0,0,0
2026-08-19 03:00:00,196.62,49.155,54.44,51.38,50.74,40.05,Off-Peak,0.08,13.9,5.6,0,0,0,0,0
2026-08-19 03:15:00,189.51,47.377,53.37,47.14,47.23,41.78,Off-Peak,0.08,15.4,6.6,0,0,0,0,0
2026-08-19 03:30:00,180.79,45.197,57.88,36.63,48.84,37.43,Off-Peak,0.08,15.2,9.7,0,0,0,0,0
2026-08-19 03:45:00,206.69,51.672,62.32,48.05,53.83,42.49,Off-Peak,0.08,14.3,5.9,0,0,0,0,0
2026-08-19 04:00:00,188.27,47.068,56.77,47.19,48.85,35.47,Off-Peak,0.08,15.3,7.2,0,0,0,0,0
2026-08-19 04:15:00,189.47,47.367,54.02,45.57,49.51,40.37,Off-Peak,0.08,18.8,7.7,0,0,0,0,0
2026-08-19 04:30:00,189.05,47.263,51.51,44.19,49.07,44.27,Off-Peak,0.08,17.5,7.8,0,0,0,0,0
2026-08-19 04:45:00,181.07,45.267,51.16,38.87,50.03,41.01,Off-Peak,0.08,17.7,8.2,0,0,0,0,0
2026-08-19 05:00:00,180.04,45.01,53.22,44.88,45.23,36.7,Off-Peak,0.08,16.8,7.0,0,0,0,0,0
2026-08-19 05:15:00,192.81,48.203,52.56,45.9,50.45,43.89,Off-Peak,0.08,16.9,10.4,0,0,0,0,0
2026-08-19 05:30:00,183.47,45.867,53.57,41.68,49.52,38.7,Off-Peak,0.08,18.7,7.9,0,0,0,0,0
2026-08-19 05:45:00,202.17,50.542,56.78,51.3,53.73,40.37,Off-Peak,0.08,18.6,8.8,0,0,0,0,0
2026-08-19 06:00:00,309.25,77.312,145.63,50.31,73.03,40.28,Off-Peak,0.08,19.4,7.3,0,1,0,0,0
2026-08-19 06:15:00,298.93,74.733,134.84,52.67,69.07,42.36,Off-Peak,0.08,18.4,5.2,0,1,0,0,0
2026-08-19 06:30:00,282.84,70.71,148.8,30.46,66.33,37.25,Off-Peak,0.08,20.0,7.4,0,1,0,1,0
2026-08-19 06:45:00,296.34,74.085,140.43,46.97,71.79,37.15,Off-Peak,0.08,19.1,8.7,0,1,0,1,0
2026-08-19 07:00:00,314.05,78.513,159.8,37.15,72.91,44.19,Off-Peak,0.08,19.2,87.0,0,1,0,1,0
2026-08-19 07:15:00,339.88,84.97,176.63,51.85,68.08,43.33,Off-Peak,0.08,21.9,86.6,0,1,0,1,0
2026-08-19 07:30:00,331.12,82.78,173.42,51.48,70.67,35.55,Off-Peak,0.08,21.3,90.9,0,1,1,1,0
2026-08-19 07:45:00,343.23,85.808,181.74,44.55,73.53,43.4,Off-Peak,0.08,22.7,82.2,0,1,1,1,0
2026-08-19 08:00:00,535.33,133.833,178.53,249.79,70.35,36.65,Normal,0.18,22.3,90.1,107,1,1,1,0
2026-08-19 08:15:00,570.01,142.502,180.26,279.94,70.55,39.26,Normal,0.18,21.5,96.2,108,1,1,1,0
2026-08-19 08:30:00,569.09,142.273,184.08,276.2,68.74,40.07,Normal,0.18,23.4,85.4,127,1,1,1,0
2026-08-19 08:45:00,565.56,141.39,185.35,269.21,69.61,41.38,Normal,0.18,22.9,91.8,132,1,1,1,0
2026-08-19 09:00:00,554.65,138.662,182.62,265.86,69.08,37.1,Normal,0.18,24.3,95.4,110,1,1,1,0
2026-08-19 09:15:00,599.31,149.827,193.64,293.01,65.09,47.57,Normal,0.18,26.1,97.0,112,1,1,1,0
2026-08-19 09:30:00,568.97,142.243,174.69,287.29,66.68,40.3,Normal,0.18,24.2,90.5,109,1,1,1,0
2026-08-19 09:45:00,567.78,141.945,179.22,268.77,71.99,47.81,Normal,0.18,24.5,92.7,140,1,1,1,0
2026-08-19 10:00:00,580.07,145.018,187.94,280.47,68.95,42.71,Normal,0.18,25.9,87.5,136,1,1,1,0
2026-08-19 10:15:00,567.95,141.988,191.46,265.43,76.53,34.53,Normal,0.18,25.6,99.1,111,1,1,1,0
2026-08-19 10:30:00,603.97,150.993,210.54,275.04,77.28,41.11,Normal,0.18,28.3,100.0,127,1,1,1,0
2026-08-19 10:45:00,585.03,146.257,197.61,276.22,69.37,41.83,Normal,0.18,27.4,94.2,119,1,1,1,0
2026-08-19 11:00:00,602.84,150.71,198.83,290.77,73.44,39.81,Normal,0.18,28.2,78.8,135,1,1,1,0
2026-08-19 11:15:00,609.63,152.407,202.9,305.18,63.63,37.93,Normal,0.18,28.5,92.5,124,1,1,1,0
2026-08-19 11:30:00,578.97,144.743,195.08,271.13,74.64,38.11,Normal,0.18,28.0,92.0,142,1,1,1,0
2026-08-19 11:45:00,579.61,144.903,203.03,271.92,69.71,34.95,Normal,0.18,27.9,90.7,120,1,1,1,0
2026-08-19 12:00:00,564.65,141.162,187.7,268.0,70.05,38.9,Normal,0.18,27.0,100.0,115,1,1,1,0
2026-08-19 12:15:00,583.42,145.855,191.63,275.7,75.86,40.23,Normal,0.18,27.4,90.0,124,1,1,1,0
2026-08-19 12:30:00,613.36,153.34,200.19,299.61,68.28,45.29,Normal,0.18,29.4,80.9,117,1,1,1,0
2026-08-19 12:45:00,565.16,141.29,196.73,261.51,71.29,35.63,Normal,0.18,28.2,89.9,130,1,1,1,0
2026-08-19 13:00:00,603.13,150.782,202.3,291.25,67.72,41.87,Normal,0.18,27.4,100.0,119,1,1,1,0
2026-08-19 13:15:00,607.27,151.817,216.13,284.4,71.76,34.99,Normal,0.18,30.5,95.2,105,1,1,1,0
2026-08-19 13:30:00,571.95,142.988,201.98,264.95,68.92,36.1,Normal,0.18,28.3,100.0,116,1,1,1,0
2026-08-19 13:45:00,607.36,151.84,205.13,287.98,66.91,47.34,Normal,0.18,29.4,100.0,117,1,1,1,0
2026-08-19 14:00:00,616.08,154.02,200.05,309.29,66.32,40.4,Normal,0.18,28.4,94.1,106,1,1,1,0
2026-08-19 14:15:00,550.51,137.627,210.08,234.49,70.9,35.03,Normal,0.18,29.7,97.5,128,1,1,1,0
2026-08-19 14:30:00,611.68,152.92,197.68,298.53,70.29,45.18,Normal,0.18,28.2,92.9,139,1,1,1,0
2026-08-19 14:45:00,595.07,148.768,197.87,290.88,69.44,36.88,Normal,0.18,27.5,94.4,105,1,1,1,0
2026-08-19 15:00:00,599.89,149.972,200.97,287.01,73.91,38.0,Normal,0.18,27.2,97.3,119,1,1,1,0
2026-08-19 15:15:00,573.73,143.433,199.73,270.83,64.49,38.68,Normal,0.18,28.4,89.1,122,1,1,1,0
2026-08-19 15:30:00,609.39,152.347,209.34,290.19,65.35,44.52,Normal,0.18,27.9,98.5,120,1,1,1,0
2026-08-19 15:45:00,574.25,143.562,194.94,268.6,75.19,35.53,Normal,0.18,29.3,89.8,110,1,1,1,0
2026-08-19 16:00:00,591.2,147.8,192.15,283.23,73.22,42.61,Normal,0.18,28.1,89.3,112,1,1,1,0
2026-08-19 16:15:00,607.92,151.98,203.43,290.56,72.67,41.26,Normal,0.18,27.6,99.4,142,1,1,1,0
2026-08-19 16:30:00,604.96,151.24,197.29,298.57,66.65,42.47,Normal,0.18,27.1,84.0,120,1,1,1,0
2026-08-19 16:45:00,568.27,142.067,191.03,270.75,71.3,35.19,Normal,0.18,26.6,91.2,120,1,1,1,0
2026-08-19 17:00:00,595.05,148.762,204.62,281.57,71.79,37.07,Normal,0.18,26.9,91.7,112,1,1,1,0
2026-08-19 17:15:00,561.38,140.345,198.52,260.35,63.15,39.36,Normal,0.18,26.7,88.9,123,1,1,1,0
2026-08-19 17:30:00,589.54,147.385,185.21,295.42,68.82,40.08,Normal,0.18,25.8,77.2,79,1,1,1,0
2026-08-19 17:45:00,559.8,139.95,193.61,263.06,69.8,33.33,Normal,0.18,26.4,96.4,102,1,1,1,0
2026-08-19 18:00:00,564.26,141.065,192.82,267.08,68.93,35.42,Peak,0.35,26.8,86.6,75,1,0,1,0
2026-08-19 18:15:00,568.67,142.167,184.43,275.0,69.01,40.24,Peak,0.35,25.3,83.8,108,1,0,1,0
2026-08-19 18:30:00,564.01,141.002,179.72,269.28,68.92,46.09,Peak,0.35,24.6,84.6,87,0,0,1,0
2026-08-19 18:45:00,568.24,142.06,176.07,284.19,64.87,43.11,Peak,0.35,23.9,84.4,82,0,0,1,0
2026-08-19 19:00:00,592.68,148.17,167.77,318.7,71.63,34.58,Peak,0.35,22.0,22.1,95,0,0,1,0
2026-08-19 19:15:00,541.65,135.412,173.93,260.28,69.6,37.85,Peak,0.35,22.8,23.6,92,0,0,1,0
2026-08-19 19:30:00,334.35,83.588,178.77,42.51,72.14,40.93,Peak,0.35,23.5,25.0,0,0,0,1,0
2026-08-19 19:45:00,332.65,83.162,169.06,45.37,77.32,40.9,Peak,0.35,22.6,19.4,0,0,0,1,0
2026-08-19 20:00:00,331.75,82.938,164.34,55.89,68.8,42.72,Peak,0.35,21.5,17.5,0,0,0,0,0
2026-08-19 20:15:00,324.74,81.185,169.55,42.14,68.08,44.98,Peak,0.35,21.2,19.5,0,0,0,0,0
2026-08-19 20:30:00,335.85,83.963,172.37,47.3,76.05,40.13,Peak,0.35,21.9,19.9,0,0,0,0,0
2026-08-19 20:45:00,305.97,76.493,160.81,39.0,73.82,32.34,Peak,0.35,21.1,11.9,0,0,0,0,0
2026-08-19 21:00:00,313.13,78.282,155.24,42.55,74.15,41.19,Peak,0.35,19.9,6.0,0,0,0,0,0
2026-08-19 21:15:00,304.57,76.142,155.96,45.19,66.39,37.03,Peak,0.35,19.1,16.9,0,0,0,0,0
2026-08-19 21:30:00,310.12,77.53,154.36,52.72,71.16,31.88,Peak,0.35,18.7,12.6,0,0,0,0,0
2026-08-19 21:45:00,296.01,74.002,151.18,40.94,68.01,35.87,Peak,0.35,19.1,6.9,0,0,0,0,0
2026-08-19 22:00:00,198.74,49.685,56.07,56.18,47.34,39.15,Off-Peak,0.08,18.7,5.2,0,0,0,0,0
2026-08-19 22:15:00,198.35,49.587,56.93,48.6,50.15,42.67,Off-Peak,0.08,16.1,7.4,0,0,0,0,0
2026-08-19 22:30:00,177.52,44.38,53.43,37.74,49.19,37.16,Off-Peak,0.08,19.8,11.4,0,0,0,0,0
2026-08-19 22:45:00,190.93,47.733,54.78,49.19,49.8,37.16,Off-Peak,0.08,17.7,5.6,0,0,0,0,0
2026-08-19 23:00:00,189.38,47.345,54.02,44.79,50.03,40.54,Off-Peak,0.08,18.0,4.2,0,0,0,0,0
2026-08-19 23:15:00,188.0,47.0,53.9,42.96,48.78,42.36,Off-Peak,0.08,17.2,7.9,0,0,0,0,0
2026-08-19 23:30:00,186.51,46.627,55.06,42.39,51.24,37.82,Off-Peak,0.08,15.9,9.7,0,0,0,0,0
2026-08-19 23:45:00,195.42,48.855,53.21,47.64,51.09,43.47,Off-Peak,0.08,16.7,8.4,0,0,0,0,0
2026-08-20 00:00:00,198.9,49.725,51.62,57.24,47.19,42.85,Off-Peak,0.08,16.7,9.0,0,0,0,0,0
2026-08-20 00:15:00,189.7,47.425,54.63,44.61,52.61,37.86,Off-Peak,0.08,16.1,5.7,0,0,0,0,0
2026-08-20 00:30:00,190.2,47.55,60.2,39.65,50.65,39.7,Off-Peak,0.08,15.3,3.3,0,0,0,0,0
2026-08-20 00:45:00,198.57,49.642,60.01,46.26,51.31,40.99,Off-Peak,0.08,15.3,9.6,0,0,0,0,0
2026-08-20 01:00:00,198.96,49.74,58.23,50.55,52.17,38.02,Off-Peak,0.08,16.1,7.1,0,0,0,0,0
2026-08-20 01:15:00,194.69,48.672,50.89,52.97,49.98,40.85,Off-Peak,0.08,15.0,8.5,0,0,0,0,0
2026-08-20 01:30:00,191.12,47.78,53.19,46.1,51.35,40.49,Off-Peak,0.08,14.6,5.3,0,0,0,0,0
2026-08-20 01:45:00,202.74,50.685,56.49,52.41,51.41,42.43,Off-Peak,0.08,15.3,7.3,0,0,0,0,0
2026-08-20 02:00:00,190.44,47.61,51.87,47.27,49.98,41.32,Off-Peak,0.08,15.2,5.0,0,0,0,0,0
2026-08-20 02:15:00,192.46,48.115,58.78,45.47,48.39,39.83,Off-Peak,0.08,16.4,9.5,0,0,0,0,0
2026-08-20 02:30:00,191.39,47.847,57.37,47.6,52.47,33.94,Off-Peak,0.08,14.4,11.1,0,0,0,0,0
2026-08-20 02:45:00,190.43,47.608,54.98,43.44,51.32,40.68,Off-Peak,0.08,15.6,5.4,0,0,0,0,0
2026-08-20 03:00:00,186.91,46.727,57.13,45.81,46.73,37.24,Off-Peak,0.08,16.3,6.8,0,0,0,0,0
2026-08-20 03:15:00,191.33,47.833,56.39,39.16,49.72,46.05,Off-Peak,0.08,15.3,10.2,0,0,0,0,0
2026-08-20 03:30:00,195.89,48.972,56.48,48.82,49.09,41.51,Off-Peak,0.08,15.6,7.3,0,0,0,0,0
2026-08-20 03:45:00,188.94,47.235,55.51,47.41,48.48,37.54,Off-Peak,0.08,15.5,9.4,0,0,0,0,0
2026-08-20 04:00:00,189.3,47.325,55.86,43.47,51.8,38.18,Off-Peak,0.08,16.7,7.8,0,0,0,0,0
2026-08-20 04:15:00,195.76,48.94,58.52,42.38,53.92,40.94,Off-Peak,0.08,16.1,9.6,0,0,0,0,0
2026-08-20 04:30:00,191.16,47.79,53.85,47.17,49.91,40.22,Off-Peak,0.08,15.6,8.7,0,0,0,0,0
2026-08-20 04:45:00,186.53,46.633,51.53,39.46,50.73,44.81,Off-Peak,0.08,16.0,10.0,0,0,0,0,0
2026-08-20 05:00:00,193.4,48.35,58.22,49.07,49.38,36.73,Off-Peak,0.08,16.8,9.4,0,0,0,0,0
2026-08-20 05:15:00,186.46,46.615,58.53,39.38,51.4,37.15,Off-Peak,0.08,15.6,7.5,0,0,0,0,0
2026-08-20 05:30:00,190.16,47.54,53.02,45.85,49.17,42.12,Off-Peak,0.08,17.8,9.4,0,0,0,0,0
2026-08-20 05:45:00,196.35,49.087,59.68,48.31,48.62,39.74,Off-Peak,0.08,18.3,8.1,0,0,0,0,0
2026-08-20 06:00:00,297.95,74.487,148.83,46.85,63.89,38.37,Off-Peak,0.08,18.4,8.2,0,1,0,0,0
2026-08-20 06:15:00,268.93,67.233,121.7,40.64,65.44,41.15,Off-Peak,0.08,17.4,7.3,0,1,0,0,0
2026-08-20 06:30:00,294.68,73.67,139.35,38.03,71.54,45.77,Off-Peak,0.08,19.3,8.6,0,1,0,1,0
2026-08-20 06:45:00,290.35,72.588,135.31,40.46,71.36,43.22,Off-Peak,0.08,20.1,7.1,0,1,0,1,0
2026-08-20 07:00:00,327.91,81.978,171.83,47.53,68.02,40.52,Off-Peak,0.08,20.4,89.0,0,1,0,1,0
2026-08-20 07:15:00,328.11,82.028,167.2,53.39,66.07,41.44,Off-Peak,0.08,20.0,85.7,0,1,0,1,0
2026-08-20 07:30:00,338.85,84.713,180.28,47.94,73.9,36.74,Off-Peak,0.08,22.3,90.1,0,1,1,1,0
2026-08-20 07:45:00,320.52,80.13,157.0,51.15,73.66,38.7,Off-Peak,0.08,20.4,86.9,0,1,1,1,0
2026-08-20 08:00:00,566.31,141.577,173.24,281.91,71.67,39.48,Normal,0.18,21.7,87.2,125,1,1,1,0
2026-08-20 08:15:00,558.91,139.727,169.56,278.62,72.9,37.83,Normal,0.18,22.0,94.9,136,1,1,1,0
2026-08-20 08:30:00,561.0,140.25,174.66,271.72,76.91,37.71,Normal,0.18,22.2,88.5,116,1,1,1,0
2026-08-20 08:45:00,597.54,149.385,180.21,293.81,74.69,48.84,Normal,0.18,22.5,89.9,102,1,1,1,0
2026-08-20 09:00:00,568.14,142.035,187.93,260.54,77.11,42.57,Normal,0.18,24.2,88.7,117,1,1,1,0
2026-08-20 09:15:00,576.77,144.192,182.18,290.7,64.16,39.73,Normal,0.18,24.9,96.4,103,1,1,1,0
2026-08-20 09:30:00,573.51,143.377,181.24,282.19,68.19,41.89,Normal,0.18,25.6,88.3,112,1,1,1,0
2026-08-20 09:45:00,556.68,139.17,180.85,262.17,70.58,43.08,Normal,0.18,23.5,92.4,135,1,1,1,0
2026-08-20 10:00:00,586.19,146.548,198.97,272.94,71.97,42.31,Normal,0.18,25.7,86.0,143,1,1,1,0
2026-08-20 10:15:00,563.82,140.955,188.31,270.81,68.61,36.09,Normal,0.18,26.1,85.4,104,1,1,1,0
2026-08-20 10:30:00,609.66,152.415,203.54,299.06,68.97,38.09,Normal,0.18,27.2,100.0,106,1,1,1,0
2026-08-20 10:45:00,588.01,147.002,194.07,278.84,73.89,41.21,Normal,0.18,26.0,96.5,112,1,1,1,0
2026-08-20 11:00:00,627.08,156.77,202.4,308.45,74.91,41.32,Normal,0.18,27.5,98.9,112,1,1,1,0
2026-08-20 11:15:00,605.3,151.325,206.27,286.26,73.51,39.26,Normal,0.18,27.0,97.7,131,1,1,1,0
2026-08-20 11:30:00,579.52,144.88,196.28,284.12,66.41,32.71,Normal,0.18,26.0,92.2,117,1,1,1,0
2026-08-20 11:45:00,588.59,147.148,199.54,290.06,62.93,36.06,Normal,0.18,27.1,95.2,136,1,1,1,0
2026-08-20 12:00:00,586.21,146.553,201.0,275.09,67.82,42.3,Normal,0.18,28.5,97.0,128,1,1,1,0
2026-08-20 12:15:00,565.6,141.4,198.87,259.67,68.06,39.01,Normal,0.18,28.4,94.6,120,1,1,1,0
2026-08-20 12:30:00,593.15,148.287,203.67,280.7,68.33,40.45,Normal,0.18,29.2,97.8,124,1,1,1,0
2026-08-20 12:45:00,573.38,143.345,207.68,254.7,69.24,41.75,Normal,0.18,29.0,92.5,131,1,1,1,0
2026-08-20 13:00:00,594.21,148.553,208.39,277.06,71.61,37.14,Normal,0.18,29.4,98.3,121,1,1,1,0
2026-08-20 13:15:00,612.53,153.132,204.05,291.59,69.77,47.12,Normal,0.18,29.0,85.9,113,1,1,1,0
2026-08-20 13:30:00,568.18,142.045,201.21,258.9,68.36,39.71,Normal,0.18,28.6,94.5,123,1,1,1,0
2026-08-20 13:45:00,596.48,149.12,204.01,277.61,75.35,39.5,Normal,0.18,30.1,90.9,117,1,1,1,0
2026-08-20 14:00:00,600.6,150.15,206.85,290.25,63.18,40.31,Normal,0.18,29.6,98.1,112,1,1,1,0
2026-08-20 14:15:00,588.49,147.123,206.75,269.2,70.72,41.81,Normal,0.18,28.3,85.1,119,1,1,1,0
2026-08-20 14:30:00,588.95,147.238,208.99,277.45,67.14,35.38,Normal,0.18,28.5,95.1,138,1,1,1,0
2026-08-20 14:45:00,578.43,144.607,199.44,270.89,67.85,40.26,Normal,0.18,27.9,98.3,106,1,1,1,0
2026-08-20 15:00:00,593.15,148.287,201.31,284.91,67.67,39.26,Normal,0.18,29.8,100.0,111,1,1,1,0
2026-08-20 15:15:00,579.82,144.955,205.73,270.3,68.11,35.68,Normal,0.18,28.8,96.7,125,1,1,1,0
2026-08-20 15:30:00,591.01,147.752,199.02,278.34,69.41,44.23,Normal,0.18,27.8,87.0,109,1,1,1,0
2026-08-20 15:45:00,582.98,145.745,203.13,275.38,64.62,39.86,Normal,0.18,27.9,90.0,122,1,1,1,0
2026-08-20 16:00:00,583.89,145.972,197.83,275.67,69.13,41.27,Normal,0.18,27.3,91.3,104,1,1,1,0
2026-08-20 16:15:00,587.91,146.977,212.19,264.3,70.95,40.47,Normal,0.18,29.0,95.4,99,1,1,1,0
2026-08-20 16:30:00,579.81,144.952,199.62,273.92,71.6,34.67,Normal,0.18,27.8,98.0,112,1,1,1,0
2026-08-20 16:45:00,582.45,145.613,189.55,277.96,70.88,44.06,Normal,0.18,26.5,95.8,137,1,1,1,0
2026-08-20 17:00:00,558.95,139.738,191.78,258.48,70.32,38.37,Normal,0.18,27.5,90.6,127,1,1,1,0
2026-08-20 17:15:00,563.03,140.757,193.51,264.73,67.72,37.06,Normal,0.18,26.5,83.6,133,1,1,1,0
2026-08-20 17:30:00,579.68,144.92,183.38,288.28,67.66,40.35,Normal,0.18,26.3,86.6,103,1,1,1,0
2026-08-20 17:45:00,615.86,153.965,191.86,311.6,72.67,39.73,Normal,0.18,25.8,87.9,79,1,1,1,0
2026-08-20 18:00:00,561.36,140.34,180.01,271.71,67.68,41.96,Peak,0.35,25.5,85.0,95,1,0,1,0
2026-08-20 18:15:00,571.36,142.84,185.64,271.64,70.81,43.26,Peak,0.35,25.7,87.1,83,1,0,1,0
2026-08-20 18:30:00,552.23,138.058,177.99,269.0,67.42,37.83,Peak,0.35,25.2,87.9,81,0,0,1,0
2026-08-20 18:45:00,570.68,142.67,175.64,282.52,69.05,43.48,Peak,0.35,23.7,81.9,83,0,0,1,0
2026-08-20 19:00:00,544.44,136.11,176.86,257.57,70.02,39.98,Peak,0.35,24.2,26.8,85,0,0,1,0
2026-08-20 19:15:00,556.88,139.22,172.74,278.75,66.69,38.7,Peak,0.35,23.3,23.1,83,0,0,1,0
2026-08-20 19:30:00,314.06,78.515,161.74,46.34,70.96,35.02,Peak,0.35,21.6,21.1,0,0,0,1,0
2026-08-20 19:45:00,329.18,82.295,181.59,44.76,66.26,36.57,Peak,0.35,23.1,17.9,0,0,0,1,0
2026-08-20 20:00:00,330.92,82.73,169.77,53.06,67.9,40.18,Peak,0.35,22.3,18.8,0,0,0,0,0
2026-08-20 20:15:00,322.28,80.57,164.02,47.53,66.51,44.22,Peak,0.35,22.7,19.6,0,0,0,0,0
2026-08-20 20:30:00,322.6,80.65,169.26,41.02,70.06,42.26,Peak,0.35,20.4,26.4,0,0,0,0,0
2026-08-20 20:45:00,324.18,81.045,171.94,44.39,68.9,38.96,Peak,0.35,21.3,17.6,0,0,0,0,0
2026-08-20 21:00:00,319.15,79.787,165.39,48.98,63.85,40.93,Peak,0.35,20.9,16.1,0,0,0,0,0
2026-08-20 21:15:00,316.5,79.125,152.02,52.79,70.23,41.47,Peak,0.35,19.9,18.8,0,0,0,0,0
2026-08-20 21:30:00,319.66,79.915,164.98,46.21,68.55,39.91,Peak,0.35,20.7,14.2,0,0,0,0,0
2026-08-20 21:45:00,296.58,74.145,140.81,47.15,69.63,38.99,Peak,0.35,18.3,11.1,0,0,0,0,0
2026-08-20 22:00:00,192.09,48.023,60.79,44.49,49.71,37.1,Off-Peak,0.08,18.7,5.1,0,0,0,0,0
2026-08-20 22:15:00,197.4,49.35,58.11,49.27,51.09,38.92,Off-Peak,0.08,18.1,10.8,0,0,0,0,0
2026-08-20 22:30:00,199.99,49.998,54.29,50.24,50.62,44.84,Off-Peak,0.08,16.6,7.6,0,0,0,0,0
2026-08-20 22:45:00,190.16,47.54,49.61,51.93,52.72,35.9,Off-Peak,0.08,18.3,7.1,0,0,0,0,0
2026-08-20 23:00:00,203.2,50.8,55.48,53.07,52.69,41.95,Off-Peak,0.08,18.3,8.8,0,0,0,0,0
2026-08-20 23:15:00,185.72,46.43,53.8,44.72,48.2,39.0,Off-Peak,0.08,17.1,9.2,0,0,0,0,0
2026-08-20 23:30:00,184.93,46.233,55.41,43.38,51.0,35.13,Off-Peak,0.08,16.2,6.7,0,0,0,0,0
2026-08-20 23:45:00,186.11,46.528,54.07,44.14,46.83,41.07,Off-Peak,0.08,16.1,8.3,0,0,0,0,0
2026-08-21 00:00:00,195.55,48.888,58.12,46.01,50.96,40.47,Off-Peak,0.08,16.5,9.0,0,0,0,0,0
2026-08-21 00:15:00,189.91,47.477,52.32,52.93,45.08,39.58,Off-Peak,0.08,16.3,4.8,0,0,0,0,0
2026-08-21 00:30:00,188.82,47.205,53.78,45.65,49.29,40.09,Off-Peak,0.08,16.5,7.8,0,0,0,0,0
2026-08-21 00:45:00,189.26,47.315,59.27,44.33,47.23,38.43,Off-Peak,0.08,14.8,10.2,0,0,0,0,0
2026-08-21 01:00:00,186.97,46.742,51.98,41.15,51.02,42.82,Off-Peak,0.08,15.1,9.0,0,0,0,0,0
2026-08-21 01:15:00,205.84,51.46,64.85,48.92,49.47,42.61,Off-Peak,0.08,14.6,5.3,0,0,0,0,0
2026-08-21 01:30:00,186.37,46.593,55.48,45.46,49.77,35.66,Off-Peak,0.08,15.0,9.7,0,0,0,0,0
2026-08-21 01:45:00,182.78,45.695,50.92,43.94,48.08,39.84,Off-Peak,0.08,16.6,6.1,0,0,0,0,0
2026-08-21 02:00:00,192.24,48.06,57.44,43.47,50.1,41.22,Off-Peak,0.08,15.6,10.0,0,0,0,0,0
2026-08-21 02:15:00,194.47,48.617,50.63,55.2,49.19,39.45,Off-Peak,0.08,13.6,9.1,0,0,0,0,0
2026-08-21 02:30:00,202.94,50.735,61.82,49.7,46.9,44.51,Off-Peak,0.08,14.4,6.7,0,0,0,0,0
2026-08-21 02:45:00,192.4,48.1,55.92,44.93,53.95,37.61,Off-Peak,0.08,16.1,7.4,0,0,0,0,0
2026-08-21 03:00:00,194.96,48.74,50.7,55.96,47.64,40.66,Off-Peak,0.08,15.4,7.1,0,0,0,0,0
2026-08-21 03:15:00,187.51,46.877,56.27,40.88,51.17,39.19,Off-Peak,0.08,14.0,7.2,0,0,0,0,0
2026-08-21 03:30:00,190.85,47.712,53.24,45.38,50.37,41.86,Off-Peak,0.08,16.5,10.7,0,0,0,0,0
2026-08-21 03:45:00,194.38,48.595,54.27,45.58,52.6,41.94,Off-Peak,0.08,15.7,8.4,0,0,0,0,0
2026-08-21 04:00:00,192.77,48.193,54.54,46.59,47.83,43.81,Off-Peak,0.08,16.5,9.4,0,0,0,0,0
2026-08-21 04:15:00,185.36,46.34,58.42,38.18,50.8,37.96,Off-Peak,0.08,14.0,7.8,0,0,0,0,0
2026-08-21 04:30:00,181.4,45.35,55.59,34.83,48.05,42.93,Off-Peak,0.08,16.2,9.9,0,0,0,0,0
2026-08-21 04:45:00,198.42,49.605,60.05,43.29,55.01,40.07,Off-Peak,0.08,17.1,11.5,0,0,0,0,0
2026-08-21 05:00:00,191.41,47.852,48.23,53.04,53.19,36.95,Off-Peak,0.08,16.3,6.7,0,0,0,0,0
2026-08-21 05:15:00,176.96,44.24,52.12,36.22,49.58,39.04,Off-Peak,0.08,17.2,8.2,0,0,0,0,0
2026-08-21 05:30:00,195.29,48.822,59.29,43.48,50.34,42.18,Off-Peak,0.08,17.4,8.4,0,0,0,0,0
2026-08-21 05:45:00,194.56,48.64,55.29,47.74,47.74,43.79,Off-Peak,0.08,18.6,6.8,0,0,0,0,0
2026-08-21 06:00:00,299.54,74.885,141.52,48.21,68.36,41.44,Off-Peak,0.08,19.6,6.6,0,1,0,0,0
2026-08-21 06:15:00,290.26,72.565,139.95,39.5,72.82,37.99,Off-Peak,0.08,19.0,5.1,0,1,0,0,0
2026-08-21 06:30:00,287.23,71.808,142.47,39.6,66.96,38.2,Off-Peak,0.08,19.2,10.7,0,1,0,1,0
2026-08-21 06:45:00,288.13,72.032,138.66,39.16,70.84,39.45,Off-Peak,0.08,20.1,8.7,0,1,0,1,0
2026-08-21 07:00:00,323.35,80.838,182.28,39.15,65.28,36.64,Off-Peak,0.08,21.9,85.2,0,1,0,1,0
2026-08-21 07:15:00,314.52,78.63,170.76,42.7,66.49,34.57,Off-Peak,0.08,21.6,94.4,0,1,0,1,0
2026-08-21 07:30:00,324.33,81.082,172.92,38.0,74.92,38.49,Off-Peak,0.08,21.7,87.4,0,1,1,1,0
2026-08-21 07:45:00,328.73,82.183,170.83,46.46,70.98,40.46,Off-Peak,0.08,22.0,79.7,0,1,1,1,0
2026-08-21 08:00:00,567.77,141.942,175.15,281.71,70.7,40.22,Normal,0.18,22.4,81.9,115,1,1,1,0
2026-08-21 08:15:00,571.75,142.938,174.57,292.65,70.92,33.6,Normal,0.18,20.7,92.3,115,1,1,1,0
2026-08-21 08:30:00,563.75,140.938,175.95,276.66,71.11,40.03,Normal,0.18,22.1,89.7,97,1,1,1,0
2026-08-21 08:45:00,556.5,139.125,176.13,268.44,68.95,42.98,Normal,0.18,24.2,87.3,125,1,1,1,0
2026-08-21 09:00:00,574.85,143.713,187.41,287.63,65.12,34.69,Normal,0.18,23.3,89.5,102,1,1,1,0
2026-08-21 09:15:00,574.39,143.597,185.38,280.63,70.5,37.88,Normal,0.18,24.2,84.5,121,1,1,1,0
2026-08-21 09:30:00,566.52,141.63,186.17,276.1,67.5,36.75,Normal,0.18,24.5,92.9,124,1,1,1,0
2026-08-21 09:45:00,579.14,144.785,184.56,279.43,74.04,41.12,Normal,0.18,24.7,78.7,118,1,1,1,0
2026-08-21 10:00:00,580.39,145.097,191.1,279.87,73.4,36.03,Normal,0.18,24.9,88.9,127,1,1,1,0
2026-08-21 10:15:00,584.42,146.105,187.3,285.88,67.41,43.83,Normal,0.18,24.3,99.1,125,1,1,1,0
2026-08-21 10:30:00,594.86,148.715,204.01,283.47,71.96,35.42,Normal,0.18,26.9,88.1,118,1,1,1,0
2026-08-21 10:45:00,594.25,148.562,193.15,291.83,73.08,36.19,Normal,0.18,27.4,88.3,126,1,1,1,0
2026-08-21 11:00:00,567.02,141.755,187.51,270.63,71.44,37.44,Normal,0.18,26.2,100.0,103,1,1,1,0
2026-08-21 11:15:00,600.01,150.002,197.51,292.49,69.31,40.69,Normal,0.18,27.5,95.2,126,1,1,1,0
2026-08-21 11:30:00,574.66,143.665,201.9,266.82,66.16,39.78,Normal,0.18,28.2,88.5,128,1,1,1,0
2026-08-21 11:45:00,563.31,140.827,195.23,258.1,68.61,41.37,Normal,0.18,28.5,85.0,101,1,1,1,0
2026-08-21 12:00:00,587.55,146.887,207.53,271.84,69.77,38.42,Normal,0.18,29.1,83.1,116,1,1,1,0
2026-08-21 12:15:00,567.43,141.857,194.33,266.2,69.56,37.34,Normal,0.18,28.3,97.4,115,1,1,1,0
2026-08-21 12:30:00,586.36,146.59,209.3,265.03,66.24,45.78,Normal,0.18,29.0,93.2,111,1,1,1,0
2026-08-21 12:45:00,585.99,146.498,197.23,276.19,69.52,43.04,Normal,0.18,27.2,100.0,124,1,1,1,0
2026-08-21 13:00:00,598.19,149.548,209.5,279.45,68.24,41.0,Normal,0.18,28.9,100.0,108,1,1,1,0
2026-08-21 13:15:00,622.86,155.715,216.34,292.82,75.59,38.11,Normal,0.18,29.0,100.0,128,1,1,1,0
2026-08-21 13:30:00,585.26,146.315,209.33,265.37,65.98,44.58,Normal,0.18,28.2,92.5,124,1,1,1,0
2026-08-21 13:45:00,625.9,156.475,204.99,303.7,70.72,46.5,Normal,0.18,28.9,92.6,120,1,1,1,0
2026-08-21 14:00:00,605.15,151.287,200.81,286.26,71.57,46.51,Normal,0.18,28.7,89.2,131,1,1,1,0
2026-08-21 14:15:00,611.49,152.873,218.14,287.97,67.02,38.35,Normal,0.18,29.0,100.0,136,1,1,1,0
2026-08-21 14:30:00,594.22,148.555,206.99,270.46,71.2,45.56,Normal,0.18,29.5,96.5,125,1,1,1,0
2026-08-21 14:45:00,580.99,145.248,203.85,268.78,69.62,38.73,Normal,0.18,29.7,92.1,116,1,1,1,0
2026-08-21 15:00:00,590.47,147.618,200.22,282.3,71.35,36.59,Normal,0.18,28.1,100.0,124,1,1,1,0
2026-08-21 15:15:00,593.99,148.498,206.97,280.59,70.79,35.64,Normal,0.18,29.9,89.9,109,1,1,1,0
2026-08-21 15:30:00,588.12,147.03,190.44,292.28,68.36,37.04,Normal,0.18,28.8,82.3,123,1,1,1,0
2026-08-21 15:45:00,602.79,150.697,216.81,270.93,75.23,39.82,Normal,0.18,29.0,91.7,122,1,1,1,0
2026-08-21 16:00:00,577.96,144.49,194.69,279.63,71.05,32.59,Normal,0.18,28.3,86.8,132,1,1,1,0
2026-08-21 16:15:00,602.42,150.605,194.73,294.12,69.93,43.65,Normal,0.18,28.7,89.1,144,1,1,1,0
2026-08-21 16:30:00,589.19,147.298,197.99,277.83,70.1,43.27,Normal,0.18,27.2,86.8,122,1,1,1,0
2026-08-21 16:45:00,597.1,149.275,196.69,293.51,68.26,38.63,Normal,0.18,26.8,92.7,124,1,1,1,0
2026-08-21 17:00:00,588.99,147.248,185.37,291.76,66.2,45.66,Normal,0.18,26.2,96.5,124,1,1,1,0
2026-08-21 17:15:00,587.72,146.93,193.4,289.48,67.29,37.55,Normal,0.18,26.6,87.6,113,1,1,1,0
2026-08-21 17:30:00,595.32,148.83,188.34,297.22,68.24,41.53,Normal,0.18,25.8,100.0,98,1,1,1,0
2026-08-21 17:45:00,580.3,145.075,189.42,283.51,70.74,36.63,Normal,0.18,25.7,98.2,97,1,1,1,0
2026-08-21 18:00:00,589.22,147.305,179.0,297.69,72.57,39.96,Peak,0.35,25.2,99.8,83,1,0,1,0
2026-08-21 18:15:00,549.71,137.428,176.05,257.76,74.04,41.86,Peak,0.35,24.7,78.0,97,1,0,1,0
2026-08-21 18:30:00,568.48,142.12,178.6,281.6,72.24,36.04,Peak,0.35,24.8,93.6,90,0,0,1,0
2026-08-21 18:45:00,570.66,142.665,184.21,280.57,70.39,35.49,Peak,0.35,24.4,91.9,101,0,0,1,0
2026-08-21 19:00:00,581.16,145.29,177.37,298.32,69.64,35.84,Peak,0.35,23.4,26.6,95,0,0,1,0
2026-08-21 19:15:00,621.44,155.36,183.6,331.43,70.35,36.06,Peak,0.35,24.1,23.3,99,0,0,1,0
2026-08-21 19:30:00,338.44,84.61,169.24,52.68,73.93,42.59,Peak,0.35,21.6,23.0,0,0,0,1,0
2026-08-21 19:45:00,315.56,78.89,166.8,46.28,64.81,37.67,Peak,0.35,20.7,24.0,0,0,0,1,0
2026-08-21 20:00:00,323.17,80.793,164.78,41.01,77.88,39.49,Peak,0.35,21.1,14.0,0,0,0,0,0
2026-08-21 20:15:00,320.44,80.11,168.95,45.48,67.28,38.73,Peak,0.35,22.6,14.0,0,0,0,0,0
2026-08-21 20:30:00,333.33,83.332,173.38,46.89,71.44,41.62,Peak,0.35,20.9,16.8,0,0,0,0,0
2026-08-21 20:45:00,326.14,81.535,163.46,45.83,73.47,43.38,Peak,0.35,21.1,16.0,0,0,0,0,0
2026-08-21 21:00:00,312.21,78.052,159.01,45.17,68.58,39.46,Peak,0.35,20.0,17.3,0,0,0,0,0
2026-08-21 21:15:00,310.49,77.623,164.38,37.76,69.07,39.28,Peak,0.35,20.8,14.0,0,0,0,0,0
2026-08-21 21:30:00,304.71,76.177,151.81,45.4,70.36,37.13,Peak,0.35,18.7,12.6,0,0,0,0,0
2026-08-21 21:45:00,315.05,78.763,159.55,46.28,68.01,41.2,Peak,0.35,18.6,11.5,0,0,0,0,0
2026-08-21 22:00:00,201.38,50.345,56.64,48.63,52.88,43.23,Off-Peak,0.08,19.9,9.8,0,0,0,0,0
2026-08-21 22:15:00,179.76,44.94,51.76,37.49,50.31,40.21,Off-Peak,0.08,18.6,10.1,0,0,0,0,0
2026-08-21 22:30:00,175.86,43.965,49.41,42.33,49.03,35.09,Off-Peak,0.08,17.3,9.7,0,0,0,0,0
2026-08-21 22:45:00,190.74,47.685,53.23,49.54,51.29,36.68,Off-Peak,0.08,18.6,5.3,0,0,0,0,0
2026-08-21 23:00:00,196.17,49.042,62.0,47.02,49.72,37.43,Off-Peak,0.08,17.6,8.6,0,0,0,0,0
2026-08-21 23:15:00,199.88,49.97,59.11,45.09,51.13,44.54,Off-Peak,0.08,16.1,6.3,0,0,0,0,0
2026-08-21 23:30:00,188.42,47.105,55.17,47.18,48.34,37.73,Off-Peak,0.08,14.6,10.6,0,0,0,0,0
2026-08-21 23:45:00,197.15,49.288,58.01,51.33,49.62,38.2,Off-Peak,0.08,16.6,12.8,0,0,0,0,0
2026-08-22 00:00:00,178.57,44.642,48.84,41.38,48.88,39.47,Off-Peak,0.08,15.3,8.5,0,0,0,0,0
2026-08-22 00:15:00,181.4,45.35,54.96,42.09,46.07,38.27,Off-Peak,0.08,15.8,11.1,0,0,0,0,0
2026-08-22 00:30:00,198.53,49.633,57.73,49.69,51.51,39.6,Off-Peak,0.08,14.8,11.4,0,0,0,0,0
2026-08-22 00:45:00,186.35,46.587,50.48,49.96,49.65,36.26,Off-Peak,0.08,15.0,7.8,0,0,0,0,0
2026-08-22 01:00:00,188.01,47.002,55.13,50.34,49.3,33.24,Off-Peak,0.08,14.6,7.4,0,0,0,0,0
2026-08-22 01:15:00,186.82,46.705,54.33,41.86,50.43,40.2,Off-Peak,0.08,15.0,9.5,0,0,0,0,0
2026-08-22 01:30:00,190.72,47.68,53.71,42.57,52.76,41.68,Off-Peak,0.08,15.0,11.2,0,0,0,0,0
2026-08-22 01:45:00,193.67,48.417,56.58,49.64,46.84,40.61,Off-Peak,0.08,15.7,13.7,0,0,0,0,0
2026-08-22 02:00:00,190.88,47.72,57.78,41.85,50.75,40.5,Off-Peak,0.08,14.9,15.0,0,0,0,0,0
2026-08-22 02:15:00,188.33,47.083,56.08,43.86,50.56,37.83,Off-Peak,0.08,15.4,6.9,0,0,0,0,0
2026-08-22 02:30:00,179.54,44.885,51.85,40.11,49.9,37.68,Off-Peak,0.08,14.6,13.5,0,0,0,0,0
2026-08-22 02:45:00,185.93,46.483,50.48,39.96,54.11,41.38,Off-Peak,0.08,14.4,10.3,0,0,0,0,0
2026-08-22 03:00:00,199.35,49.837,56.7,49.97,49.75,42.93,Off-Peak,0.08,14.6,11.3,0,0,0,0,0
2026-08-22 03:15:00,191.09,47.773,55.49,46.65,48.18,40.78,Off-Peak,0.08,13.7,6.8,0,0,0,0,0
2026-08-22 03:30:00,192.45,48.112,58.07,49.54,48.01,36.83,Off-Peak,0.08,15.0,9.2,0,0,0,0,0
2026-08-22 03:45:00,195.14,48.785,53.03,50.2,50.69,41.22,Off-Peak,0.08,15.4,9.9,0,0,0,0,0
2026-08-22 04:00:00,186.28,46.57,46.54,49.17,51.87,38.7,Off-Peak,0.08,14.9,13.5,0,0,0,0,0
2026-08-22 04:15:00,202.29,50.572,55.19,46.7,56.37,44.03,Off-Peak,0.08,17.2,9.8,0,0,0,0,0
2026-08-22 04:30:00,188.43,47.108,55.43,40.93,51.64,40.42,Off-Peak,0.08,17.0,7.3,0,0,0,0,0
2026-08-22 04:45:00,186.57,46.642,52.45,45.76,48.28,40.08,Off-Peak,0.08,15.8,10.2,0,0,0,0,0
2026-08-22 05:00:00,187.92,46.98,53.83,46.02,51.39,36.68,Off-Peak,0.08,17.7,9.8,0,0,0,0,0
2026-08-22 05:15:00,194.65,48.663,56.72,45.29,51.28,41.36,Off-Peak,0.08,17.6,14.0,0,0,0,0,0
2026-08-22 05:30:00,188.56,47.14,50.34,50.02,46.99,41.2,Off-Peak,0.08,18.3,5.0,0,0,0,0,0
2026-08-22 05:45:00,194.4,48.6,56.05,46.01,54.22,38.13,Off-Peak,0.08,17.8,7.0,0,0,0,0,0
2026-08-22 06:00:00,213.82,53.455,53.02,49.0,71.7,40.11,Off-Peak,0.08,19.7,11.1,0,0,0,0,0
2026-08-22 06:15:00,210.41,52.602,52.52,48.8,69.33,39.76,Off-Peak,0.08,19.1,8.2,0,0,0,0,0
2026-08-22 06:30:00,211.9,52.975,50.71,51.43,70.36,39.39,Off-Peak,0.08,19.5,10.8,0,0,0,0,0
2026-08-22 06:45:00,221.2,55.3,57.3,47.69,72.15,44.05,Off-Peak,0.08,20.1,10.7,0,0,0,0,0
2026-08-22 07:00:00,212.84,53.21,51.63,53.34,69.29,38.58,Off-Peak,0.08,20.9,9.5,0,0,0,0,0
2026-08-22 07:15:00,202.74,50.685,55.45,37.42,71.36,38.51,Off-Peak,0.08,19.2,11.0,0,0,0,0,0
2026-08-22 07:30:00,207.04,51.76,53.69,40.63,73.83,38.88,Off-Peak,0.08,23.2,8.3,0,0,0,0,0
2026-08-22 07:45:00,216.03,54.008,50.86,48.13,75.34,41.7,Off-Peak,0.08,21.0,12.1,0,0,0,0,0
2026-08-22 08:00:00,225.21,56.303,60.13,51.05,71.32,42.71,Off-Peak,0.08,22.5,12.6,0,0,0,0,0
2026-08-22 08:15:00,197.1,49.275,51.98,43.16,60.75,41.2,Off-Peak,0.08,21.7,12.3,0,0,0,0,0
2026-08-22 08:30:00,216.66,54.165,56.17,50.62,66.75,43.12,Off-Peak,0.08,22.4,13.3,0,0,0,0,0
2026-08-22 08:45:00,213.93,53.483,57.37,45.85,68.43,42.28,Off-Peak,0.08,25.1,12.3,0,0,0,0,0
2026-08-22 09:00:00,204.61,51.153,49.69,41.48,71.93,41.52,Off-Peak,0.08,22.6,8.7,0,0,0,0,0
2026-08-22 09:15:00,198.46,49.615,49.34,43.14,67.96,38.02,Off-Peak,0.08,24.3,10.5,0,0,0,0,0
2026-08-22 09:30:00,193.6,48.4,53.19,34.56,69.12,36.74,Off-Peak,0.08,25.2,7.4,0,0,0,0,0
2026-08-22 09:45:00,216.1,54.025,55.31,44.28,75.02,41.49,Off-Peak,0.08,25.2,7.1,0,0,0,0,0
2026-08-22 10:00:00,200.66,50.165,55.17,40.35,61.09,44.05,Off-Peak,0.08,24.0,6.2,0,0,0,0,0
2026-08-22 10:15:00,208.82,52.205,53.18,47.14,67.89,40.61,Off-Peak,0.08,26.5,11.6,0,0,0,0,0
2026-08-22 10:30:00,210.1,52.525,50.29,51.16,70.12,38.53,Off-Peak,0.08,25.5,14.5,0,0,0,0,0
2026-08-22 10:45:00,213.16,53.29,59.1,46.57,67.33,40.17,Off-Peak,0.08,26.7,12.2,0,0,0,0,0
2026-08-22 11:00:00,222.28,55.57,57.73,48.98,72.1,43.48,Off-Peak,0.08,28.4,14.0,0,0,0,0,0
2026-08-22 11:15:00,200.79,50.197,55.21,40.91,66.83,37.84,Off-Peak,0.08,26.9,5.9,0,0,0,0,0
2026-08-22 11:30:00,196.99,49.248,56.09,38.89,64.47,37.54,Off-Peak,0.08,29.5,10.4,0,0,0,0,0
2026-08-22 11:45:00,217.88,54.47,56.8,48.69,68.23,44.16,Off-Peak,0.08,29.0,11.0,0,0,0,0,0
2026-08-22 12:00:00,194.78,48.695,56.33,36.05,67.76,34.65,Off-Peak,0.08,27.6,14.2,0,0,0,0,0
2026-08-22 12:15:00,199.13,49.782,48.31,46.88,68.39,35.55,Off-Peak,0.08,29.2,9.9,0,0,0,0,0
2026-08-22 12:30:00,198.67,49.667,54.12,43.0,65.46,36.09,Off-Peak,0.08,29.8,10.3,0,0,0,0,0
2026-08-22 12:45:00,197.72,49.43,55.07,34.78,66.05,41.83,Off-Peak,0.08,29.7,8.6,0,0,0,0,0
2026-08-22 13:00:00,213.34,53.335,59.03,43.85,71.42,39.05,Off-Peak,0.08,29.1,15.3,0,0,0,0,0
2026-08-22 13:15:00,217.58,54.395,55.51,46.0,74.33,41.74,Off-Peak,0.08,30.5,13.4,0,0,0,0,0
2026-08-22 13:30:00,218.71,54.678,56.38,42.42,75.27,44.64,Off-Peak,0.08,30.2,5.0,0,0,0,0,0
2026-08-22 13:45:00,223.04,55.76,60.35,45.37,77.42,39.91,Off-Peak,0.08,29.0,14.6,0,0,0,0,0
2026-08-22 14:00:00,213.65,53.413,53.94,45.43,74.23,40.06,Off-Peak,0.08,28.8,12.6,0,0,0,0,0
2026-08-22 14:15:00,218.74,54.685,52.91,49.33,72.09,44.41,Off-Peak,0.08,27.6,11.1,0,0,0,0,0
2026-08-22 14:30:00,215.85,53.962,52.99,49.02,75.91,37.93,Off-Peak,0.08,29.7,13.3,0,0,0,0,0
2026-08-22 14:45:00,213.81,53.453,52.44,46.48,72.15,42.74,Off-Peak,0.08,30.3,8.4,0,0,0,0,0
2026-08-22 15:00:00,195.46,48.865,52.94,37.56,67.21,37.75,Off-Peak,0.08,28.0,11.3,0,0,0,0,0
2026-08-22 15:15:00,205.7,51.425,50.58,46.76,66.47,41.89,Off-Peak,0.08,29.0,13.5,0,0,0,0,0
2026-08-22 15:30:00,201.86,50.465,57.4,42.07,69.05,33.34,Off-Peak,0.08,28.0,6.8,0,0,0,0,0
2026-08-22 15:45:00,204.01,51.002,55.02,37.36,73.63,38.0,Off-Peak,0.08,29.0,12.5,0,0,0,0,0
2026-08-22 16:00:00,214.46,53.615,52.89,48.71,71.69,41.17,Off-Peak,0.08,27.7,16.9,0,0,0,0,0
2026-08-22 16:15:00,211.15,52.788,55.82,44.74,74.53,36.06,Off-Peak,0.08,28.0,11.1,0,0,0,0,0
2026-08-22 16:30:00,211.8,52.95,57.1,50.58,69.72,34.39,Off-Peak,0.08,28.4,12.5,0,0,0,0,0
2026-08-22 16:45:00,198.37,49.593,52.8,38.79,68.57,38.21,Off-Peak,0.08,27.2,7.0,0,0,0,0,0
2026-08-22 17:00:00,218.92,54.73,61.66,48.03,69.39,39.84,Off-Peak,0.08,25.0,12.1,0,0,0,0,0
2026-08-22 17:15:00,206.27,51.568,54.89,40.79,75.05,35.54,Off-Peak,0.08,26.3,10.3,0,0,0,0,0
2026-08-22 17:30:00,215.58,53.895,60.7,46.7,68.92,39.26,Off-Peak,0.08,26.8,9.7,0,0,0,0,0
2026-08-22 17:45:00,196.29,49.072,52.7,36.08,67.23,40.28,Off-Peak,0.08,25.9,6.6,0,0,0,0,0
2026-08-22 18:00:00,210.02,52.505,54.59,47.82,69.51,38.1,Off-Peak,0.08,25.7,5.0,0,0,0,0,0
2026-08-22 18:15:00,213.65,53.413,53.09,45.87,76.92,37.77,Off-Peak,0.08,24.8,8.4,0,0,0,0,0
2026-08-22 18:30:00,204.72,51.18,52.94,50.49,62.89,38.41,Off-Peak,0.08,24.4,9.8,0,0,0,0,0
2026-08-22 18:45:00,213.09,53.273,52.54,47.2,72.72,40.63,Off-Peak,0.08,24.9,9.1,0,0,0,0,0
2026-08-22 19:00:00,209.15,52.288,53.79,48.73,74.45,32.18,Off-Peak,0.08,23.2,11.4,0,0,0,0,0
2026-08-22 19:15:00,217.12,54.28,62.33,42.66,72.24,39.89,Off-Peak,0.08,23.5,5.0,0,0,0,0,0
2026-08-22 19:30:00,225.53,56.383,59.76,49.78,75.83,40.17,Off-Peak,0.08,22.3,7.2,0,0,0,0,0
2026-08-22 19:45:00,201.81,50.453,54.14,39.79,70.25,37.63,Off-Peak,0.08,22.7,9.2,0,0,0,0,0
2026-08-22 20:00:00,221.4,55.35,55.86,53.38,69.89,42.27,Off-Peak,0.08,22.4,10.5,0,0,0,0,0
2026-08-22 20:15:00,208.66,52.165,58.46,43.47,70.69,36.05,Off-Peak,0.08,23.2,13.9,0,0,0,0,0
2026-08-22 20:30:00,216.49,54.123,55.07,50.14,66.38,44.9,Off-Peak,0.08,21.5,10.8,0,0,0,0,0
2026-08-22 20:45:00,216.82,54.205,54.55,47.4,74.56,40.3,Off-Peak,0.08,21.4,9.8,0,0,0,0,0
2026-08-22 21:00:00,217.8,54.45,60.35,43.16,69.91,44.39,Off-Peak,0.08,20.3,10.1,0,0,0,0,0
2026-08-22 21:15:00,208.66,52.165,52.27,43.97,74.45,37.97,Off-Peak,0.08,19.9,13.4,0,0,0,0,0
2026-08-22 21:30:00,205.44,51.36,52.03,42.93,70.34,40.14,Off-Peak,0.08,19.2,10.8,0,0,0,0,0
2026-08-22 21:45:00,214.56,53.64,52.43,45.56,72.02,44.55,Off-Peak,0.08,19.9,14.6,0,0,0,0,0
2026-08-22 22:00:00,194.09,48.523,57.0,48.37,48.14,40.58,Off-Peak,0.08,19.1,10.9,0,0,0,0,0
2026-08-22 22:15:00,184.61,46.153,55.39,43.79,45.37,40.06,Off-Peak,0.08,19.3,9.4,0,0,0,0,0
2026-08-22 22:30:00,189.58,47.395,51.54,40.6,51.53,45.92,Off-Peak,0.08,18.0,8.5,0,0,0,0,0
2026-08-22 22:45:00,186.7,46.675,57.56,41.68,48.84,38.61,Off-Peak,0.08,18.5,6.0,0,0,0,0,0
2026-08-22 23:00:00,191.93,47.983,54.71,44.59,50.93,41.7,Off-Peak,0.08,17.6,12.9,0,0,0,0,0
2026-08-22 23:15:00,183.94,45.985,55.06,39.66,49.9,39.32,Off-Peak,0.08,17.7,6.1,0,0,0,0,0
2026-08-22 23:30:00,173.51,43.377,50.54,34.53,49.74,38.71,Off-Peak,0.08,16.4,7.6,0,0,0,0,0
2026-08-22 23:45:00,191.9,47.975,52.42,52.08,53.25,34.15,Off-Peak,0.08,15.6,14.0,0,0,0,0,0
2026-08-23 00:00:00,181.65,45.413,46.26,37.78,51.55,46.06,Off-Peak,0.08,16.0,8.8,0,0,0,0,0
2026-08-23 00:15:00,200.89,50.222,54.94,53.41,54.3,38.24,Off-Peak,0.08,16.4,11.0,0,0,0,0,0
2026-08-23 00:30:00,188.72,47.18,58.97,44.76,50.37,34.63,Off-Peak,0.08,13.9,5.0,0,0,0,0,0
2026-08-23 00:45:00,184.2,46.05,55.62,43.01,47.93,37.65,Off-Peak,0.08,14.8,9.1,0,0,0,0,0
2026-08-23 01:00:00,179.87,44.968,56.84,40.51,44.09,38.43,Off-Peak,0.08,16.2,10.7,0,0,0,0,0
2026-08-23 01:15:00,210.51,52.627,64.86,48.48,55.47,41.71,Off-Peak,0.08,14.4,11.0,0,0,0,0,0
2026-08-23 01:30:00,204.1,51.025,60.34,54.15,48.85,40.76,Off-Peak,0.08,14.6,11.0,0,0,0,0,0
2026-08-23 01:45:00,194.6,48.65,59.66,45.2,48.67,41.08,Off-Peak,0.08,13.9,12.5,0,0,0,0,0
2026-08-23 02:00:00,193.87,48.468,55.54,44.13,51.99,42.21,Off-Peak,0.08,15.3,10.2,0,0,0,0,0
2026-08-23 02:15:00,191.29,47.822,54.24,48.68,50.3,38.07,Off-Peak,0.08,14.2,7.0,0,0,0,0,0
2026-08-23 02:30:00,194.37,48.593,57.64,46.67,49.37,40.69,Off-Peak,0.08,15.3,9.0,0,0,0,0,0
2026-08-23 02:45:00,189.75,47.438,56.21,44.65,50.85,38.04,Off-Peak,0.08,16.2,8.3,0,0,0,0,0
2026-08-23 03:00:00,174.45,43.612,52.19,38.35,47.42,36.49,Off-Peak,0.08,15.3,13.3,0,0,0,0,0
2026-08-23 03:15:00,191.87,47.968,54.11,48.09,50.83,38.84,Off-Peak,0.08,15.8,5.8,0,0,0,0,0
2026-08-23 03:30:00,195.17,48.792,54.33,43.95,54.47,42.43,Off-Peak,0.08,15.7,10.3,0,0,0,0,0
2026-08-23 03:45:00,187.17,46.792,54.75,38.34,48.38,45.71,Off-Peak,0.08,17.7,8.5,0,0,0,0,0
2026-08-23 04:00:00,180.13,45.032,51.27,39.73,49.32,39.81,Off-Peak,0.08,15.5,15.8,0,0,0,0,0
2026-08-23 04:15:00,184.7,46.175,53.75,44.33,49.36,37.26,Off-Peak,0.08,16.9,11.4,0,0,0,0,0
2026-08-23 04:30:00,189.6,47.4,49.52,53.09,49.31,37.68,Off-Peak,0.08,15.7,13.1,0,0,0,0,0
2026-08-23 04:45:00,192.89,48.222,58.35,47.51,52.17,34.85,Off-Peak,0.08,17.3,14.5,0,0,0,0,0
2026-08-23 05:00:00,195.05,48.763,58.67,43.08,51.69,41.61,Off-Peak,0.08,16.6,7.3,0,0,0,0,0
2026-08-23 05:15:00,187.91,46.977,58.88,41.12,50.25,37.65,Off-Peak,0.08,16.7,8.2,0,0,0,0,0
2026-08-23 05:30:00,180.89,45.222,52.65,40.2,50.57,37.47,Off-Peak,0.08,17.5,9.9,0,0,0,0,0
2026-08-23 05:45:00,195.32,48.83,54.77,49.72,53.01,37.82,Off-Peak,0.08,17.5,7.2,0,0,0,0,0
2026-08-23 06:00:00,204.8,51.2,58.25,41.39,67.39,37.77,Off-Peak,0.08,20.2,7.0,0,0,0,0,0
2026-08-23 06:15:00,201.57,50.392,57.01,40.28,67.03,37.25,Off-Peak,0.08,18.9,11.7,0,0,0,0,0
2026-08-23 06:30:00,213.77,53.443,52.15,46.35,76.79,38.49,Off-Peak,0.08,19.2,9.4,0,0,0,0,0
2026-08-23 06:45:00,215.01,53.752,53.32,48.34,67.84,45.5,Off-Peak,0.08,19.4,11.7,0,0,0,0,0
2026-08-23 07:00:00,205.98,51.495,53.23,42.43,74.12,36.19,Off-Peak,0.08,20.5,8.1,0,0,0,0,0
2026-08-23 07:15:00,202.92,50.73,54.95,43.64,65.53,38.8,Off-Peak,0.08,20.1,8.3,0,0,0,0,0
2026-08-23 07:30:00,217.11,54.278,57.06,49.6,69.76,40.69,Off-Peak,0.08,21.0,8.1,0,0,0,0,0
2026-08-23 07:45:00,215.52,53.88,58.01,42.88,67.79,46.83,Off-Peak,0.08,19.8,8.7,0,0,0,0,0
2026-08-23 08:00:00,198.51,49.627,58.42,33.87,67.64,38.59,Off-Peak,0.08,23.5,11.4,0,0,0,0,0
2026-08-23 08:15:00,210.72,52.68,47.35,46.93,71.63,44.81,Off-Peak,0.08,22.3,8.5,0,0,0,0,0
2026-08-23 08:30:00,201.36,50.34,46.96,43.53,72.7,38.16,Off-Peak,0.08,22.3,7.4,0,0,0,0,0
2026-08-23 08:45:00,198.55,49.638,55.44,38.18,70.86,34.06,Off-Peak,0.08,25.1,9.2,0,0,0,0,0
2026-08-23 09:00:00,211.15,52.788,59.08,39.9,70.48,41.69,Off-Peak,0.08,24.4,12.2,0,0,0,0,0
2026-08-23 09:15:00,202.4,50.6,47.82,46.73,69.54,38.3,Off-Peak,0.08,24.6,7.4,0,0,0,0,0
2026-08-23 09:30:00,200.18,50.045,51.04,35.34,66.61,47.18,Off-Peak,0.08,25.3,9.9,0,0,0,0,0
2026-08-23 09:45:00,210.25,52.562,54.46,43.76,73.5,38.53,Off-Peak,0.08,25.7,10.6,0,0,0,0,0
2026-08-23 10:00:00,221.52,55.38,60.82,48.71,73.74,38.25,Off-Peak,0.08,26.0,9.0,0,0,0,0,0
2026-08-23 10:15:00,215.99,53.998,55.33,53.18,66.87,40.61,Off-Peak,0.08,26.7,9.1,0,0,0,0,0
2026-08-23 10:30:00,219.57,54.892,53.65,55.43,66.12,44.38,Off-Peak,0.08,26.6,11.6,0,0,0,0,0
2026-08-23 10:45:00,199.74,49.935,50.24,40.66,74.48,34.37,Off-Peak,0.08,27.6,15.7,0,0,0,0,0
2026-08-23 11:00:00,216.16,54.04,55.58,52.96,69.44,38.18,Off-Peak,0.08,25.7,8.5,0,0,0,0,0
2026-08-23 11:15:00,201.82,50.455,56.32,44.11,64.13,37.25,Off-Peak,0.08,27.5,11.4,0,0,0,0,0
2026-08-23 11:30:00,210.56,52.64,54.03,50.59,66.61,39.32,Off-Peak,0.08,28.7,10.6,0,0,0,0,0
2026-08-23 11:45:00,205.71,51.428,55.3,44.06,65.8,40.54,Off-Peak,0.08,27.9,8.7,0,0,0,0,0
2026-08-23 12:00:00,208.82,52.205,59.12,43.59,66.49,39.62,Off-Peak,0.08,27.0,10.5,0,0,0,0,0
2026-08-23 12:15:00,221.13,55.282,54.56,53.55,73.49,39.54,Off-Peak,0.08,27.6,11.8,0,0,0,0,0
2026-08-23 12:30:00,214.89,53.722,55.1,43.19,72.3,44.3,Off-Peak,0.08,29.0,8.8,0,0,0,0,0
2026-08-23 12:45:00,217.21,54.303,57.77,47.76,66.58,45.1,Off-Peak,0.08,29.3,12.8,0,0,0,0,0
2026-08-23 13:00:00,213.0,53.25,53.89,48.06,71.65,39.39,Off-Peak,0.08,30.2,9.3,0,0,0,0,0
2026-08-23 13:15:00,215.52,53.88,56.65,48.63,71.05,39.19,Off-Peak,0.08,27.9,10.9,0,0,0,0,0
2026-08-23 13:30:00,201.92,50.48,53.61,44.1,64.76,39.45,Off-Peak,0.08,29.7,10.2,0,0,0,0,0
2026-08-23 13:45:00,217.09,54.273,59.56,43.69,71.46,42.38,Off-Peak,0.08,29.5,11.0,0,0,0,0,0
2026-08-23 14:00:00,215.74,53.935,51.87,49.24,75.6,39.03,Off-Peak,0.08,30.9,10.4,0,0,0,0,0
2026-08-23 14:15:00,211.34,52.835,58.05,45.63,67.9,39.76,Off-Peak,0.08,29.7,13.7,0,0,0,0,0
2026-08-23 14:30:00,213.35,53.337,56.0,43.1,71.67,42.58,Off-Peak,0.08,29.3,12.7,0,0,0,0,0
2026-08-23 14:45:00,203.77,50.943,54.46,49.74,65.85,33.72,Off-Peak,0.08,29.2,7.5,0,0,0,0,0
2026-08-23 15:00:00,209.47,52.367,56.82,39.62,72.21,40.83,Off-Peak,0.08,30.0,11.5,0,0,0,0,0
2026-08-23 15:15:00,201.32,50.33,55.48,43.02,68.87,33.95,Off-Peak,0.08,27.4,14.3,0,0,0,0,0
2026-08-23 15:30:00,209.87,52.468,54.42,51.39,65.85,38.21,Off-Peak,0.08,28.9,10.8,0,0,0,0,0
2026-08-23 15:45:00,208.68,52.17,55.2,47.15,68.96,37.37,Off-Peak,0.08,27.6,9.2,0,0,0,0,0
2026-08-23 16:00:00,206.73,51.682,55.43,41.22,74.43,35.66,Off-Peak,0.08,29.4,17.2,0,0,0,0,0
2026-08-23 16:15:00,202.57,50.642,51.52,43.6,67.41,40.04,Off-Peak,0.08,27.6,7.9,0,0,0,0,0
2026-08-23 16:30:00,209.72,52.43,53.89,43.85,72.43,39.55,Off-Peak,0.08,27.6,8.1,0,0,0,0,0
2026-08-23 16:45:00,213.88,53.47,56.71,51.94,66.64,38.58,Off-Peak,0.08,27.9,11.8,0,0,0,0,0
2026-08-23 17:00:00,193.09,48.273,46.55,43.99,70.4,32.15,Off-Peak,0.08,28.4,9.2,0,0,0,0,0
2026-08-23 17:15:00,202.78,50.695,55.99,43.87,66.13,36.79,Off-Peak,0.08,27.7,7.9,0,0,0,0,0
2026-08-23 17:30:00,207.73,51.932,54.56,42.39,67.2,43.59,Off-Peak,0.08,25.5,13.3,0,0,0,0,0
2026-08-23 17:45:00,208.54,52.135,56.48,46.45,66.35,39.26,Off-Peak,0.08,27.1,13.6,0,0,0,0,0
2026-08-23 18:00:00,215.93,53.983,58.17,41.52,73.59,42.65,Off-Peak,0.08,25.0,5.0,0,0,0,0,0
2026-08-23 18:15:00,218.48,54.62,53.15,54.29,70.13,40.91,Off-Peak,0.08,25.5,11.8,0,0,0,0,0
2026-08-23 18:30:00,205.84,51.46,56.43,46.09,67.63,35.68,Off-Peak,0.08,24.2,7.2,0,0,0,0,0
2026-08-23 18:45:00,207.45,51.862,53.16,43.31,74.35,36.63,Off-Peak,0.08,23.2,13.6,0,0,0,0,0
2026-08-23 19:00:00,229.43,57.358,59.85,54.97,72.25,42.35,Off-Peak,0.08,23.2,7.7,0,0,0,0,0
2026-08-23 19:15:00,213.95,53.487,55.8,49.27,69.68,39.2,Off-Peak,0.08,22.9,15.8,0,0,0,0,0
2026-08-23 19:30:00,211.34,52.835,59.35,46.28,67.45,38.25,Off-Peak,0.08,24.2,11.6,0,0,0,0,0
2026-08-23 19:45:00,211.46,52.865,51.68,51.01,68.37,40.41,Off-Peak,0.08,22.5,8.1,0,0,0,0,0
2026-08-23 20:00:00,210.29,52.572,59.35,39.41,70.78,40.74,Off-Peak,0.08,22.2,8.2,0,0,0,0,0
2026-08-23 20:15:00,216.43,54.108,57.61,48.72,67.97,42.12,Off-Peak,0.08,21.5,6.1,0,0,0,0,0
2026-08-23 20:30:00,212.36,53.09,52.44,50.69,70.93,38.31,Off-Peak,0.08,21.4,6.2,0,0,0,0,0
2026-08-23 20:45:00,202.63,50.657,53.67,40.77,64.77,43.42,Off-Peak,0.08,19.9,8.5,0,0,0,0,0
2026-08-23 21:00:00,204.08,51.02,55.41,40.49,69.22,38.97,Off-Peak,0.08,21.0,6.2,0,0,0,0,0
2026-08-23 21:15:00,205.48,51.37,53.68,40.96,67.71,43.13,Off-Peak,0.08,19.4,16.0,0,0,0,0,0
2026-08-23 21:30:00,222.53,55.633,59.34,46.22,70.58,46.4,Off-Peak,0.08,18.0,7.7,0,0,0,0,0
2026-08-23 21:45:00,208.97,52.242,54.15,39.32,73.77,41.72,Off-Peak,0.08,19.1,7.9,0,0,0,0,0
2026-08-23 22:00:00,181.31,45.328,53.76,40.28,49.9,37.38,Off-Peak,0.08,19.4,13.6,0,0,0,0,0
2026-08-23 22:15:00,192.47,48.117,54.5,45.75,49.81,42.41,Off-Peak,0.08,18.2,13.4,0,0,0,0,0
2026-08-23 22:30:00,195.32,48.83,56.41,49.94,50.89,38.08,Off-Peak,0.08,17.2,5.0,0,0,0,0,0
2026-08-23 22:45:00,190.6,47.65,55.42,44.37,53.64,37.16,Off-Peak,0.08,16.5,11.5,0,0,0,0,0
2026-08-23 23:00:00,184.42,46.105,49.49,44.1,51.92,38.9,Off-Peak,0.08,18.5,10.1,0,0,0,0,0
2026-08-23 23:15:00,188.27,47.068,52.43,47.46,51.55,36.83,Off-Peak,0.08,15.6,9.5,0,0,0,0,0
2026-08-23 23:30:00,180.71,45.178,52.42,39.59,47.64,41.06,Off-Peak,0.08,15.9,12.3,0,0,0,0,0
2026-08-23 23:45:00,189.85,47.462,55.02,52.64,48.05,34.14,Off-Peak,0.08,16.4,7.9,0,0,0,0,0
2026-08-24 00:00:00,186.18,46.545,52.87,48.26,51.68,33.38,Off-Peak,0.08,16.3,7.8,0,0,0,0,0
2026-08-24 00:15:00,197.53,49.383,56.75,48.38,52.35,40.05,Off-Peak,0.08,15.2,12.6,0,0,0,0,0
2026-08-24 00:30:00,188.59,47.148,56.62,43.39,50.34,38.23,Off-Peak,0.08,16.2,9.4,0,0,0,0,0
2026-08-24 00:45:00,182.81,45.703,52.63,43.59,48.11,38.48,Off-Peak,0.08,15.4,5.7,0,0,0,0,0
2026-08-24 01:00:00,196.01,49.002,57.85,42.68,52.67,42.82,Off-Peak,0.08,15.1,8.8,0,0,0,0,0
2026-08-24 01:15:00,203.34,50.835,55.96,50.94,52.45,44.0,Off-Peak,0.08,15.5,8.3,0,0,0,0,0
2026-08-24 01:30:00,190.32,47.58,59.03,41.88,49.36,40.05,Off-Peak,0.08,15.1,9.1,0,0,0,0,0
2026-08-24 01:45:00,179.5,44.875,54.31,37.46,50.49,37.25,Off-Peak,0.08,15.7,9.8,0,0,0,0,0
2026-08-24 02:00:00,198.5,49.625,55.98,51.81,50.08,40.63,Off-Peak,0.08,13.8,5.5,0,0,0,0,0
2026-08-24 02:15:00,191.18,47.795,56.56,44.94,51.13,38.55,Off-Peak,0.08,16.0,4.9,0,0,0,0,0
2026-08-24 02:30:00,194.21,48.553,59.95,49.3,48.98,35.98,Off-Peak,0.08,14.4,8.3,0,0,0,0,0
2026-08-24 02:45:00,183.31,45.828,52.13,43.37,52.64,35.16,Off-Peak,0.08,13.8,10.6,0,0,0,0,0
2026-08-24 03:00:00,185.19,46.297,51.55,43.76,48.55,41.32,Off-Peak,0.08,16.4,7.5,0,0,0,0,0
2026-08-24 03:15:00,179.4,44.85,54.34,38.22,50.41,36.44,Off-Peak,0.08,14.9,4.2,0,0,0,0,0
2026-08-24 03:30:00,188.5,47.125,54.36,46.25,51.36,36.53,Off-Peak,0.08,15.1,8.4,0,0,0,0,0
2026-08-24 03:45:00,188.22,47.055,55.74,43.5,48.03,40.95,Off-Peak,0.08,15.7,2.0,0,0,0,0,0
2026-08-24 04:00:00,183.34,45.835,52.17,45.83,47.33,38.02,Off-Peak,0.08,16.9,7.0,0,0,0,0,0
2026-08-24 04:15:00,178.29,44.572,49.36,36.02,50.32,42.59,Off-Peak,0.08,17.2,8.1,0,0,0,0,0
2026-08-24 04:30:00,205.61,51.403,58.99,54.44,50.66,41.52,Off-Peak,0.08,15.2,8.9,0,0,0,0,0
2026-08-24 04:45:00,187.63,46.907,53.27,40.33,49.49,44.54,Off-Peak,0.08,15.0,12.2,0,0,0,0,0
2026-08-24 05:00:00,195.56,48.89,57.99,45.22,47.92,44.43,Off-Peak,0.08,18.8,8.3,0,0,0,0,0
2026-08-24 05:15:00,207.32,51.83,58.9,48.07,53.66,46.7,Off-Peak,0.08,16.9,11.1,0,0,0,0,0
2026-08-24 05:30:00,198.16,49.54,49.41,56.22,49.12,43.41,Off-Peak,0.08,17.6,6.4,0,0,0,0,0
2026-08-24 05:45:00,179.93,44.983,52.9,39.04,49.58,38.4,Off-Peak,0.08,17.5,11.1,0,0,0,0,0
2026-08-24 06:00:00,291.21,72.802,141.42,43.54,68.0,38.25,Off-Peak,0.08,19.0,7.9,0,1,0,0,0
2026-08-24 06:15:00,293.0,73.25,134.78,42.4,70.29,45.54,Off-Peak,0.08,20.5,8.5,0,1,0,0,0
2026-08-24 06:30:00,309.63,77.407,154.52,44.84,73.74,36.53,Off-Peak,0.08,20.1,6.2,0,1,0,1,0
2026-08-24 06:45:00,280.06,70.015,116.63,55.56,70.64,37.23,Off-Peak,0.08,17.8,5.2,0,1,0,1,0
2026-08-24 07:00:00,328.63,82.157,171.09,51.05,69.13,37.36,Off-Peak,0.08,20.6,85.9,0,1,0,1,0
2026-08-24 07:15:00,334.46,83.615,172.59,55.89,68.69,37.3,Off-Peak,0.08,21.3,89.7,0,1,0,1,0
2026-08-24 07:30:00,328.35,82.088,173.04,40.83,68.8,45.67,Off-Peak,0.08,21.4,82.9,0,1,1,1,0
2026-08-24 07:45:00,325.01,81.252,175.61,39.74,67.92,41.73,Off-Peak,0.08,21.2,83.0,0,1,1,1,0
2026-08-24 08:00:00,571.1,142.775,175.37,288.94,68.6,38.18,Normal,0.18,22.8,93.7,116,1,1,1,0
2026-08-24 08:15:00,572.28,143.07,172.07,294.49,71.68,34.04,Normal,0.18,22.7,89.0,103,1,1,1,0
2026-08-24 08:30:00,575.75,143.938,177.86,285.43,70.16,42.29,Normal,0.18,23.8,81.6,139,1,1,1,0
2026-08-24 08:45:00,593.52,148.38,180.53,300.4,72.62,39.97,Normal,0.18,22.2,97.7,116,1,1,1,0
2026-08-24 09:00:00,532.54,133.135,186.31,237.73,69.36,39.14,Normal,0.18,25.1,96.9,138,1,1,1,0
2026-08-24 09:15:00,559.56,139.89,190.68,252.99,68.98,46.91,Normal,0.18,25.0,95.5,132,1,1,1,0
2026-08-24 09:30:00,566.04,141.51,175.9,276.41,69.89,43.84,Normal,0.18,25.0,93.2,111,1,1,1,0
2026-08-24 09:45:00,564.84,141.21,181.95,267.49,71.63,43.78,Normal,0.18,25.4,87.6,132,1,1,1,0
2026-08-24 10:00:00,545.69,136.423,194.77,243.72,70.33,36.87,Normal,0.18,25.9,92.6,119,1,1,1,0
2026-08-24 10:15:00,592.88,148.22,194.24,289.41,71.67,37.56,Normal,0.18,25.9,85.0,124,1,1,1,0
2026-08-24 10:30:00,569.95,142.488,180.55,272.69,75.39,41.32,Normal,0.18,25.7,95.1,126,1,1,1,0
2026-08-24 10:45:00,586.66,146.665,183.75,292.88,72.63,37.4,Normal,0.18,24.7,89.2,115,1,1,1,0
2026-08-24 11:00:00,581.86,145.465,197.61,272.65,73.17,38.43,Normal,0.18,27.9,88.5,132,1,1,1,0
2026-08-24 11:15:00,586.23,146.558,195.54,280.39,70.75,39.56,Normal,0.18,27.4,91.9,140,1,1,1,0
2026-08-24 11:30:00,595.33,148.833,199.61,282.72,73.01,40.0,Normal,0.18,27.6,86.7,118,1,1,1,0
2026-08-24 11:45:00,579.92,144.98,189.75,280.62,71.54,38.02,Normal,0.18,27.7,98.2,95,1,1,1,0
2026-08-24 12:00:00,589.49,147.373,194.15,290.25,67.8,37.29,Normal,0.18,27.5,92.6,123,1,1,1,0
2026-08-24 12:15:00,589.52,147.38,195.66,284.86,65.53,43.48,Normal,0.18,26.8,91.0,127,1,1,1,0
2026-08-24 12:30:00,623.75,155.938,209.61,303.37,73.3,37.48,Normal,0.18,29.6,97.2,110,1,1,1,0
2026-08-24 12:45:00,586.08,146.52,198.42,278.17,70.8,38.69,Normal,0.18,29.0,97.4,135,1,1,1,0
2026-08-24 13:00:00,605.53,151.382,210.7,287.1,70.6,37.13,Normal,0.18,28.7,96.1,126,1,1,1,0
2026-08-24 13:15:00,564.05,141.012,199.05,254.5,72.21,38.29,Normal,0.18,29.9,95.2,112,1,1,1,0
2026-08-24 13:30:00,581.28,145.32,198.52,274.42,69.03,39.32,Normal,0.18,28.2,94.8,146,1,1,1,0
2026-08-24 13:45:00,629.49,157.373,212.26,303.07,72.56,41.6,Normal,0.18,29.7,94.2,135,1,1,1,0
2026-08-24 14:00:00,596.8,149.2,209.23,274.6,72.69,40.27,Normal,0.18,29.1,99.6,92,1,1,1,0
2026-08-24 14:15:00,611.67,152.917,210.75,285.3,71.8,43.82,Normal,0.18,29.1,99.5,159,1,1,1,0
2026-08-24 14:30:00,582.98,145.745,208.38,272.05,67.93,34.61,Normal,0.18,28.8,88.7,112,1,1,1,0
2026-08-24 14:45:00,582.95,145.738,205.74,270.22,69.6,37.38,Normal,0.18,28.3,96.9,126,1,1,1,0
2026-08-24 15:00:00,604.75,151.188,193.85,296.99,71.53,42.38,Normal,0.18,28.4,92.4,115,1,1,1,0
2026-08-24 15:15:00,601.38,150.345,214.22,277.76,73.12,36.29,Normal,0.18,28.3,83.8,125,1,1,1,0
2026-08-24 15:30:00,558.29,139.572,199.35,246.6,69.89,42.46,Normal,0.18,28.4,87.9,131,1,1,1,0
2026-08-24 15:45:00,583.41,145.852,207.87,259.97,69.74,45.83,Normal,0.18,27.0,93.0,115,1,1,1,0
2026-08-24 16:00:00,585.17,146.292,196.79,278.89,69.16,40.34,Normal,0.18,28.2,92.1,111,1,1,1,0
2026-08-24 16:15:00,588.37,147.093,201.56,275.03,72.26,39.53,Normal,0.18,27.8,100.0,120,1,1,1,0
2026-08-24 16:30:00,593.62,148.405,201.17,284.13,69.83,38.49,Normal,0.18,28.1,87.3,126,1,1,1,0
2026-08-24 16:45:00,588.6,147.15,199.48,279.43,70.3,39.4,Normal,0.18,27.8,89.9,123,1,1,1,0
2026-08-24 17:00:00,588.02,147.005,198.95,276.06,73.88,39.13,Normal,0.18,27.2,93.2,116,1,1,1,0
2026-08-24 17:15:00,578.74,144.685,185.24,288.03,66.42,39.04,Normal,0.18,25.8,91.2,121,1,1,1,0
2026-08-24 17:30:00,599.28,149.82,192.13,295.55,72.55,39.05,Normal,0.18,24.9,88.9,94,1,1,1,0
2026-08-24 17:45:00,573.54,143.385,189.54,266.36,73.71,43.94,Normal,0.18,26.1,89.4,102,1,1,1,0
2026-08-24 18:00:00,573.39,143.347,180.85,279.51,70.19,42.84,Peak,0.35,24.8,86.8,101,1,0,1,0
2026-08-24 18:15:00,564.24,141.06,186.43,273.06,66.21,38.54,Peak,0.35,24.5,82.7,72,1,0,1,0
2026-08-24 18:30:00,597.0,149.25,184.49,297.21,72.46,42.84,Peak,0.35,24.4,94.1,87,0,0,1,0
2026-08-24 18:45:00,571.51,142.877,178.98,282.02,73.93,36.58,Peak,0.35,23.5,84.6,81,0,0,1,0
2026-08-24 19:00:00,566.82,141.705,176.42,288.27,67.12,35.01,Peak,0.35,23.9,27.2,96,0,0,1,0
2026-08-24 19:15:00,538.39,134.597,171.78,259.96,66.61,40.05,Peak,0.35,22.6,27.4,81,0,0,1,0
2026-08-24 19:30:00,322.05,80.513,167.98,44.97,68.5,40.61,Peak,0.35,21.6,20.0,0,0,0,1,0
2026-08-24 19:45:00,330.28,82.57,174.2,49.64,67.12,39.33,Peak,0.35,23.3,22.4,0,0,0,1,0
2026-08-24 20:00:00,313.73,78.433,166.18,34.63,75.74,37.19,Peak,0.35,21.8,16.3,0,0,0,0,0
2026-08-24 20:15:00,330.61,82.653,175.47,42.56,70.62,41.95,Peak,0.35,22.8,18.9,0,0,0,0,0
2026-08-24 20:30:00,314.82,78.705,165.44,42.6,65.22,41.57,Peak,0.35,21.6,19.8,0,0,0,0,0
2026-08-24 20:45:00,317.48,79.37,168.28,41.17,64.91,43.13,Peak,0.35,21.5,21.1,0,0,0,0,0
2026-08-24 21:00:00,308.43,77.108,153.26,44.65,70.11,40.41,Peak,0.35,18.8,14.0,0,0,0,0,0
2026-08-24 21:15:00,289.56,72.39,139.03,48.66,68.33,33.53,Peak,0.35,17.8,13.8,0,0,0,0,0
2026-08-24 21:30:00,320.53,80.132,159.97,45.98,71.03,43.54,Peak,0.35,18.7,10.8,0,0,0,0,0
2026-08-24 21:45:00,306.87,76.718,158.14,38.57,74.42,35.74,Peak,0.35,18.8,13.5,0,0,0,0,0
2026-08-24 22:00:00,199.92,49.98,56.8,54.31,49.57,39.23,Off-Peak,0.08,19.2,5.0,0,0,0,0,0
2026-08-24 22:15:00,194.15,48.538,60.45,45.96,49.36,38.38,Off-Peak,0.08,18.6,7.3,0,0,0,0,0
2026-08-24 22:30:00,191.49,47.873,53.95,42.56,48.68,46.3,Off-Peak,0.08,17.0,6.7,0,0,0,0,0
2026-08-24 22:45:00,194.09,48.523,56.78,48.15,49.88,39.28,Off-Peak,0.08,16.6,8.3,0,0,0,0,0
2026-08-24 23:00:00,177.04,44.26,54.22,37.19,49.06,36.56,Off-Peak,0.08,17.4,8.5,0,0,0,0,0
2026-08-24 23:15:00,201.23,50.307,56.08,53.9,48.93,42.32,Off-Peak,0.08,16.2,8.1,0,0,0,0,0
2026-08-24 23:30:00,184.17,46.042,56.73,39.96,46.55,40.93,Off-Peak,0.08,16.7,10.6,0,0,0,0,0
2026-08-24 23:45:00,188.79,47.197,51.2,45.8,53.02,38.77,Off-Peak,0.08,15.8,6.0,0,0,0,0,0
2026-08-25 00:00:00,187.68,46.92,51.13,48.67,47.81,40.06,Off-Peak,0.08,16.4,7.8,0,0,0,0,0
2026-08-25 00:15:00,185.57,46.392,51.83,46.95,48.32,38.47,Off-Peak,0.08,15.4,9.8,0,0,0,0,0
2026-08-25 00:30:00,184.08,46.02,56.65,41.16,47.75,38.51,Off-Peak,0.08,12.6,12.2,0,0,0,0,0
2026-08-25 00:45:00,196.4,49.1,54.58,53.85,47.73,40.24,Off-Peak,0.08,15.9,4.2,0,0,0,0,0
2026-08-25 01:00:00,196.01,49.002,55.38,47.53,49.2,43.9,Off-Peak,0.08,17.0,9.3,0,0,0,0,0
2026-08-25 01:15:00,182.65,45.663,53.83,40.17,49.44,39.22,Off-Peak,0.08,14.8,4.1,0,0,0,0,0
2026-08-25 01:30:00,182.11,45.528,55.79,44.99,47.88,33.46,Off-Peak,0.08,16.0,9.4,0,0,0,0,0
2026-08-25 01:45:00,187.68,46.92,54.67,42.33,50.93,39.75,Off-Peak,0.08,15.1,9.6,0,0,0,0,0
2026-08-25 02:00:00,196.08,49.02,57.88,48.79,47.42,41.99,Off-Peak,0.08,16.3,10.5,0,0,0,0,0
2026-08-25 02:15:00,198.91,49.727,56.48,47.26,55.4,39.77,Off-Peak,0.08,15.3,9.2,0,0,0,0,0
2026-08-25 02:30:00,202.81,50.703,57.37,49.7,50.73,45.01,Off-Peak,0.08,15.8,7.1,0,0,0,0,0
2026-08-25 02:45:00,199.26,49.815,55.64,49.4,50.36,43.86,Off-Peak,0.08,14.4,7.0,0,0,0,0,0
2026-08-25 03:00:00,191.54,47.885,55.92,44.61,51.09,39.92,Off-Peak,0.08,14.7,5.7,0,0,0,0,0
2026-08-25 03:15:00,186.94,46.735,55.09,43.48,49.59,38.79,Off-Peak,0.08,15.1,7.9,0,0,0,0,0
2026-08-25 03:30:00,204.48,51.12,61.77,45.8,48.9,48.01,Off-Peak,0.08,16.2,8.4,0,0,0,0,0
2026-08-25 03:45:00,192.66,48.165,56.78,48.12,51.07,36.69,Off-Peak,0.08,16.1,10.0,0,0,0,0,0
2026-08-25 04:00:00,187.57,46.892,54.48,41.37,50.71,41.0,Off-Peak,0.08,16.2,5.4,0,0,0,0,0
2026-08-25 04:15:00,191.92,47.98,53.18,43.69,51.84,43.2,Off-Peak,0.08,16.6,8.6,0,0,0,0,0
2026-08-25 04:30:00,192.7,48.175,52.82,50.23,52.43,37.23,Off-Peak,0.08,15.5,4.9,0,0,0,0,0
2026-08-25 04:45:00,197.62,49.405,56.25,52.11,52.0,37.27,Off-Peak,0.08,17.0,11.7,0,0,0,0,0
2026-08-25 05:00:00,186.9,46.725,55.31,49.58,50.82,31.19,Off-Peak,0.08,16.9,8.1,0,0,0,0,0
2026-08-25 05:15:00,189.42,47.355,55.53,46.2,50.57,37.12,Off-Peak,0.08,16.3,3.6,0,0,0,0,0
2026-08-25 05:30:00,184.28,46.07,51.23,37.67,50.0,45.38,Off-Peak,0.08,18.3,9.4,0,0,0,0,0
2026-08-25 05:45:00,189.04,47.26,52.81,49.43,49.1,37.7,Off-Peak,0.08,19.5,9.1,0,0,0,0,0
2026-08-25 06:00:00,275.54,68.885,126.45,45.48,63.1,40.51,Off-Peak,0.08,16.8,8.2,0,1,0,0,0
2026-08-25 06:15:00,285.86,71.465,133.5,43.61,71.69,37.07,Off-Peak,0.08,17.0,10.2,0,1,0,0,0
2026-08-25 06:30:00,277.03,69.257,124.92,42.76,69.93,39.41,Off-Peak,0.08,19.4,9.6,0,1,0,1,0
2026-08-25 06:45:00,291.49,72.873,142.28,35.42,74.53,39.26,Off-Peak,0.08,20.9,5.8,0,1,0,1,0
2026-08-25 07:00:00,333.99,83.498,167.95,46.74,77.94,41.36,Off-Peak,0.08,19.8,84.7,0,1,0,1,0
2026-08-25 07:15:00,313.9,78.475,163.94,37.49,70.12,42.35,Off-Peak,0.08,20.3,82.8,0,1,0,1,0
2026-08-25 07:30:00,312.85,78.213,174.64,37.87,63.8,36.54,Off-Peak,0.08,20.6,82.3,0,1,1,1,0
2026-08-25 07:45:00,321.39,80.347,166.1,43.9,73.46,37.93,Off-Peak,0.08,20.3,88.9,0,1,1,1,0
2026-08-25 08:00:00,579.85,144.963,176.75,291.06,69.27,42.77,Normal,0.18,22.6,95.1,117,1,1,1,0
2026-08-25 08:15:00,558.77,139.692,171.13,276.71,72.16,38.78,Normal,0.18,22.1,83.8,115,1,1,1,0
2026-08-25 08:30:00,558.61,139.653,166.38,281.04,68.29,42.9,Normal,0.18,22.3,84.2,117,1,1,1,0
2026-08-25 08:45:00,555.86,138.965,183.5,261.76,65.95,44.64,Normal,0.18,24.8,84.7,115,1,1,1,0
2026-08-25 09:00:00,576.82,144.205,174.51,285.38,73.47,43.45,Normal,0.18,23.9,90.7,133,1,1,1,0
2026-08-25 09:15:00,577.44,144.36,186.18,290.01,64.62,36.64,Normal,0.18,24.8,84.9,128,1,1,1,0
2026-08-25 09:30:00,584.5,146.125,182.76,291.72,68.1,41.94,Normal,0.18,23.4,95.1,115,1,1,1,0
2026-08-25 09:45:00,578.49,144.623,195.2,278.2,67.23,37.85,Normal,0.18,25.1,88.4,140,1,1,1,0
2026-08-25 10:00:00,586.03,146.507,189.27,287.0,69.71,40.06,Normal,0.18,24.4,100.0,135,1,1,1,0
2026-08-25 10:15:00,584.44,146.11,190.27,282.93,67.59,43.65,Normal,0.18,25.9,96.4,115,1,1,1,0
2026-08-25 10:30:00,581.98,145.495,195.0,275.25,74.18,37.54,Normal,0.18,26.0,91.2,101,1,1,1,0
2026-08-25 10:45:00,602.63,150.657,195.0,297.83,68.04,41.76,Normal,0.18,27.0,93.2,122,1,1,1,0
2026-08-25 11:00:00,613.15,153.287,190.67,307.22,70.3,44.96,Normal,0.18,26.0,90.3,102,1,1,1,0
2026-08-25 11:15:00,589.82,147.455,199.61,287.06,69.12,34.03,Normal,0.18,28.5,96.2,127,1,1,1,0
2026-08-25 11:30:00,613.75,153.438,203.76,292.52,72.55,44.91,Normal,0.18,29.0,96.3,96,1,1,1,0
2026-08-25 11:45:00,591.4,147.85,195.65,288.06,65.36,42.33,Normal,0.18,27.8,93.6,130,1,1,1,0
2026-08-25 12:00:00,583.54,145.885,207.05,270.89,68.23,37.36,Normal,0.18,28.2,100.0,109,1,1,1,0
2026-08-25 12:15:00,592.1,148.025,202.18,277.22,70.05,42.65,Normal,0.18,29.1,100.0,117,1,1,1,0
2026-08-25 12:30:00,577.09,144.273,193.92,272.72,71.28,39.16,Normal,0.18,28.2,93.6,121,1,1,1,0
2026-08-25 12:45:00,586.29,146.572,198.54,283.91,69.51,34.33,Normal,0.18,28.8,95.5,126,1,1,1,0
2026-08-25 13:00:00,606.51,151.627,215.83,277.66,69.74,43.27,Normal,0.18,30.3,96.8,156,1,1,1,0
2026-08-25 13:15:00,594.5,148.625,205.45,279.0,70.83,39.22,Normal,0.18,30.2,100.0,134,1,1,1,0
2026-08-25 13:30:00,583.59,145.898,207.32,259.54,71.07,45.65,Normal,0.18,29.7,100.0,133,1,1,1,0
2026-08-25 13:45:00,572.9,143.225,206.93,266.15,63.16,36.66,Normal,0.18,29.5,95.8,132,1,1,1,0
2026-08-25 14:00:00,605.95,151.488,198.83,289.85,74.08,43.19,Normal,0.18,28.9,92.1,112,1,1,1,0
2026-08-25 14:15:00,578.28,144.57,210.42,256.94,69.83,41.09,Normal,0.18,28.7,100.0,116,1,1,1,0
2026-08-25 14:30:00,583.5,145.875,199.25,274.68,69.6,39.97,Normal,0.18,29.0,90.3,117,1,1,1,0
2026-08-25 14:45:00,569.45,142.363,184.21,275.66,72.76,36.82,Normal,0.18,27.5,95.5,105,1,1,1,0
2026-08-25 15:00:00,569.38,142.345,190.63,277.73,61.37,39.65,Normal,0.18,29.3,99.4,117,1,1,1,0
2026-08-25 15:15:00,607.76,151.94,204.85,301.98,64.61,36.31,Normal,0.18,30.2,94.7,121,1,1,1,0
2026-08-25 15:30:00,604.96,151.24,205.31,288.61,70.23,40.81,Normal,0.18,28.7,96.2,150,1,1,1,0
2026-08-25 15:45:00,590.07,147.518,200.07,284.1,70.33,35.57,Normal,0.18,28.4,89.5,125,1,1,1,0
2026-08-25 16:00:00,559.01,139.752,194.3,257.9,67.47,39.33,Normal,0.18,27.8,95.0,129,1,1,1,0
2026-08-25 16:15:00,556.33,139.083,203.88,243.81,73.17,35.47,Normal,0.18,28.0,100.0,103,1,1,1,0
2026-08-25 16:30:00,594.26,148.565,202.85,278.09,70.73,42.59,Normal,0.18,29.3,98.3,105,1,1,1,0
2026-08-25 16:45:00,596.13,149.032,200.09,286.42,67.68,41.95,Normal,0.18,26.7,90.5,134,1,1,1,0
2026-08-25 17:00:00,584.93,146.232,206.36,268.82,69.66,40.09,Normal,0.18,29.0,88.2,123,1,1,1,0
2026-08-25 17:15:00,581.86,145.465,183.54,286.48,73.43,38.42,Normal,0.18,26.4,92.4,120,1,1,1,0
2026-08-25 17:30:00,581.12,145.28,202.89,274.3,67.43,36.5,Normal,0.18,26.3,92.4,108,1,1,1,0
2026-08-25 17:45:00,578.26,144.565,191.77,280.65,67.29,38.55,Normal,0.18,25.5,92.1,90,1,1,1,0
2026-08-25 18:00:00,582.97,145.743,187.37,285.79,69.67,40.15,Peak,0.35,25.5,88.5,79,1,0,1,0
2026-08-25 18:15:00,557.7,139.425,178.13,268.96,72.58,38.02,Peak,0.35,24.0,84.0,98,1,0,1,0
2026-08-25 18:30:00,601.7,150.425,189.52,302.91,68.55,40.71,Peak,0.35,25.2,75.8,86,0,0,1,0
2026-08-25 18:45:00,548.07,137.018,174.69,265.62,67.8,39.97,Peak,0.35,23.7,83.0,110,0,0,1,0
2026-08-25 19:00:00,607.6,151.9,177.79,315.71,73.38,40.73,Peak,0.35,23.2,26.6,79,0,0,1,0
2026-08-25 19:15:00,555.0,138.75,174.55,272.3,72.35,35.81,Peak,0.35,22.9,24.6,106,0,0,1,0
2026-08-25 19:30:00,322.68,80.67,171.39,40.82,73.52,36.95,Peak,0.35,22.7,21.9,0,0,0,1,0
2026-08-25 19:45:00,324.27,81.067,167.46,45.37,67.27,44.17,Peak,0.35,22.7,22.5,0,0,0,1,0
2026-08-25 20:00:00,313.39,78.347,158.78,38.21,74.77,41.63,Peak,0.35,21.1,18.0,0,0,0,0,0
2026-08-25 20:15:00,322.63,80.657,171.98,40.88,72.38,37.38,Peak,0.35,21.7,16.8,0,0,0,0,0
2026-08-25 20:30:00,320.39,80.097,166.89,47.99,66.85,38.66,Peak,0.35,20.6,19.8,0,0,0,0,0
2026-08-25 20:45:00,309.4,77.35,170.27,32.99,67.66,38.47,Peak,0.35,20.8,13.7,0,0,0,0,0
2026-08-25 21:00:00,318.24,79.56,153.74,45.15,74.72,44.64,Peak,0.35,17.9,10.8,0,0,0,0,0
2026-08-25 21:15:00,298.61,74.653,160.76,31.72,65.82,40.3,Peak,0.35,20.1,14.7,0,0,0,0,0
2026-08-25 21:30:00,321.65,80.412,154.7,49.69,74.45,42.81,Peak,0.35,19.8,13.4,0,0,0,0,0
2026-08-25 21:45:00,322.37,80.593,164.01,45.73,71.53,41.1,Peak,0.35,19.7,9.6,0,0,0,0,0
2026-08-25 22:00:00,196.48,49.12,54.75,49.93,49.12,42.68,Off-Peak,0.08,18.4,6.3,0,0,0,0,0
2026-08-25 22:15:00,196.71,49.178,59.17,43.22,53.02,41.3,Off-Peak,0.08,18.7,7.4,0,0,0,0,0
2026-08-25 22:30:00,185.55,46.388,54.74,43.98,47.48,39.35,Off-Peak,0.08,17.7,6.2,0,0,0,0,0
2026-08-25 22:45:00,190.82,47.705,58.92,38.87,53.42,39.61,Off-Peak,0.08,16.7,9.2,0,0,0,0,0
2026-08-25 23:00:00,184.99,46.248,53.66,44.59,49.19,37.55,Off-Peak,0.08,16.3,9.5,0,0,0,0,0
2026-08-25 23:15:00,182.57,45.642,50.69,47.76,47.59,36.54,Off-Peak,0.08,17.3,7.4,0,0,0,0,0
2026-08-25 23:30:00,184.9,46.225,48.05,48.11,49.39,39.35,Off-Peak,0.08,17.4,5.6,0,0,0,0,0
2026-08-25 23:45:00,193.5,48.375,52.74,52.38,47.05,41.33,Off-Peak,0.08,15.9,8.5,0,0,0,0,0
2026-08-26 00:00:00,188.21,47.053,51.93,50.09,48.02,38.18,Off-Peak,0.08,16.5,6.5,0,0,0,0,0
2026-08-26 00:15:00,191.08,47.77,49.61,53.74,48.94,38.79,Off-Peak,0.08,16.4,8.1,0,0,0,0,0
2026-08-26 00:30:00,191.46,47.865,60.88,36.7,51.65,42.23,Off-Peak,0.08,15.7,9.3,0,0,0,0,0
2026-08-26 00:45:00,184.72,46.18,57.8,38.09,53.5,35.32,Off-Peak,0.08,15.3,9.6,0,0,0,0,0
2026-08-26 01:00:00,198.47,49.617,60.77,43.46,49.94,44.3,Off-Peak,0.08,14.3,7.5,0,0,0,0,0
2026-08-26 01:15:00,201.54,50.385,53.75,51.85,50.14,45.79,Off-Peak,0.08,14.9,5.6,0,0,0,0,0
2026-08-26 01:30:00,197.99,49.498,55.15,40.73,48.66,53.44,Off-Peak,0.08,15.7,6.7,0,0,0,0,0
2026-08-26 01:45:00,203.82,50.955,53.13,52.85,52.2,45.64,Off-Peak,0.08,15.8,9.7,0,0,0,0,0
2026-08-26 02:00:00,180.73,45.182,51.67,39.98,48.11,40.97,Off-Peak,0.08,16.5,5.0,0,0,0,0,0
2026-08-26 02:15:00,204.06,51.015,60.71,44.97,53.91,44.46,Off-Peak,0.08,14.6,12.1,0,0,0,0,0
2026-08-26 02:30:00,186.8,46.7,54.35,41.78,50.41,40.27,Off-Peak,0.08,14.7,4.0,0,0,0,0,0
2026-08-26 02:45:00,188.14,47.035,51.36,47.06,49.12,40.6,Off-Peak,0.08,15.2,9.0,0,0,0,0,0
2026-08-26 03:00:00,190.23,47.557,54.16,44.41,48.97,42.7,Off-Peak,0.08,16.0,5.6,0,0,0,0,0
2026-08-26 03:15:00,193.73,48.432,52.87,50.46,49.02,41.38,Off-Peak,0.08,14.8,6.9,0,0,0,0,0
2026-08-26 03:30:00,203.7,50.925,58.34,53.36,52.05,39.95,Off-Peak,0.08,17.1,7.9,0,0,0,0,0
2026-08-26 03:45:00,186.68,46.67,52.66,41.98,54.48,37.56,Off-Peak,0.08,16.2,5.4,0,0,0,0,0
2026-08-26 04:00:00,196.58,49.145,56.68,45.71,52.17,42.01,Off-Peak,0.08,15.3,5.9,0,0,0,0,0
2026-08-26 04:15:00,195.01,48.752,59.1,43.98,52.38,39.55,Off-Peak,0.08,15.1,6.4,0,0,0,0,0
2026-08-26 04:30:00,186.2,46.55,52.1,42.17,50.4,41.53,Off-Peak,0.08,15.7,7.4,0,0,0,0,0
2026-08-26 04:45:00,183.61,45.903,53.24,41.76,50.27,38.35,Off-Peak,0.08,15.5,8.0,0,0,0,0,0
2026-08-26 05:00:00,189.39,47.347,58.55,42.53,48.08,40.25,Off-Peak,0.08,18.2,10.4,0,0,0,0,0
2026-08-26 05:15:00,187.52,46.88,51.47,44.79,49.19,42.07,Off-Peak,0.08,17.3,6.8,0,0,0,0,0
2026-08-26 05:30:00,183.11,45.778,51.22,47.01,48.55,36.34,Off-Peak,0.08,18.3,10.2,0,0,0,0,0
2026-08-26 05:45:00,196.63,49.157,53.88,52.83,51.1,38.82,Off-Peak,0.08,17.8,10.1,0,0,0,0,0
2026-08-26 06:00:00,300.85,75.213,135.72,54.29,70.78,40.06,Off-Peak,0.08,19.4,8.9,0,1,0,0,0
2026-08-26 06:15:00,297.7,74.425,138.57,48.15,68.48,42.5,Off-Peak,0.08,18.2,10.4,0,1,0,0,0
2026-08-26 06:30:00,288.76,72.19,135.12,47.91,65.28,40.46,Off-Peak,0.08,20.1,6.7,0,1,0,1,0
2026-08-26 06:45:00,300.73,75.183,138.74,50.54,68.46,43.0,Off-Peak,0.08,19.4,10.4,0,1,0,1,0
2026-08-26 07:00:00,341.83,85.457,172.7,58.74,70.2,40.19,Off-Peak,0.08,21.8,79.7,0,1,0,1,0
2026-08-26 07:15:00,315.68,78.92,162.28,50.66,63.99,38.75,Off-Peak,0.08,21.3,85.9,0,1,0,1,0
2026-08-26 07:30:00,323.27,80.817,170.1,49.4,67.45,36.33,Off-Peak,0.08,22.1,84.5,0,1,1,1,0
2026-08-26 07:45:00,325.14,81.285,166.64,48.18,71.39,38.92,Off-Peak,0.08,21.8,86.0,0,1,1,1,0
2026-08-26 08:00:00,569.42,142.355,180.0,275.76,71.96,41.7,Normal,0.18,21.8,89.9,121,1,1,1,0
2026-08-26 08:15:00,592.64,148.16,174.4,307.28,68.55,42.41,Normal,0.18,21.7,85.9,125,1,1,1,0
2026-08-26 08:30:00,563.7,140.925,178.09,271.41,73.77,40.43,Normal,0.18,24.1,92.6,114,1,1,1,0
2026-08-26 08:45:00,612.99,153.248,184.12,317.13,72.47,39.27,Normal,0.18,23.9,94.4,111,1,1,1,0
2026-08-26 09:00:00,601.31,150.327,190.96,301.99,71.9,36.46,Normal,0.18,24.1,87.6,129,1,1,1,0
2026-08-26 09:15:00,574.81,143.702,186.42,280.78,67.89,39.72,Normal,0.18,23.8,96.2,134,1,1,1,0
2026-08-26 09:30:00,576.3,144.075,183.04,289.94,67.27,36.05,Normal,0.18,24.0,89.8,112,1,1,1,0
2026-08-26 09:45:00,566.34,141.585,184.0,272.79,71.14,38.4,Normal,0.18,26.1,90.8,141,1,1,1,0
2026-08-26 10:00:00,596.29,149.072,186.07,301.22,75.06,33.94,Normal,0.18,25.3,87.4,123,1,1,1,0
2026-08-26 10:15:00,576.38,144.095,184.6,288.77,67.18,35.84,Normal,0.18,26.6,89.8,124,1,1,1,0
2026-08-26 10:30:00,579.83,144.958,197.89,273.69,69.79,38.47,Normal,0.18,26.4,96.8,105,1,1,1,0
2026-08-26 10:45:00,603.52,150.88,193.24,299.22,70.34,40.72,Normal,0.18,26.9,98.7,117,1,1,1,0
2026-08-26 11:00:00,608.72,152.18,194.19,305.05,72.2,37.27,Normal,0.18,27.1,97.6,123,1,1,1,0
2026-08-26 11:15:00,595.69,148.923,192.44,290.6,73.8,38.84,Normal,0.18,26.3,96.6,123,1,1,1,0
2026-08-26 11:30:00,589.07,147.268,196.92,280.29,69.47,42.39,Normal,0.18,27.6,98.2,119,1,1,1,0
2026-08-26 11:45:00,588.41,147.102,210.42,272.26,68.16,37.56,Normal,0.18,29.0,100.0,113,1,1,1,0
2026-08-26 12:00:00,602.99,150.748,205.31,280.26,74.0,43.42,Normal,0.18,28.6,89.3,124,1,1,1,0
2026-08-26 12:15:00,550.67,137.667,195.01,248.7,66.75,40.21,Normal,0.18,28.4,89.0,115,1,1,1,0
2026-08-26 12:30:00,583.55,145.887,197.85,279.2,67.3,39.19,Normal,0.18,28.9,93.4,109,1,1,1,0
2026-08-26 12:45:00,622.16,155.54,215.75,301.47,68.26,36.67,Normal,0.18,29.7,93.6,133,1,1,1,0
2026-08-26 13:00:00,607.35,151.838,202.43,293.62,73.63,37.68,Normal,0.18,28.7,100.0,130,1,1,1,0
2026-08-26 13:15:00,588.2,147.05,201.65,278.94,65.31,42.3,Normal,0.18,29.0,91.5,118,1,1,1,0
2026-08-26 13:30:00,590.94,147.735,211.49,271.22,66.71,41.52,Normal,0.18,28.9,91.2,110,1,1,1,0
2026-08-26 13:45:00,614.0,153.5,197.17,305.89,71.74,39.21,Normal,0.18,29.4,89.6,113,1,1,1,0
2026-08-26 14:00:00,598.46,149.615,203.86,282.41,69.98,42.21,Normal,0.18,29.3,92.1,111,1,1,1,0
2026-08-26 14:15:00,583.52,145.88,208.52,267.23,69.38,38.39,Normal,0.18,27.9,92.6,124,1,1,1,0
2026-08-26 14:30:00,634.98,158.745,205.18,321.3,70.24,38.27,Normal,0.18,30.1,96.5,117,1,1,1,0
2026-08-26 14:45:00,617.41,154.352,214.82,283.02,73.87,45.71,Normal,0.18,30.2,89.6,126,1,1,1,0
2026-08-26 15:00:00,590.2,147.55,193.05,287.55,70.1,39.5,Normal,0.18,27.6,88.4,143,1,1,1,0
2026-08-26 15:15:00,605.35,151.338,215.39,279.68,68.44,41.84,Normal,0.18,29.2,98.8,115,1,1,1,0
2026-08-26 15:30:00,569.94,142.485,198.72,257.65,70.15,43.43,Normal,0.18,29.3,92.3,121,1,1,1,0
2026-08-26 15:45:00,559.15,139.787,206.45,241.49,68.66,42.56,Normal,0.18,29.9,92.0,117,1,1,1,0
2026-08-26 16:00:00,561.75,140.438,202.98,245.75,70.74,42.28,Normal,0.18,28.4,97.3,117,1,1,1,0
2026-08-26 16:15:00,593.65,148.412,196.34,279.94,74.79,42.57,Normal,0.18,26.9,78.7,116,1,1,1,0
2026-08-26 16:30:00,605.12,151.28,202.42,296.58,69.11,37.01,Normal,0.18,28.0,95.9,134,1,1,1,0
2026-08-26 16:45:00,574.93,143.732,192.61,273.9,69.5,38.92,Normal,0.18,26.3,83.9,124,1,1,1,0
2026-08-26 17:00:00,589.78,147.445,194.29,289.03,69.88,36.59,Normal,0.18,26.0,87.3,111,1,1,1,0
2026-08-26 17:15:00,570.68,142.67,193.3,264.61,69.67,43.1,Normal,0.18,26.8,97.9,124,1,1,1,0
2026-08-26 17:30:00,582.64,145.66,182.04,290.6,69.49,40.51,Normal,0.18,26.1,85.2,86,1,1,1,0
2026-08-26 17:45:00,556.05,139.012,184.96,256.99,78.19,35.91,Normal,0.18,25.5,87.7,83,1,1,1,0
2026-08-26 18:00:00,588.1,147.025,178.43,298.92,71.2,39.55,Peak,0.35,23.9,88.1,95,1,0,1,0
2026-08-26 18:15:00,579.91,144.977,186.47,282.16,68.96,42.32,Peak,0.35,25.8,80.7,87,1,0,1,0
2026-08-26 18:30:00,571.94,142.985,184.71,281.09,65.11,41.03,Peak,0.35,24.5,93.8,88,0,0,1,0
2026-08-26 18:45:00,559.05,139.762,178.93,266.39,69.56,44.18,Peak,0.35,24.5,83.6,101,0,0,1,0
2026-08-26 19:00:00,571.48,142.87,174.26,285.28,70.02,41.92,Peak,0.35,23.2,27.3,89,0,0,1,0
2026-08-26 19:15:00,558.62,139.655,173.99,279.18,67.52,37.93,Peak,0.35,23.7,17.6,102,0,0,1,0
2026-08-26 19:30:00,312.13,78.032,166.0,32.89,70.43,42.8,Peak,0.35,22.1,20.8,0,0,0,1,0
2026-08-26 19:45:00,326.52,81.63,168.46,45.11,72.49,40.46,Peak,0.35,23.3,18.6,0,0,0,1,0
2026-08-26 20:00:00,324.56,81.14,166.35,43.9,74.9,39.41,Peak,0.35,22.2,23.4,0,0,0,0,0
2026-08-26 20:15:00,312.6,78.15,157.69,46.79,67.31,40.81,Peak,0.35,20.5,16.7,0,0,0,0,0
2026-08-26 20:30:00,319.05,79.763,163.77,45.74,71.55,37.98,Peak,0.35,20.5,11.1,0,0,0,0,0
2026-08-26 20:45:00,323.01,80.752,167.64,45.06,71.27,39.04,Peak,0.35,20.0,17.5,0,0,0,0,0
2026-08-26 21:00:00,319.63,79.907,159.83,48.55,69.45,41.79,Peak,0.35,19.0,17.9,0,0,0,0,0
2026-08-26 21:15:00,318.9,79.725,167.03,45.32,66.08,40.47,Peak,0.35,20.5,18.6,0,0,0,0,0
2026-08-26 21:30:00,320.19,80.047,164.64,44.52,76.3,34.72,Peak,0.35,19.5,14.6,0,0,0,0,0
2026-08-26 21:45:00,296.18,74.045,147.04,43.99,65.63,39.52,Peak,0.35,19.2,8.9,0,0,0,0,0
2026-08-26 22:00:00,193.3,48.325,50.48,49.54,50.2,43.09,Off-Peak,0.08,18.5,10.2,0,0,0,0,0
2026-08-26 22:15:00,185.27,46.318,51.35,38.54,50.96,44.43,Off-Peak,0.08,17.8,5.3,0,0,0,0,0
2026-08-26 22:30:00,183.32,45.83,50.43,45.9,51.34,35.66,Off-Peak,0.08,17.3,9.3,0,0,0,0,0
2026-08-26 22:45:00,190.73,47.682,46.2,51.68,50.71,42.15,Off-Peak,0.08,17.2,9.4,0,0,0,0,0
2026-08-26 23:00:00,194.52,48.63,56.6,44.59,50.06,43.26,Off-Peak,0.08,16.7,4.6,0,0,0,0,0
2026-08-26 23:15:00,187.88,46.97,55.46,41.54,49.62,41.25,Off-Peak,0.08,17.3,11.8,0,0,0,0,0
2026-08-26 23:30:00,200.39,50.097,55.03,53.05,49.52,42.79,Off-Peak,0.08,17.3,5.1,0,0,0,0,0
2026-08-26 23:45:00,178.99,44.748,52.57,40.97,50.04,35.4,Off-Peak,0.08,16.6,9.9,0,0,0,0,0
2026-08-27 00:00:00,202.11,50.528,60.35,47.01,51.25,43.49,Off-Peak,0.08,15.7,8.5,0,0,0,0,0
2026-08-27 00:15:00,202.0,50.5,62.28,44.6,52.23,42.89,Off-Peak,0.08,15.0,7.7,0,0,0,0,0
2026-08-27 00:30:00,187.23,46.807,55.44,46.65,48.49,36.65,Off-Peak,0.08,14.4,8.6,0,0,0,0,0
2026-08-27 00:45:00,208.02,52.005,58.55,54.09,52.79,42.58,Off-Peak,0.08,15.0,7.8,0,0,0,0,0
2026-08-27 01:00:00,190.78,47.695,55.63,41.84,51.15,42.16,Off-Peak,0.08,14.4,7.2,0,0,0,0,0
2026-08-27 01:15:00,187.74,46.935,52.29,49.66,48.61,37.18,Off-Peak,0.08,15.6,10.1,0,0,0,0,0
2026-08-27 01:30:00,192.6,48.15,56.46,45.1,50.62,40.41,Off-Peak,0.08,15.5,10.4,0,0,0,0,0
2026-08-27 01:45:00,192.21,48.053,54.76,45.4,50.02,42.03,Off-Peak,0.08,14.1,5.5,0,0,0,0,0
2026-08-27 02:00:00,205.87,51.468,54.57,54.12,50.16,47.02,Off-Peak,0.08,14.8,9.1,0,0,0,0,0
2026-08-27 02:15:00,175.47,43.867,52.3,37.79,48.02,37.36,Off-Peak,0.08,15.3,7.6,0,0,0,0,0
2026-08-27 02:30:00,203.03,50.758,55.56,51.41,49.82,46.24,Off-Peak,0.08,15.4,6.9,0,0,0,0,0
2026-08-27 02:45:00,184.26,46.065,53.38,49.68,45.52,35.67,Off-Peak,0.08,14.2,7.7,0,0,0,0,0
2026-08-27 03:00:00,186.54,46.635,55.68,38.24,47.61,45.02,Off-Peak,0.08,15.2,11.1,0,0,0,0,0
2026-08-27 03:15:00,199.19,49.797,59.43,50.06,52.55,37.15,Off-Peak,0.08,14.9,6.1,0,0,0,0,0
2026-08-27 03:30:00,190.58,47.645,56.01,46.82,52.96,34.8,Off-Peak,0.08,14.3,8.3,0,0,0,0,0
2026-08-27 03:45:00,186.73,46.682,57.57,42.63,48.37,38.17,Off-Peak,0.08,16.4,5.8,0,0,0,0,0
2026-08-27 04:00:00,197.96,49.49,52.68,48.93,51.28,45.06,Off-Peak,0.08,14.8,8.1,0,0,0,0,0
2026-08-27 04:15:00,188.69,47.172,59.2,41.86,47.02,40.6,Off-Peak,0.08,16.5,9.0,0,0,0,0,0
2026-08-27 04:30:00,206.96,51.74,59.37,55.82,50.12,41.65,Off-Peak,0.08,15.3,12.9,0,0,0,0,0
2026-08-27 04:45:00,167.69,41.922,51.35,32.28,48.42,35.63,Off-Peak,0.08,16.4,9.8,0,0,0,0,0
2026-08-27 05:00:00,189.44,47.36,50.79,51.46,51.9,35.29,Off-Peak,0.08,18.2,11.6,0,0,0,0,0
2026-08-27 05:15:00,183.84,45.96,57.24,38.86,49.8,37.94,Off-Peak,0.08,17.1,6.8,0,0,0,0,0
2026-08-27 05:30:00,190.15,47.538,53.39,43.93,54.07,38.75,Off-Peak,0.08,18.1,7.6,0,0,0,0,0
2026-08-27 05:45:00,185.9,46.475,54.57,37.92,54.46,38.94,Off-Peak,0.08,17.3,9.2,0,0,0,0,0
2026-08-27 06:00:00,297.63,74.407,143.94,36.6,70.83,46.26,Off-Peak,0.08,18.2,8.3,0,1,0,0,0
2026-08-27 06:15:00,293.6,73.4,134.59,46.03,73.99,38.98,Off-Peak,0.08,19.0,5.5,0,1,0,0,0
2026-08-27 06:30:00,291.36,72.84,134.25,42.59,74.31,40.21,Off-Peak,0.08,20.0,5.1,0,1,0,1,0
2026-08-27 06:45:00,299.56,74.89,148.04,41.95,72.06,37.51,Off-Peak,0.08,20.0,8.6,0,1,0,1,0
2026-08-27 07:00:00,325.96,81.49,166.99,47.75,70.24,40.98,Off-Peak,0.08,21.8,81.0,0,1,0,1,0
2026-08-27 07:15:00,337.35,84.338,175.39,49.47,74.08,38.42,Off-Peak,0.08,20.8,80.2,0,1,0,1,0
2026-08-27 07:30:00,334.33,83.582,177.51,50.8,70.58,35.45,Off-Peak,0.08,21.4,87.3,0,1,1,1,0
2026-08-27 07:45:00,331.41,82.853,175.74,47.03,65.47,43.17,Off-Peak,0.08,23.0,89.7,0,1,1,1,0
2026-08-27 08:00:00,578.27,144.567,170.46,295.58,70.32,41.9,Normal,0.18,20.8,86.5,105,1,1,1,0
2026-08-27 08:15:00,546.31,136.577,167.85,268.48,70.73,39.25,Normal,0.18,22.5,87.3,99,1,1,1,0
2026-08-27 08:30:00,563.98,140.995,173.27,280.08,71.18,39.46,Normal,0.18,22.2,86.4,114,1,1,1,0
2026-08-27 08:45:00,584.71,146.178,184.31,287.76,71.08,41.56,Normal,0.18,25.4,83.8,127,1,1,1,0
2026-08-27 09:00:00,588.92,147.23,183.2,295.83,69.93,39.95,Normal,0.18,23.9,88.4,127,1,1,1,0
2026-08-27 09:15:00,588.25,147.062,191.13,289.02,67.34,40.75,Normal,0.18,25.5,81.8,137,1,1,1,0
2026-08-27 09:30:00,589.8,147.45,190.37,293.07,66.79,39.57,Normal,0.18,25.5,86.9,104,1,1,1,0
2026-08-27 09:45:00,587.88,146.97,188.85,289.66,67.42,41.96,Normal,0.18,24.4,90.9,126,1,1,1,0
2026-08-27 10:00:00,591.5,147.875,182.7,296.84,71.97,40.0,Normal,0.18,24.8,84.0,142,1,1,1,0
2026-08-27 10:15:00,562.22,140.555,189.94,263.97,68.96,39.35,Normal,0.18,25.6,90.6,115,1,1,1,0
2026-08-27 10:30:00,571.25,142.812,192.71,266.33,74.73,37.49,Normal,0.18,26.6,93.0,102,1,1,1,0
2026-08-27 10:45:00,587.16,146.79,188.41,279.9,73.57,45.28,Normal,0.18,26.6,95.6,125,1,1,1,0
2026-08-27 11:00:00,582.14,145.535,201.59,270.72,72.87,36.97,Normal,0.18,28.7,99.3,123,1,1,1,0
2026-08-27 11:15:00,605.32,151.33,195.36,301.93,69.26,38.77,Normal,0.18,27.7,92.7,147,1,1,1,0
2026-08-27 11:30:00,586.0,146.5,191.25,292.68,67.34,34.73,Normal,0.18,26.7,91.4,118,1,1,1,0
2026-08-27 11:45:00,604.5,151.125,206.51,288.05,70.17,39.78,Normal,0.18,28.9,94.6,105,1,1,1,0
2026-08-27 12:00:00,607.17,151.792,211.2,289.31,68.15,38.51,Normal,0.18,28.9,95.4,129,1,1,1,0
2026-08-27 12:15:00,595.76,148.94,200.66,278.54,70.88,45.67,Normal,0.18,28.0,90.8,120,1,1,1,0
2026-08-27 12:30:00,579.54,144.885,200.64,262.43,76.42,40.04,Normal,0.18,27.3,92.4,126,1,1,1,0
2026-08-27 12:45:00,587.72,146.93,204.65,262.63,76.49,43.95,Normal,0.18,28.7,91.6,113,1,1,1,0
2026-08-27 13:00:00,580.33,145.083,208.67,264.97,68.05,38.64,Normal,0.18,28.9,100.0,128,1,1,1,0
2026-08-27 13:15:00,560.24,140.06,192.33,265.58,63.97,38.35,Normal,0.18,27.3,98.3,121,1,1,1,0
2026-08-27 13:30:00,608.21,152.053,208.08,281.56,76.1,42.46,Normal,0.18,28.0,100.0,110,1,1,1,0
2026-08-27 13:45:00,586.98,146.745,209.31,269.73,70.38,37.55,Normal,0.18,29.5,95.9,122,1,1,1,0
2026-08-27 14:00:00,596.28,149.07,201.42,284.9,69.15,40.81,Normal,0.18,27.8,95.2,124,1,1,1,0
2026-08-27 14:15:00,606.54,151.635,215.56,283.51,70.19,37.28,Normal,0.18,29.4,98.1,133,1,1,1,0
2026-08-27 14:30:00,608.27,152.067,202.77,290.06,72.74,42.7,Normal,0.18,28.8,97.0,105,1,1,1,0
2026-08-27 14:45:00,599.42,149.855,214.83,274.89,71.37,38.33,Normal,0.18,28.4,96.9,113,1,1,1,0
2026-08-27 15:00:00,567.09,141.773,187.23,276.04,66.47,37.35,Normal,0.18,27.1,100.0,121,1,1,1,0
2026-08-27 15:15:00,590.26,147.565,194.71,279.35,70.52,45.69,Normal,0.18,27.9,90.4,120,1,1,1,0
2026-08-27 15:30:00,601.03,150.257,203.93,288.86,71.04,37.2,Normal,0.18,28.2,97.7,125,1,1,1,0
2026-08-27 15:45:00,620.47,155.118,207.78,302.21,71.13,39.34,Normal,0.18,29.0,98.8,128,1,1,1,0
2026-08-27 16:00:00,631.67,157.917,202.9,324.7,66.6,37.46,Normal,0.18,28.3,92.5,118,1,1,1,0
2026-08-27 16:15:00,587.71,146.928,196.15,282.14,68.49,40.93,Normal,0.18,28.0,89.3,125,1,1,1,0
2026-08-27 16:30:00,587.53,146.882,203.4,277.62,67.68,38.83,Normal,0.18,28.3,96.5,132,1,1,1,0
2026-08-27 16:45:00,598.64,149.66,197.37,290.45,66.52,44.3,Normal,0.18,26.8,94.2,98,1,1,1,0
2026-08-27 17:00:00,614.7,153.675,189.59,317.26,68.84,39.02,Normal,0.18,26.6,84.5,105,1,1,1,0
2026-08-27 17:15:00,584.86,146.215,188.54,282.15,73.23,40.94,Normal,0.18,26.5,88.7,117,1,1,1,0
2026-08-27 17:30:00,589.5,147.375,196.66,277.77,69.74,45.33,Normal,0.18,25.8,89.1,102,1,1,1,0
2026-08-27 17:45:00,597.36,149.34,203.48,287.35,64.04,42.5,Normal,0.18,26.6,91.1,92,1,1,1,0
2026-08-27 18:00:00,557.26,139.315,176.76,268.45,68.95,43.1,Peak,0.35,24.1,85.3,97,1,0,1,0
2026-08-27 18:15:00,553.67,138.417,181.07,265.05,66.06,41.48,Peak,0.35,24.3,86.0,89,1,0,1,0
2026-08-27 18:30:00,562.54,140.635,179.69,283.64,62.42,36.79,Peak,0.35,24.3,87.1,92,0,0,1,0
2026-08-27 18:45:00,559.73,139.933,181.08,260.49,74.34,43.82,Peak,0.35,24.4,88.8,92,0,0,1,0
2026-08-27 19:00:00,605.37,151.343,180.28,311.95,72.25,40.88,Peak,0.35,23.3,25.4,97,0,0,1,0
2026-08-27 19:15:00,543.6,135.9,175.61,255.7,71.54,40.74,Peak,0.35,24.5,23.6,99,0,0,1,0
2026-08-27 19:30:00,328.92,82.23,171.51,43.25,70.71,43.45,Peak,0.35,22.6,22.1,0,0,0,1,0
2026-08-27 19:45:00,326.34,81.585,167.81,45.77,72.62,40.15,Peak,0.35,21.5,22.7,0,0,0,1,0
2026-08-27 20:00:00,323.55,80.888,168.21,46.5,69.25,39.6,Peak,0.35,22.4,22.1,0,0,0,0,0
2026-08-27 20:15:00,318.3,79.575,166.19,46.97,69.95,35.19,Peak,0.35,21.3,20.2,0,0,0,0,0
2026-08-27 20:30:00,316.53,79.132,166.21,42.03,66.41,41.87,Peak,0.35,21.1,17.7,0,0,0,0,0
2026-08-27 20:45:00,311.18,77.795,160.46,44.97,68.65,37.1,Peak,0.35,20.4,16.8,0,0,0,0,0
2026-08-27 21:00:00,315.05,78.763,163.37,47.05,68.24,36.39,Peak,0.35,20.6,13.2,0,0,0,0,0
2026-08-27 21:15:00,336.89,84.222,170.73,54.7,72.37,39.1,Peak,0.35,21.7,12.2,0,0,0,0,0
2026-08-27 21:30:00,314.27,78.567,161.11,47.83,68.46,36.87,Peak,0.35,19.3,10.0,0,0,0,0,0
2026-08-27 21:45:00,300.13,75.032,150.91,46.07,67.53,35.61,Peak,0.35,17.8,14.2,0,0,0,0,0
2026-08-27 22:00:00,192.46,48.115,57.72,43.07,49.53,42.14,Off-Peak,0.08,19.3,8.1,0,0,0,0,0
2026-08-27 22:15:00,194.09,48.523,54.11,48.07,52.22,39.69,Off-Peak,0.08,18.7,9.6,0,0,0,0,0
2026-08-27 22:30:00,185.54,46.385,53.04,48.15,49.88,34.48,Off-Peak,0.08,17.3,10.7,0,0,0,0,0
2026-08-27 22:45:00,185.83,46.458,49.05,47.64,51.05,38.09,Off-Peak,0.08,18.3,2.5,0,0,0,0,0
2026-08-27 23:00:00,193.34,48.335,57.12,46.25,49.91,40.06,Off-Peak,0.08,17.2,2.9,0,0,0,0,0
2026-08-27 23:15:00,193.91,48.477,49.38,55.98,52.4,36.15,Off-Peak,0.08,17.1,7.9,0,0,0,0,0
2026-08-27 23:30:00,176.16,44.04,58.24,34.2,49.0,34.72,Off-Peak,0.08,16.2,7.5,0,0,0,0,0
2026-08-27 23:45:00,187.57,46.892,55.24,41.98,48.5,41.86,Off-Peak,0.08,16.0,7.1,0,0,0,0,0
2026-08-28 00:00:00,187.88,46.97,54.47,42.14,49.76,41.5,Off-Peak,0.08,16.3,9.1,0,0,0,0,0
2026-08-28 00:15:00,183.24,45.81,55.93,45.31,49.7,32.3,Off-Peak,0.08,14.0,8.8,0,0,0,0,0
2026-08-28 00:30:00,189.6,47.4,55.04,43.46,50.03,41.06,Off-Peak,0.08,15.2,11.6,0,0,0,0,0
2026-08-28 00:45:00,208.69,52.172,56.27,53.38,52.01,47.02,Off-Peak,0.08,15.9,7.5,0,0,0,0,0
2026-08-28 01:00:00,189.33,47.333,52.63,46.77,51.46,38.47,Off-Peak,0.08,14.7,11.4,0,0,0,0,0
2026-08-28 01:15:00,199.27,49.818,52.87,53.35,47.23,45.82,Off-Peak,0.08,15.2,9.8,0,0,0,0,0
2026-08-28 01:30:00,185.84,46.46,53.79,42.46,49.73,39.85,Off-Peak,0.08,15.9,7.8,0,0,0,0,0
2026-08-28 01:45:00,184.73,46.182,55.6,40.77,48.91,39.45,Off-Peak,0.08,16.0,11.9,0,0,0,0,0
2026-08-28 02:00:00,198.59,49.648,61.29,46.51,48.33,42.45,Off-Peak,0.08,14.2,5.6,0,0,0,0,0
2026-08-28 02:15:00,188.03,47.008,52.59,53.27,49.49,32.67,Off-Peak,0.08,14.1,5.8,0,0,0,0,0
2026-08-28 02:30:00,185.12,46.28,49.45,43.42,51.04,41.21,Off-Peak,0.08,16.0,7.4,0,0,0,0,0
2026-08-28 02:45:00,186.21,46.553,55.14,41.5,46.92,42.66,Off-Peak,0.08,16.6,6.3,0,0,0,0,0
2026-08-28 03:00:00,185.95,46.487,56.28,41.57,47.99,40.11,Off-Peak,0.08,15.6,8.6,0,0,0,0,0
2026-08-28 03:15:00,193.11,48.278,57.39,45.15,50.54,40.03,Off-Peak,0.08,16.3,11.2,0,0,0,0,0
2026-08-28 03:30:00,191.12,47.78,51.0,44.38,53.27,42.47,Off-Peak,0.08,14.7,8.0,0,0,0,0,0
2026-08-28 03:45:00,191.23,47.807,52.5,44.69,52.08,41.96,Off-Peak,0.08,15.0,7.9,0,0,0,0,0
2026-08-28 04:00:00,190.21,47.553,55.61,48.39,49.6,36.62,Off-Peak,0.08,17.9,10.4,0,0,0,0,0
2026-08-28 04:15:00,195.67,48.917,54.28,46.37,52.48,42.54,Off-Peak,0.08,17.2,10.0,0,0,0,0,0
2026-08-28 04:30:00,201.08,50.27,54.5,50.57,52.06,43.96,Off-Peak,0.08,15.3,8.5,0,0,0,0,0
2026-08-28 04:45:00,188.94,47.235,58.34,42.04,46.96,41.6,Off-Peak,0.08,15.8,6.4,0,0,0,0,0
2026-08-28 05:00:00,195.72,48.93,55.89,45.8,49.26,44.77,Off-Peak,0.08,16.6,11.6,0,0,0,0,0
2026-08-28 05:15:00,188.38,47.095,52.62,44.63,48.04,43.09,Off-Peak,0.08,17.7,7.2,0,0,0,0,0
2026-08-28 05:30:00,194.09,48.523,56.83,46.71,48.57,41.98,Off-Peak,0.08,16.3,7.7,0,0,0,0,0
2026-08-28 05:45:00,196.51,49.127,56.96,47.31,48.65,43.59,Off-Peak,0.08,17.4,8.0,0,0,0,0,0
2026-08-28 06:00:00,309.29,77.323,144.77,50.59,73.36,40.58,Off-Peak,0.08,18.6,9.5,0,1,0,0,0
2026-08-28 06:15:00,293.67,73.418,134.64,46.51,70.77,41.75,Off-Peak,0.08,19.5,8.4,0,1,0,0,0
2026-08-28 06:30:00,294.22,73.555,142.1,38.43,74.38,39.31,Off-Peak,0.08,19.2,6.5,0,1,0,1,0
2026-08-28 06:45:00,296.81,74.203,145.47,37.96,72.47,40.91,Off-Peak,0.08,19.9,9.1,0,1,0,1,0
2026-08-28 07:00:00,319.56,79.89,161.43,38.51,75.17,44.46,Off-Peak,0.08,19.7,81.3,0,1,0,1,0
2026-08-28 07:15:00,330.71,82.677,168.36,48.79,75.27,38.29,Off-Peak,0.08,21.0,84.5,0,1,0,1,0
2026-08-28 07:30:00,304.58,76.145,160.05,39.96,69.26,35.32,Off-Peak,0.08,20.2,94.0,0,1,1,1,0
2026-08-28 07:45:00,339.63,84.907,174.22,51.4,74.35,39.66,Off-Peak,0.08,22.4,91.2,0,1,1,1,0
2026-08-28 08:00:00,578.67,144.667,179.83,283.84,74.09,40.91,Normal,0.18,21.6,98.9,122,1,1,1,0
2026-08-28 08:15:00,589.04,147.26,175.19,300.75,68.46,44.64,Normal,0.18,23.3,78.3,119,1,1,1,0
2026-08-28 08:30:00,606.04,151.51,189.38,308.12,70.38,38.18,Normal,0.18,22.5,87.4,143,1,1,1,0
2026-08-28 08:45:00,552.66,138.165,183.04,253.01,72.48,44.12,Normal,0.18,22.4,89.8,127,1,1,1,0
2026-08-28 09:00:00,564.8,141.2,179.17,275.4,68.15,42.1,Normal,0.18,23.3,92.2,119,1,1,1,0
2026-08-28 09:15:00,570.19,142.548,182.53,276.75,75.6,35.31,Normal,0.18,23.2,92.6,119,1,1,1,0
2026-08-28 09:30:00,588.61,147.153,181.83,294.27,71.39,41.13,Normal,0.18,25.2,85.8,139,1,1,1,0
2026-08-28 09:45:00,579.51,144.877,187.83,292.15,65.97,33.57,Normal,0.18,25.7,89.5,133,1,1,1,0
2026-08-28 10:00:00,574.29,143.572,181.64,284.73,71.96,35.95,Normal,0.18,25.7,96.4,118,1,1,1,0
2026-08-28 10:15:00,582.37,145.593,204.72,274.09,65.15,38.42,Normal,0.18,28.3,81.6,134,1,1,1,0
2026-08-28 10:30:00,601.89,150.472,195.73,296.95,71.17,38.04,Normal,0.18,27.6,100.0,101,1,1,1,0
2026-08-28 10:45:00,586.85,146.713,188.34,287.19,71.89,39.44,Normal,0.18,26.6,89.7,118,1,1,1,0
2026-08-28 11:00:00,579.02,144.755,195.26,281.27,62.44,40.05,Normal,0.18,26.7,97.0,132,1,1,1,0
2026-08-28 11:15:00,554.14,138.535,182.89,264.36,68.35,38.54,Normal,0.18,25.8,87.9,124,1,1,1,0
2026-08-28 11:30:00,579.58,144.895,194.12,275.07,69.82,40.57,Normal,0.18,26.0,94.7,113,1,1,1,0
2026-08-28 11:45:00,616.92,154.23,207.58,292.76,71.61,44.96,Normal,0.18,27.6,100.0,120,1,1,1,0
2026-08-28 12:00:00,573.43,143.357,212.62,256.46,68.59,35.76,Normal,0.18,27.3,93.3,107,1,1,1,0
2026-08-28 12:15:00,608.15,152.037,201.37,298.34,68.85,39.59,Normal,0.18,28.2,85.1,134,1,1,1,0
2026-08-28 12:30:00,589.1,147.275,209.54,267.79,69.07,42.7,Normal,0.18,28.4,98.8,117,1,1,1,0
2026-08-28 12:45:00,577.3,144.325,200.86,271.32,67.72,37.4,Normal,0.18,28.8,97.5,111,1,1,1,0
2026-08-28 13:00:00,596.12,149.03,194.06,293.05,68.44,40.57,Normal,0.18,28.5,90.5,116,1,1,1,0
2026-08-28 13:15:00,584.37,146.093,198.0,276.98,71.24,38.15,Normal,0.18,29.5,100.0,112,1,1,1,0
2026-08-28 13:30:00,591.68,147.92,210.04,269.85,68.94,42.84,Normal,0.18,29.1,92.3,121,1,1,1,0
2026-08-28 13:45:00,573.81,143.452,198.83,265.14,68.37,41.48,Normal,0.18,27.5,89.4,131,1,1,1,0
2026-08-28 14:00:00,614.09,153.523,211.95,284.8,74.62,42.73,Normal,0.18,29.2,96.8,104,1,1,1,0
2026-08-28 14:15:00,593.84,148.46,205.58,274.08,70.84,43.34,Normal,0.18,28.6,100.0,107,1,1,1,0
2026-08-28 14:30:00,606.88,151.72,212.65,287.85,66.92,39.46,Normal,0.18,29.3,100.0,142,1,1,1,0
2026-08-28 14:45:00,609.87,152.468,206.55,290.81,67.42,45.09,Normal,0.18,29.4,94.8,122,1,1,1,0
2026-08-28 15:00:00,605.6,151.4,206.32,285.19,71.66,42.43,Normal,0.18,28.7,98.7,133,1,1,1,0
2026-08-28 15:15:00,608.34,152.085,203.21,294.93,71.38,38.82,Normal,0.18,27.8,93.3,113,1,1,1,0
2026-08-28 15:30:00,572.16,143.04,199.53,262.08,70.13,40.42,Normal,0.18,29.9,92.5,118,1,1,1,0
2026-08-28 15:45:00,610.55,152.637,196.94,305.26,66.59,41.76,Normal,0.18,28.3,87.2,119,1,1,1,0
2026-08-28 16:00:00,634.36,158.59,208.07,308.87,70.14,47.27,Normal,0.18,28.5,86.3,132,1,1,1,0
2026-08-28 16:15:00,566.16,141.54,195.74,255.82,76.18,38.41,Normal,0.18,29.0,89.3,112,1,1,1,0
2026-08-28 16:30:00,577.72,144.43,200.02,268.28,68.53,40.9,Normal,0.18,27.4,85.5,118,1,1,1,0
2026-08-28 16:45:00,600.04,150.01,202.0,283.22,68.83,45.99,Normal,0.18,28.4,92.7,123,1,1,1,0
2026-08-28 17:00:00,593.57,148.393,202.2,279.52,70.87,40.99,Normal,0.18,27.0,95.0,98,1,1,1,0
2026-08-28 17:15:00,560.84,140.21,180.61,271.58,66.4,42.25,Normal,0.18,24.8,81.5,142,1,1,1,0
2026-08-28 17:30:00,566.06,141.515,185.1,279.33,62.12,39.51,Normal,0.18,26.3,87.8,104,1,1,1,0
2026-08-28 17:45:00,570.58,142.645,182.76,283.37,66.88,37.56,Normal,0.18,25.9,89.4,94,1,1,1,0
2026-08-28 18:00:00,600.06,150.015,185.88,294.09,71.86,48.23,Peak,0.35,25.5,83.5,94,1,0,1,0
2026-08-28 18:15:00,581.83,145.458,178.76,279.95,74.45,48.67,Peak,0.35,26.3,94.4,84,1,0,1,0
2026-08-28 18:30:00,558.67,139.667,181.07,267.28,69.39,40.93,Peak,0.35,23.9,97.4,80,0,0,1,0
2026-08-28 18:45:00,572.65,143.162,182.11,274.88,71.4,44.27,Peak,0.35,23.8,77.4,92,0,0,1,0
2026-08-28 19:00:00,556.96,139.24,181.35,259.93,74.6,41.09,Peak,0.35,23.4,28.1,102,0,0,1,0
2026-08-28 19:15:00,537.8,134.45,171.22,257.88,67.01,41.7,Peak,0.35,22.9,26.6,95,0,0,1,0
2026-08-28 19:30:00,333.71,83.427,178.02,46.29,66.42,42.99,Peak,0.35,23.9,26.5,0,0,0,1,0
2026-08-28 19:45:00,333.44,83.36,180.87,41.97,69.62,40.98,Peak,0.35,22.8,23.0,0,0,0,1,0
2026-08-28 20:00:00,320.86,80.215,168.1,43.37,73.93,35.47,Peak,0.35,21.3,19.4,0,0,0,0,0
2026-08-28 20:15:00,309.89,77.472,168.14,40.38,63.76,37.61,Peak,0.35,22.4,20.7,0,0,0,0,0
2026-08-28 20:30:00,326.34,81.585,174.47,41.9,72.12,37.85,Peak,0.35,21.9,17.3,0,0,0,0,0
2026-08-28 20:45:00,303.11,75.778,156.05,37.29,69.45,40.32,Peak,0.35,19.9,15.9,0,0,0,0,0
2026-08-28 21:00:00,327.43,81.858,171.51,48.6,71.0,36.31,Peak,0.35,21.2,17.8,0,0,0,0,0
2026-08-28 21:15:00,325.76,81.44,166.7,48.43,73.72,36.9,Peak,0.35,19.9,15.5,0,0,0,0,0
2026-08-28 21:30:00,317.66,79.415,161.58,44.27,69.75,42.06,Peak,0.35,19.1,13.8,0,0,0,0,0
2026-08-28 21:45:00,297.15,74.287,146.62,35.41,70.03,45.1,Peak,0.35,18.0,16.1,0,0,0,0,0
2026-08-28 22:00:00,179.49,44.873,55.12,44.24,46.91,33.22,Off-Peak,0.08,19.0,9.5,0,0,0,0,0
2026-08-28 22:15:00,198.3,49.575,56.03,48.12,53.17,40.99,Off-Peak,0.08,18.3,10.6,0,0,0,0,0
2026-08-28 22:30:00,193.3,48.325,61.07,47.63,48.11,36.49,Off-Peak,0.08,17.6,6.4,0,0,0,0,0
2026-08-28 22:45:00,186.09,46.523,60.56,31.22,52.85,41.46,Off-Peak,0.08,18.4,5.9,0,0,0,0,0
2026-08-28 23:00:00,192.24,48.06,60.67,48.54,48.19,34.84,Off-Peak,0.08,17.1,7.6,0,0,0,0,0
2026-08-28 23:15:00,184.04,46.01,50.44,44.72,48.85,40.03,Off-Peak,0.08,16.9,8.0,0,0,0,0,0
2026-08-28 23:30:00,190.05,47.513,57.73,41.39,50.74,40.19,Off-Peak,0.08,17.0,11.0,0,0,0,0,0
2026-08-28 23:45:00,192.63,48.157,60.57,45.16,46.81,40.09,Off-Peak,0.08,15.1,8.8,0,0,0,0,0
2026-08-29 00:00:00,189.42,47.355,56.57,44.15,49.34,39.36,Off-Peak,0.08,15.0,12.6,0,0,0,0,0
2026-08-29 00:15:00,191.26,47.815,50.84,50.69,49.23,40.5,Off-Peak,0.08,15.7,7.7,0,0,0,0,0
2026-08-29 00:30:00,178.11,44.528,51.48,36.62,48.82,41.19,Off-Peak,0.08,15.8,11.0,0,0,0,0,0
2026-08-29 00:45:00,191.33,47.833,61.38,35.77,48.49,45.69,Off-Peak,0.08,14.8,8.9,0,0,0,0,0
2026-08-29 01:00:00,193.66,48.415,58.51,45.28,49.3,40.58,Off-Peak,0.08,15.2,7.9,0,0,0,0,0
2026-08-29 01:15:00,185.69,46.422,54.66,39.95,50.02,41.06,Off-Peak,0.08,14.6,6.9,0,0,0,0,0
2026-08-29 01:30:00,193.25,48.312,53.78,47.5,50.99,40.98,Off-Peak,0.08,15.7,13.4,0,0,0,0,0
2026-08-29 01:45:00,174.78,43.695,56.51,36.47,49.46,32.34,Off-Peak,0.08,14.6,6.9,0,0,0,0,0
2026-08-29 02:00:00,197.81,49.453,58.29,48.44,48.89,42.19,Off-Peak,0.08,13.9,7.4,0,0,0,0,0
2026-08-29 02:15:00,180.91,45.227,50.85,43.96,49.8,36.3,Off-Peak,0.08,15.7,9.5,0,0,0,0,0
2026-08-29 02:30:00,193.65,48.413,56.34,46.39,51.46,39.46,Off-Peak,0.08,15.4,10.8,0,0,0,0,0
2026-08-29 02:45:00,193.48,48.37,53.25,51.69,45.91,42.63,Off-Peak,0.08,15.3,8.8,0,0,0,0,0
2026-08-29 03:00:00,179.16,44.79,55.78,37.55,48.37,37.45,Off-Peak,0.08,14.7,7.7,0,0,0,0,0
2026-08-29 03:15:00,201.38,50.345,59.8,53.99,45.96,41.63,Off-Peak,0.08,15.2,7.6,0,0,0,0,0
2026-08-29 03:30:00,184.05,46.013,53.03,43.78,48.5,38.74,Off-Peak,0.08,16.2,11.6,0,0,0,0,0
2026-08-29 03:45:00,182.61,45.653,50.49,44.0,47.5,40.62,Off-Peak,0.08,14.8,9.7,0,0,0,0,0
2026-08-29 04:00:00,193.63,48.407,58.24,52.95,44.94,37.5,Off-Peak,0.08,15.4,10.9,0,0,0,0,0
2026-08-29 04:15:00,180.65,45.163,50.05,40.09,50.26,40.25,Off-Peak,0.08,15.9,11.4,0,0,0,0,0
2026-08-29 04:30:00,194.09,48.523,56.02,45.97,50.11,41.99,Off-Peak,0.08,16.7,11.3,0,0,0,0,0
2026-08-29 04:45:00,179.56,44.89,48.39,39.6,49.55,42.02,Off-Peak,0.08,14.9,14.6,0,0,0,0,0
2026-08-29 05:00:00,195.05,48.763,57.38,49.97,48.61,39.1,Off-Peak,0.08,14.7,9.9,0,0,0,0,0
2026-08-29 05:15:00,183.72,45.93,51.9,40.55,50.87,40.39,Off-Peak,0.08,16.9,8.8,0,0,0,0,0
2026-08-29 05:30:00,190.46,47.615,57.11,49.39,46.52,37.44,Off-Peak,0.08,18.1,10.6,0,0,0,0,0
2026-08-29 05:45:00,197.07,49.267,52.99,49.56,53.96,40.56,Off-Peak,0.08,17.9,9.9,0,0,0,0,0
2026-08-29 06:00:00,205.55,51.388,49.4,45.14,72.94,38.07,Off-Peak,0.08,18.6,12.5,0,0,0,0,0
2026-08-29 06:15:00,210.13,52.532,54.82,40.46,76.29,38.56,Off-Peak,0.08,17.9,9.4,0,0,0,0,0
2026-08-29 06:30:00,211.65,52.913,57.72,45.09,71.46,37.39,Off-Peak,0.08,18.4,9.7,0,0,0,0,0
2026-08-29 06:45:00,214.82,53.705,58.14,46.83,72.47,37.38,Off-Peak,0.08,20.9,11.7,0,0,0,0,0
2026-08-29 07:00:00,208.4,52.1,59.68,39.26,70.75,38.71,Off-Peak,0.08,19.8,14.0,0,0,0,0,0
2026-08-29 07:15:00,216.27,54.068,58.42,47.26,69.04,41.54,Off-Peak,0.08,20.1,10.9,0,0,0,0,0
2026-08-29 07:30:00,201.58,50.395,59.19,34.61,72.39,35.38,Off-Peak,0.08,20.8,11.2,0,0,0,0,0
2026-08-29 07:45:00,207.92,51.98,51.35,48.48,71.09,37.0,Off-Peak,0.08,22.5,8.1,0,0,0,0,0
2026-08-29 08:00:00,198.53,49.633,51.39,39.69,70.35,37.1,Off-Peak,0.08,21.0,9.4,0,0,0,0,0
2026-08-29 08:15:00,212.7,53.175,54.55,45.65,76.05,36.44,Off-Peak,0.08,22.8,14.5,0,0,0,0,0
2026-08-29 08:30:00,218.11,54.528,57.56,51.46,70.84,38.25,Off-Peak,0.08,23.9,13.2,0,0,0,0,0
2026-08-29 08:45:00,211.96,52.99,58.32,45.22,67.85,40.57,Off-Peak,0.08,24.2,13.4,0,0,0,0,0
2026-08-29 09:00:00,209.32,52.33,53.71,46.58,66.07,42.95,Off-Peak,0.08,24.6,13.1,0,0,0,0,0
2026-08-29 09:15:00,210.33,52.583,51.55,50.16,70.97,37.66,Off-Peak,0.08,23.6,12.4,0,0,0,0,0
2026-08-29 09:30:00,202.77,50.693,57.25,43.63,64.84,37.05,Off-Peak,0.08,25.2,8.2,0,0,0,0,0
2026-08-29 09:45:00,224.18,56.045,57.7,53.12,74.96,38.4,Off-Peak,0.08,24.8,14.1,0,0,0,0,0
2026-08-29 10:00:00,194.88,48.72,52.99,35.79,69.96,36.14,Off-Peak,0.08,25.3,8.8,0,0,0,0,0
2026-08-29 10:15:00,213.01,53.252,53.47,45.97,72.72,40.84,Off-Peak,0.08,25.9,16.3,0,0,0,0,0
2026-08-29 10:30:00,201.82,50.455,54.3,40.2,72.54,34.78,Off-Peak,0.08,26.5,8.9,0,0,0,0,0
2026-08-29 10:45:00,209.16,52.29,57.89,43.23,66.3,41.74,Off-Peak,0.08,27.4,5.8,0,0,0,0,0
2026-08-29 11:00:00,200.65,50.163,57.16,33.57,66.04,43.88,Off-Peak,0.08,27.7,8.7,0,0,0,0,0
2026-08-29 11:15:00,201.68,50.42,52.9,40.38,69.5,38.89,Off-Peak,0.08,27.1,5.0,0,0,0,0,0
2026-08-29 11:30:00,221.07,55.267,59.08,47.12,71.37,43.5,Off-Peak,0.08,27.7,9.8,0,0,0,0,0
2026-08-29 11:45:00,212.82,53.205,58.62,45.68,70.42,38.1,Off-Peak,0.08,27.5,6.2,0,0,0,0,0
2026-08-29 12:00:00,220.96,55.24,57.95,48.92,72.38,41.71,Off-Peak,0.08,27.6,12.5,0,0,0,0,0
2026-08-29 12:15:00,210.46,52.615,58.63,43.13,71.11,37.59,Off-Peak,0.08,28.4,9.5,0,0,0,0,0
2026-08-29 12:30:00,207.83,51.958,52.59,48.99,65.96,40.3,Off-Peak,0.08,27.9,9.3,0,0,0,0,0
2026-08-29 12:45:00,210.63,52.657,53.68,46.28,71.29,39.39,Off-Peak,0.08,28.7,5.0,0,0,0,0,0
2026-08-29 13:00:00,212.05,53.013,55.04,46.26,72.78,37.97,Off-Peak,0.08,29.3,9.7,0,0,0,0,0
2026-08-29 13:15:00,214.46,53.615,54.0,52.13,71.72,36.61,Off-Peak,0.08,28.5,8.0,0,0,0,0,0
2026-08-29 13:30:00,205.85,51.462,52.28,41.37,74.03,38.16,Off-Peak,0.08,28.5,11.1,0,0,0,0,0
2026-08-29 13:45:00,199.26,49.815,52.8,40.55,69.17,36.73,Off-Peak,0.08,29.7,13.8,0,0,0,0,0
2026-08-29 14:00:00,221.99,55.498,56.08,51.98,72.45,41.47,Off-Peak,0.08,29.1,9.4,0,0,0,0,0
2026-08-29 14:15:00,201.71,50.428,60.17,29.95,72.07,39.52,Off-Peak,0.08,27.4,11.3,0,0,0,0,0
2026-08-29 14:30:00,215.06,53.765,60.13,48.88,68.89,37.17,Off-Peak,0.08,28.3,12.4,0,0,0,0,0
2026-08-29 14:45:00,219.09,54.773,53.84,43.55,78.47,43.24,Off-Peak,0.08,29.0,12.6,0,0,0,0,0
2026-08-29 15:00:00,210.05,52.513,52.88,45.37,67.0,44.8,Off-Peak,0.08,29.7,5.6,0,0,0,0,0
2026-08-29 15:15:00,223.53,55.883,60.35,44.98,77.77,40.43,Off-Peak,0.08,29.8,8.4,0,0,0,0,0
2026-08-29 15:30:00,217.51,54.377,58.83,47.55,69.58,41.54,Off-Peak,0.08,28.9,14.2,0,0,0,0,0
2026-08-29 15:45:00,201.71,50.428,51.67,36.1,70.15,43.79,Off-Peak,0.08,27.6,10.5,0,0,0,0,0
2026-08-29 16:00:00,200.1,50.025,60.24,42.15,64.25,33.45,Off-Peak,0.08,28.8,9.8,0,0,0,0,0
2026-08-29 16:15:00,212.04,53.01,53.1,47.3,74.94,36.7,Off-Peak,0.08,26.9,12.4,0,0,0,0,0
2026-08-29 16:30:00,212.17,53.042,52.42,51.77,69.14,38.85,Off-Peak,0.08,27.9,11.6,0,0,0,0,0
2026-08-29 16:45:00,221.35,55.337,57.78,51.77,68.05,43.75,Off-Peak,0.08,29.0,11.6,0,0,0,0,0
2026-08-29 17:00:00,209.34,52.335,54.18,41.89,72.47,40.8,Off-Peak,0.08,26.5,8.4,0,0,0,0,0
2026-08-29 17:15:00,209.07,52.267,54.17,43.36,70.15,41.39,Off-Peak,0.08,26.2,12.0,0,0,0,0,0
2026-08-29 17:30:00,205.06,51.265,57.54,43.89,68.04,35.6,Off-Peak,0.08,26.6,8.9,0,0,0,0,0
2026-08-29 17:45:00,210.31,52.578,55.63,50.23,68.57,35.88,Off-Peak,0.08,26.7,10.0,0,0,0,0,0
2026-08-29 18:00:00,212.48,53.12,54.21,52.37,62.54,43.36,Off-Peak,0.08,25.6,10.9,0,0,0,0,0
2026-08-29 18:15:00,201.81,50.453,44.99,51.42,66.92,38.48,Off-Peak,0.08,25.7,11.4,0,0,0,0,0
2026-08-29 18:30:00,219.59,54.898,56.92,49.46,72.45,40.76,Off-Peak,0.08,24.5,11.2,0,0,0,0,0
2026-08-29 18:45:00,216.91,54.227,52.75,49.48,72.51,42.17,Off-Peak,0.08,24.6,6.7,0,0,0,0,0
2026-08-29 19:00:00,216.17,54.042,51.52,50.39,69.22,45.05,Off-Peak,0.08,23.4,12.7,0,0,0,0,0
2026-08-29 19:15:00,205.51,51.377,53.92,43.1,70.58,37.91,Off-Peak,0.08,22.1,15.3,0,0,0,0,0
2026-08-29 19:30:00,205.32,51.33,52.9,47.43,67.3,37.7,Off-Peak,0.08,22.9,7.8,0,0,0,0,0
2026-08-29 19:45:00,208.09,52.023,58.93,40.77,67.81,40.58,Off-Peak,0.08,21.4,8.5,0,0,0,0,0
2026-08-29 20:00:00,216.79,54.197,54.51,46.68,72.83,42.77,Off-Peak,0.08,21.7,16.7,0,0,0,0,0
2026-08-29 20:15:00,212.31,53.078,61.07,44.5,68.67,38.06,Off-Peak,0.08,21.7,9.5,0,0,0,0,0
2026-08-29 20:30:00,209.03,52.258,47.96,44.97,69.39,46.72,Off-Peak,0.08,19.7,12.5,0,0,0,0,0
2026-08-29 20:45:00,206.71,51.678,54.59,44.01,68.35,39.76,Off-Peak,0.08,19.2,7.3,0,0,0,0,0
2026-08-29 21:00:00,204.15,51.038,48.04,44.87,68.2,43.05,Off-Peak,0.08,19.2,11.1,0,0,0,0,0
2026-08-29 21:15:00,214.93,53.733,59.17,43.42,67.1,45.24,Off-Peak,0.08,21.2,9.0,0,0,0,0,0
2026-08-29 21:30:00,209.25,52.312,57.06,46.37,69.79,36.02,Off-Peak,0.08,19.7,10.0,0,0,0,0,0
2026-08-29 21:45:00,212.66,53.165,54.63,49.51,71.15,37.37,Off-Peak,0.08,18.7,11.9,0,0,0,0,0
2026-08-29 22:00:00,186.83,46.708,53.43,46.68,48.56,38.15,Off-Peak,0.08,17.4,9.5,0,0,0,0,0
2026-08-29 22:15:00,191.62,47.905,52.89,45.09,52.76,40.88,Off-Peak,0.08,19.0,10.4,0,0,0,0,0
2026-08-29 22:30:00,199.54,49.885,58.08,56.59,48.42,36.45,Off-Peak,0.08,18.2,7.7,0,0,0,0,0
2026-08-29 22:45:00,186.04,46.51,54.73,39.73,49.78,41.79,Off-Peak,0.08,17.5,12.6,0,0,0,0,0
2026-08-29 23:00:00,197.13,49.282,58.49,46.2,49.94,42.49,Off-Peak,0.08,16.7,11.8,0,0,0,0,0
2026-08-29 23:15:00,190.63,47.657,54.2,42.54,48.39,45.49,Off-Peak,0.08,16.1,7.1,0,0,0,0,0
2026-08-29 23:30:00,195.47,48.867,55.28,44.06,52.21,43.92,Off-Peak,0.08,18.2,8.9,0,0,0,0,0
2026-08-29 23:45:00,193.28,48.32,51.08,53.79,50.88,37.53,Off-Peak,0.08,14.8,11.4,0,0,0,0,0
2026-08-30 00:00:00,200.0,50.0,56.58,50.21,47.7,45.52,Off-Peak,0.08,15.7,9.1,0,0,0,0,0
2026-08-30 00:15:00,200.23,50.057,55.22,53.55,52.47,38.99,Off-Peak,0.08,17.0,7.4,0,0,0,0,0
2026-08-30 00:30:00,188.24,47.06,55.32,41.84,50.34,40.74,Off-Peak,0.08,16.2,19.0,0,0,0,0,0
2026-08-30 00:45:00,179.16,44.79,51.24,41.67,51.52,34.74,Off-Peak,0.08,15.0,11.3,0,0,0,0,0
2026-08-30 01:00:00,186.86,46.715,49.81,42.51,50.57,43.98,Off-Peak,0.08,16.0,5.0,0,0,0,0,0
2026-08-30 01:15:00,184.06,46.015,56.74,40.65,50.28,36.4,Off-Peak,0.08,15.2,9.3,0,0,0,0,0
2026-08-30 01:30:00,192.26,48.065,52.59,45.83,50.32,43.53,Off-Peak,0.08,15.1,9.6,0,0,0,0,0
2026-08-30 01:45:00,195.1,48.775,52.72,49.35,51.51,41.52,Off-Peak,0.08,13.7,9.8,0,0,0,0,0
2026-08-30 02:00:00,174.08,43.52,50.41,36.32,47.45,39.9,Off-Peak,0.08,14.4,12.7,0,0,0,0,0
2026-08-30 02:15:00,191.79,47.947,58.97,45.66,46.86,40.3,Off-Peak,0.08,15.6,5.0,0,0,0,0,0
2026-08-30 02:30:00,182.86,45.715,58.3,38.17,49.17,37.23,Off-Peak,0.08,15.9,11.8,0,0,0,0,0
2026-08-30 02:45:00,194.33,48.583,63.54,42.66,48.55,39.57,Off-Peak,0.08,16.5,11.9,0,0,0,0,0
2026-08-30 03:00:00,188.98,47.245,55.37,45.48,50.08,38.04,Off-Peak,0.08,16.3,8.9,0,0,0,0,0
2026-08-30 03:15:00,195.69,48.922,54.98,49.72,53.52,37.48,Off-Peak,0.08,15.3,9.5,0,0,0,0,0
2026-08-30 03:30:00,191.66,47.915,55.56,42.31,50.48,43.31,Off-Peak,0.08,15.2,7.5,0,0,0,0,0
2026-08-30 03:45:00,192.72,48.18,53.62,47.3,48.21,43.59,Off-Peak,0.08,13.7,11.5,0,0,0,0,0
2026-08-30 04:00:00,189.67,47.417,57.38,41.27,48.76,42.26,Off-Peak,0.08,16.7,11.7,0,0,0,0,0
2026-08-30 04:15:00,193.62,48.405,54.03,47.51,54.2,37.88,Off-Peak,0.08,15.6,14.3,0,0,0,0,0
2026-08-30 04:30:00,189.48,47.37,57.85,43.36,48.97,39.3,Off-Peak,0.08,16.5,13.2,0,0,0,0,0
2026-08-30 04:45:00,189.98,47.495,55.23,42.87,51.41,40.47,Off-Peak,0.08,17.9,9.2,0,0,0,0,0
2026-08-30 05:00:00,185.41,46.352,49.0,40.84,51.59,43.97,Off-Peak,0.08,16.2,7.1,0,0,0,0,0
2026-08-30 05:15:00,199.48,49.87,54.62,48.87,50.57,45.41,Off-Peak,0.08,17.9,11.7,0,0,0,0,0
2026-08-30 05:30:00,195.06,48.765,57.62,48.68,45.98,42.79,Off-Peak,0.08,17.7,14.0,0,0,0,0,0
2026-08-30 05:45:00,181.68,45.42,50.55,44.97,50.07,36.09,Off-Peak,0.08,18.0,8.7,0,0,0,0,0
2026-08-30 06:00:00,216.76,54.19,57.62,45.95,73.45,39.74,Off-Peak,0.08,17.3,11.5,0,0,0,0,0
2026-08-30 06:15:00,213.81,53.453,50.32,54.27,73.39,35.82,Off-Peak,0.08,18.9,7.2,0,0,0,0,0
2026-08-30 06:30:00,210.73,52.682,54.18,42.95,71.14,42.45,Off-Peak,0.08,19.4,9.7,0,0,0,0,0
2026-08-30 06:45:00,215.82,53.955,54.53,49.68,71.39,40.22,Off-Peak,0.08,20.1,9.6,0,0,0,0,0
2026-08-30 07:00:00,208.24,52.06,53.59,49.11,66.77,38.77,Off-Peak,0.08,20.2,11.0,0,0,0,0,0
2026-08-30 07:15:00,196.61,49.153,50.28,45.32,64.91,36.1,Off-Peak,0.08,21.1,6.6,0,0,0,0,0
2026-08-30 07:30:00,208.75,52.188,58.86,38.98,69.72,41.2,Off-Peak,0.08,21.7,9.4,0,0,0,0,0
2026-08-30 07:45:00,204.53,51.133,56.53,36.95,69.89,41.16,Off-Peak,0.08,20.6,13.1,0,0,0,0,0
2026-08-30 08:00:00,225.44,56.36,55.84,56.06,68.84,44.71,Off-Peak,0.08,21.5,5.6,0,0,0,0,0
2026-08-30 08:15:00,213.56,53.39,57.31,44.96,69.11,42.18,Off-Peak,0.08,21.9,10.6,0,0,0,0,0
2026-08-30 08:30:00,215.47,53.867,53.45,44.05,77.56,40.4,Off-Peak,0.08,24.4,10.9,0,0,0,0,0
2026-08-30 08:45:00,207.11,51.778,49.52,46.82,71.96,38.81,Off-Peak,0.08,22.9,6.6,0,0,0,0,0
2026-08-30 09:00:00,216.27,54.068,55.4,47.41,68.39,45.07,Off-Peak,0.08,23.8,6.5,0,0,0,0,0
2026-08-30 09:15:00,207.31,51.828,57.54,44.61,69.43,35.71,Off-Peak,0.08,23.6,10.9,0,0,0,0,0
2026-08-30 09:30:00,212.5,53.125,56.61,48.36,68.12,39.41,Off-Peak,0.08,25.8,9.5,0,0,0,0,0
2026-08-30 09:45:00,209.52,52.38,61.38,41.28,66.46,40.4,Off-Peak,0.08,26.2,6.6,0,0,0,0,0
2026-08-30 10:00:00,213.2,53.3,54.58,47.38,70.1,41.15,Off-Peak,0.08,27.3,5.0,0,0,0,0,0
2026-08-30 10:15:00,202.6,50.65,54.55,39.35,69.87,38.83,Off-Peak,0.08,25.3,8.2,0,0,0,0,0
2026-08-30 10:30:00,207.09,51.773,49.54,43.85,76.95,36.74,Off-Peak,0.08,25.9,11.0,0,0,0,0,0
2026-08-30 10:45:00,206.37,51.593,53.19,38.4,70.42,44.36,Off-Peak,0.08,27.6,10.2,0,0,0,0,0
2026-08-30 11:00:00,210.32,52.58,58.03,46.7,65.28,40.3,Off-Peak,0.08,26.6,9.8,0,0,0,0,0
2026-08-30 11:15:00,197.63,49.407,46.78,46.94,69.4,34.51,Off-Peak,0.08,28.5,9.9,0,0,0,0,0
2026-08-30 11:30:00,201.23,50.307,52.8,40.46,69.89,38.07,Off-Peak,0.08,26.2,12.9,0,0,0,0,0
2026-08-30 11:45:00,205.3,51.325,51.4,42.44,71.33,40.13,Off-Peak,0.08,27.9,9.4,0,0,0,0,0
2026-08-30 12:00:00,216.62,54.155,57.19,49.26,69.5,40.66,Off-Peak,0.08,28.0,15.8,0,0,0,0,0
2026-08-30 12:15:00,211.21,52.803,54.67,46.11,70.48,39.95,Off-Peak,0.08,27.9,12.3,0,0,0,0,0
2026-08-30 12:30:00,208.78,52.195,52.97,48.47,68.21,39.13,Off-Peak,0.08,30.8,8.0,0,0,0,0,0
2026-08-30 12:45:00,206.51,51.627,56.51,43.42,72.14,34.43,Off-Peak,0.08,27.8,11.5,0,0,0,0,0
2026-08-30 13:00:00,198.9,49.725,51.48,36.26,69.08,42.08,Off-Peak,0.08,28.2,9.5,0,0,0,0,0
2026-08-30 13:15:00,217.99,54.498,57.2,48.18,73.66,38.95,Off-Peak,0.08,29.9,8.4,0,0,0,0,0
2026-08-30 13:30:00,201.42,50.355,51.96,41.38,69.1,38.98,Off-Peak,0.08,27.5,10.2,0,0,0,0,0
2026-08-30 13:45:00,213.73,53.432,53.9,46.98,70.04,42.81,Off-Peak,0.08,29.1,12.1,0,0,0,0,0
2026-08-30 14:00:00,203.07,50.767,53.88,44.19,67.65,37.35,Off-Peak,0.08,28.8,9.8,0,0,0,0,0
2026-08-30 14:15:00,215.55,53.888,54.04,50.08,68.94,42.49,Off-Peak,0.08,29.6,6.8,0,0,0,0,0
2026-08-30 14:30:00,210.61,52.653,50.22,51.56,66.59,42.24,Off-Peak,0.08,28.5,6.8,0,0,0,0,0
2026-08-30 14:45:00,207.25,51.812,61.62,36.57,66.75,42.32,Off-Peak,0.08,28.1,14.0,0,0,0,0,0
2026-08-30 15:00:00,214.92,53.73,53.28,54.94,70.35,36.35,Off-Peak,0.08,29.2,12.3,0,0,0,0,0
2026-08-30 15:15:00,211.54,52.885,59.77,41.7,71.48,38.59,Off-Peak,0.08,28.4,6.4,0,0,0,0,0
2026-08-30 15:30:00,210.91,52.727,56.79,51.5,67.25,35.36,Off-Peak,0.08,28.0,5.0,0,0,0,0,0
2026-08-30 15:45:00,206.57,51.642,58.66,40.48,66.69,40.75,Off-Peak,0.08,28.9,5.1,0,0,0,0,0
2026-08-30 16:00:00,203.97,50.992,56.06,32.85,74.93,40.13,Off-Peak,0.08,27.2,7.9,0,0,0,0,0
2026-08-30 16:15:00,218.09,54.523,57.97,48.01,74.16,37.95,Off-Peak,0.08,26.8,6.9,0,0,0,0,0
2026-08-30 16:30:00,215.23,53.807,57.09,50.64,67.85,39.66,Off-Peak,0.08,27.8,11.3,0,0,0,0,0
2026-08-30 16:45:00,203.74,50.935,57.1,36.73,73.33,36.58,Off-Peak,0.08,26.8,9.8,0,0,0,0,0
2026-08-30 17:00:00,206.01,51.502,55.98,46.7,66.46,36.87,Off-Peak,0.08,26.7,13.7,0,0,0,0,0
2026-08-30 17:15:00,210.99,52.748,53.52,49.82,66.85,40.81,Off-Peak,0.08,27.4,8.2,0,0,0,0,0
2026-08-30 17:30:00,203.76,50.94,53.44,42.1,66.76,41.45,Off-Peak,0.08,26.3,10.0,0,0,0,0,0
2026-08-30 17:45:00,202.09,50.523,54.33,39.71,69.29,38.77,Off-Peak,0.08,25.4,12.9,0,0,0,0,0
2026-08-30 18:00:00,222.74,55.685,54.17,52.06,71.52,44.99,Off-Peak,0.08,26.3,8.9,0,0,0,0,0
2026-08-30 18:15:00,228.16,57.04,57.97,52.63,74.6,42.96,Off-Peak,0.08,26.1,7.3,0,0,0,0,0
2026-08-30 18:30:00,204.76,51.19,52.49,43.24,65.01,44.03,Off-Peak,0.08,25.5,9.1,0,0,0,0,0
2026-08-30 18:45:00,206.38,51.595,51.31,50.41,68.52,36.15,Off-Peak,0.08,24.0,13.9,0,0,0,0,0
2026-08-30 19:00:00,212.71,53.178,55.64,45.17,71.32,40.58,Off-Peak,0.08,25.1,13.3,0,0,0,0,0
2026-08-30 19:15:00,235.37,58.843,60.88,58.36,74.69,41.43,Off-Peak,0.08,22.7,8.8,0,0,0,0,0
2026-08-30 19:30:00,216.91,54.227,52.8,42.23,76.45,45.42,Off-Peak,0.08,22.6,7.6,0,0,0,0,0
2026-08-30 19:45:00,205.89,51.472,57.68,43.81,63.54,40.86,Off-Peak,0.08,23.1,7.1,0,0,0,0,0
2026-08-30 20:00:00,206.41,51.602,54.25,42.51,69.9,39.75,Off-Peak,0.08,21.3,7.6,0,0,0,0,0
2026-08-30 20:15:00,200.98,50.245,52.05,40.24,69.01,39.67,Off-Peak,0.08,20.0,14.6,0,0,0,0,0
2026-08-30 20:30:00,214.7,53.675,56.7,46.37,70.69,40.93,Off-Peak,0.08,22.3,10.8,0,0,0,0,0
2026-08-30 20:45:00,230.85,57.712,58.49,64.71,66.39,41.27,Off-Peak,0.08,19.1,9.3,0,0,0,0,0
2026-08-30 21:00:00,203.89,50.972,50.94,48.12,65.78,39.04,Off-Peak,0.08,19.7,16.1,0,0,0,0,0
2026-08-30 21:15:00,210.96,52.74,51.77,48.32,70.06,40.82,Off-Peak,0.08,19.7,13.2,0,0,0,0,0
2026-08-30 21:30:00,213.88,53.47,57.43,42.16,73.29,41.0,Off-Peak,0.08,20.1,6.2,0,0,0,0,0
2026-08-30 21:45:00,213.78,53.445,57.47,51.3,68.4,36.6,Off-Peak,0.08,18.7,8.2,0,0,0,0,0
2026-08-30 22:00:00,175.93,43.983,51.08,39.69,49.17,35.99,Off-Peak,0.08,19.1,5.7,0,0,0,0,0
2026-08-30 22:15:00,190.73,47.682,56.93,38.64,49.32,45.84,Off-Peak,0.08,16.6,6.6,0,0,0,0,0
2026-08-30 22:30:00,196.21,49.053,52.16,55.82,48.92,39.32,Off-Peak,0.08,17.7,11.0,0,0,0,0,0
2026-08-30 22:45:00,189.3,47.325,55.14,43.59,49.45,41.11,Off-Peak,0.08,18.4,9.5,0,0,0,0,0
2026-08-30 23:00:00,177.08,44.27,52.7,41.95,47.2,35.23,Off-Peak,0.08,17.5,8.1,0,0,0,0,0
2026-08-30 23:15:00,176.91,44.227,57.61,33.09,49.51,36.69,Off-Peak,0.08,17.0,12.8,0,0,0,0,0
2026-08-30 23:30:00,184.99,46.248,56.78,44.9,46.21,37.1,Off-Peak,0.08,16.6,8.7,0,0,0,0,0
2026-08-30 23:45:00,174.0,43.5,50.78,37.32,50.11,35.79,Off-Peak,0.08,16.2,10.3,0,0,0,0,0
2026-08-31 00:00:00,121.85,30.462,34.02,36.49,11.3,40.04,Off-Peak,0.08,14.6,7.1,0,0,0,0,1
2026-08-31 00:15:00,130.31,32.578,34.24,40.67,12.88,42.52,Off-Peak,0.08,15.1,8.1,0,0,0,0,1
2026-08-31 00:30:00,122.72,30.68,35.48,38.27,11.61,37.37,Off-Peak,0.08,16.6,9.7,0,0,0,0,1
2026-08-31 00:45:00,125.35,31.337,33.55,39.85,11.32,40.63,Off-Peak,0.08,15.4,9.4,0,0,0,0,1
2026-08-31 01:00:00,126.27,31.567,33.64,42.01,11.9,38.71,Off-Peak,0.08,14.8,6.5,0,0,0,0,1
2026-08-31 01:15:00,120.96,30.24,37.25,36.1,11.81,35.79,Off-Peak,0.08,15.3,7.2,0,0,0,0,1
2026-08-31 01:30:00,132.43,33.108,36.49,43.07,12.78,40.09,Off-Peak,0.08,14.8,4.6,0,0,0,0,1
2026-08-31 01:45:00,134.38,33.595,38.06,45.74,12.12,38.45,Off-Peak,0.08,14.3,6.4,0,0,0,0,1
2026-08-31 02:00:00,134.52,33.63,35.46,45.41,11.16,42.49,Off-Peak,0.08,16.1,6.6,0,0,0,0,1
2026-08-31 02:15:00,118.13,29.532,33.01,37.1,12.29,35.73,Off-Peak,0.08,15.4,7.9,0,0,0,0,1
2026-08-31 02:30:00,129.78,32.445,36.97,34.41,13.32,45.09,Off-Peak,0.08,15.2,9.1,0,0,0,0,1
2026-08-31 02:45:00,126.49,31.622,34.34,39.81,12.27,40.07,Off-Peak,0.08,15.5,5.9,0,0,0,0,1
2026-08-31 03:00:00,123.62,30.905,35.53,38.16,11.66,38.27,Off-Peak,0.08,15.5,7.8,0,0,0,0,1
2026-08-31 03:15:00,134.75,33.688,36.11,45.3,12.8,40.54,Off-Peak,0.08,16.9,10.9,0,0,0,0,1
2026-08-31 03:30:00,121.79,30.448,34.33,35.47,10.51,41.48,Off-Peak,0.08,14.3,7.5,0,0,0,0,1
2026-08-31 03:45:00,129.79,32.447,33.51,44.64,11.12,40.51,Off-Peak,0.08,16.0,5.7,0,0,0,0,1
2026-08-31 04:00:00,126.51,31.628,33.29,40.36,12.17,40.69,Off-Peak,0.08,15.8,9.0,0,0,0,0,1
2026-08-31 04:15:00,134.03,33.508,39.38,50.25,11.36,33.05,Off-Peak,0.08,16.2,8.7,0,0,0,0,1
2026-08-31 04:30:00,133.71,33.428,37.12,41.14,12.06,43.39,Off-Peak,0.08,16.9,8.4,0,0,0,0,1
2026-08-31 04:45:00,124.36,31.09,33.37,39.58,12.1,39.32,Off-Peak,0.08,17.8,5.2,0,0,0,0,1
2026-08-31 05:00:00,131.47,32.867,38.45,42.32,11.15,39.56,Off-Peak,0.08,17.4,10.0,0,0,0,0,1
2026-08-31 05:15:00,136.67,34.167,35.78,48.2,11.54,41.15,Off-Peak,0.08,17.3,9.0,0,0,0,0,1
2026-08-31 05:30:00,121.25,30.312,35.29,36.22,12.08,37.66,Off-Peak,0.08,19.6,6.8,0,0,0,0,1
2026-08-31 05:45:00,131.53,32.883,33.13,43.36,12.18,42.86,Off-Peak,0.08,18.9,8.3,0,0,0,0,1
2026-08-31 06:00:00,220.01,55.002,131.09,38.31,10.74,39.88,Off-Peak,0.08,17.6,8.7,0,1,0,0,1
2026-08-31 06:15:00,220.45,55.112,135.42,34.87,11.57,38.59,Off-Peak,0.08,19.9,10.3,0,1,0,0,1
2026-08-31 06:30:00,273.72,68.43,132.71,44.42,55.28,41.31,Off-Peak,0.08,19.7,7.8,0,1,0,1,1
2026-08-31 06:45:00,251.05,62.763,123.84,38.08,56.15,32.97,Off-Peak,0.08,18.4,3.2,0,1,0,1,1
2026-08-31 07:00:00,300.18,75.045,167.46,36.46,56.01,40.26,Off-Peak,0.08,21.5,85.9,0,1,0,1,1
2026-08-31 07:15:00,301.74,75.435,162.91,44.41,53.7,40.73,Off-Peak,0.08,21.3,84.5,0,1,0,1,1
2026-08-31 07:30:00,296.14,74.035,163.66,35.02,54.82,42.64,Off-Peak,0.08,19.6,89.8,0,1,1,1,1
2026-08-31 07:45:00,294.57,73.642,161.34,38.29,54.83,40.13,Off-Peak,0.08,21.6,87.8,0,1,1,1,1
2026-08-31 08:00:00,544.14,136.035,167.1,284.97,52.53,39.55,Normal,0.18,21.1,87.3,112,1,1,1,1
2026-08-31 08:15:00,541.98,135.495,163.43,291.84,51.93,34.78,Normal,0.18,22.6,84.7,115,1,1,1,1
2026-08-31 08:30:00,558.65,139.662,161.12,295.14,55.22,47.18,Normal,0.18,22.1,79.8,114,1,1,1,1
2026-08-31 08:45:00,566.44,141.61,173.4,297.07,55.15,40.82,Normal,0.18,22.4,100.0,135,1,1,1,1
2026-08-31 09:00:00,545.58,136.395,167.96,279.15,53.92,44.55,Normal,0.18,22.6,90.8,125,1,1,1,1
2026-08-31 09:15:00,531.43,132.857,161.66,275.49,53.34,40.95,Normal,0.18,22.9,87.9,103,1,1,1,1
2026-08-31 09:30:00,542.25,135.562,169.48,276.6,55.55,40.61,Normal,0.18,22.9,98.5,127,1,1,1,1
2026-08-31 09:45:00,553.36,138.34,170.71,282.73,56.3,43.61,Normal,0.18,24.2,95.4,124,1,1,1,1
2026-08-31 10:00:00,584.49,146.123,181.63,306.45,53.66,42.76,Normal,0.18,25.2,84.4,129,1,1,1,1
2026-08-31 10:15:00,590.82,147.705,183.96,311.57,54.07,41.22,Normal,0.18,25.5,100.0,127,1,1,1,1
2026-08-31 10:30:00,582.83,145.708,188.45,298.69,54.06,41.62,Normal,0.18,27.0,100.0,124,1,1,1,1
2026-08-31 10:45:00,566.78,141.695,183.81,285.5,54.24,43.23,Normal,0.18,26.8,91.6,140,1,1,1,1
2026-08-31 11:00:00,560.57,140.143,183.04,285.22,59.17,33.13,Normal,0.18,25.8,95.8,129,1,1,1,1
2026-08-31 11:15:00,585.02,146.255,190.16,300.42,53.55,40.9,Normal,0.18,27.7,94.8,112,1,1,1,1
2026-08-31 11:30:00,561.82,140.455,188.21,283.23,52.0,38.38,Normal,0.18,27.4,88.8,129,1,1,1,1
2026-08-31 11:45:00,589.75,147.438,187.52,300.49,60.68,41.07,Normal,0.18,27.9,100.0,143,1,1,1,1
2026-08-31 12:00:00,578.96,144.74,187.1,297.03,55.61,39.22,Normal,0.18,28.8,98.1,127,1,1,1,1
2026-08-31 12:15:00,557.42,139.355,188.96,275.32,53.97,39.17,Normal,0.18,27.5,100.0,119,1,1,1,1
2026-08-31 12:30:00,567.75,141.938,191.88,283.74,52.72,39.41,Normal,0.18,28.4,92.2,103,1,1,1,1
2026-08-31 12:45:00,560.5,140.125,189.87,276.39,54.08,40.16,Normal,0.18,28.2,100.0,124,1,1,1,1
2026-08-31 13:00:00,557.86,139.465,197.5,264.88,58.07,37.41,Normal,0.18,29.5,100.0,123,1,1,1,1
2026-08-31 13:15:00,583.14,145.785,201.5,286.26,54.34,41.04,Normal,0.18,30.0,100.0,137,1,1,1,1
2026-08-31 13:30:00,572.68,143.17,185.86,291.54,54.78,40.5,Normal,0.18,29.6,97.9,112,1,1,1,1
2026-08-31 13:45:00,578.89,144.722,196.11,281.95,57.83,43.0,Normal,0.18,29.4,93.0,110,1,1,1,1
2026-08-31 14:00:00,611.29,152.822,214.68,302.51,57.85,36.24,Normal,0.18,29.7,96.6,114,1,1,1,1
2026-08-31 14:15:00,595.59,148.898,208.53,289.74,53.93,43.38,Normal,0.18,27.8,94.2,144,1,1,1,1
2026-08-31 14:30:00,603.39,150.847,222.69,284.63,59.0,37.08,Normal,0.18,29.9,93.6,108,1,1,1,1
2026-08-31 14:45:00,592.31,148.077,215.21,282.19,56.87,38.03,Normal,0.18,29.8,91.6,117,1,1,1,1
2026-08-31 15:00:00,583.7,145.925,203.37,289.91,54.36,36.06,Normal,0.18,27.7,98.4,132,1,1,1,1
2026-08-31 15:15:00,590.0,147.5,217.17,277.29,54.35,41.19,Normal,0.18,29.4,94.5,99,1,1,1,1
2026-08-31 15:30:00,596.71,149.178,208.3,292.92,56.8,38.69,Normal,0.18,27.5,82.5,103,1,1,1,1
2026-08-31 15:45:00,590.06,147.515,209.25,287.22,56.6,36.98,Normal,0.18,27.7,92.6,113,1,1,1,1
2026-08-31 16:00:00,587.78,146.945,218.16,273.83,55.26,40.54,Normal,0.18,29.0,93.1,109,1,1,1,1
2026-08-31 16:15:00,599.85,149.963,207.32,289.81,54.37,48.35,Normal,0.18,29.2,91.7,120,1,1,1,1
2026-08-31 16:30:00,560.28,140.07,208.85,255.06,56.29,40.08,Normal,0.18,27.5,95.8,125,1,1,1,1
2026-08-31 16:45:00,615.06,153.765,215.64,311.65,53.34,34.43,Normal,0.18,29.1,93.3,115,1,1,1,1
2026-08-31 17:00:00,582.28,145.57,201.31,288.21,53.43,39.33,Normal,0.18,25.9,89.6,113,1,1,1,1
2026-08-31 17:15:00,570.71,142.678,203.64,271.27,57.03,38.77,Normal,0.18,26.5,82.7,127,1,1,1,1
2026-08-31 17:30:00,183.15,45.788,33.54,57.22,55.81,36.58,Normal,0.18,25.6,90.2,0,1,1,1,1
2026-08-31 17:45:00,191.62,47.905,34.95,60.84,55.66,40.17,Normal,0.18,24.9,89.5,0,1,1,1,1
2026-08-31 18:00:00,231.07,57.767,80.95,51.26,58.86,40.0,Peak,0.35,26.0,88.1,0,1,0,1,1
2026-08-31 18:15:00,244.96,61.24,86.54,57.73,59.93,40.76,Peak,0.35,25.9,85.2,0,1,0,1,1
2026-08-31 18:30:00,247.66,61.915,89.42,59.18,56.49,42.57,Peak,0.35,24.3,78.0,0,0,0,1,1
2026-08-31 18:45:00,232.85,58.212,80.95,55.05,57.33,39.53,Peak,0.35,23.9,89.0,0,0,0,1,1
2026-08-31 19:00:00,200.44,50.11,85.37,52.22,23.83,39.03,Peak,0.35,24.2,26.2,0,0,0,1,1
2026-08-31 19:15:00,215.88,53.97,83.96,66.73,24.32,40.88,Peak,0.35,22.7,25.0,0,0,0,1,1
2026-08-31 19:30:00,217.72,54.43,78.91,69.1,26.85,42.86,Peak,0.35,23.3,24.4,0,0,0,1,1
2026-08-31 19:45:00,201.01,50.252,78.76,59.31,21.7,41.25,Peak,0.35,23.4,22.9,0,0,0,1,1
2026-08-31 20:00:00,204.62,51.155,82.34,57.72,24.5,40.07,Peak,0.35,21.9,19.9,0,0,0,0,1
2026-08-31 20:15:00,192.81,48.203,67.68,57.07,26.71,41.34,Peak,0.35,20.1,18.0,0,0,0,0,1
2026-08-31 20:30:00,209.38,52.345,73.0,59.99,30.86,45.54,Peak,0.35,20.6,17.6,0,0,0,0,1
2026-08-31 20:45:00,193.55,48.388,73.41,55.99,25.72,38.43,Peak,0.35,20.7,16.7,0,0,0,0,1
2026-08-31 21:00:00,202.21,50.553,77.82,60.51,21.64,42.24,Peak,0.35,20.9,19.7,0,0,0,0,1
2026-08-31 21:15:00,203.54,50.885,75.55,65.15,24.07,38.77,Peak,0.35,18.8,12.5,0,0,0,0,1
2026-08-31 21:30:00,190.1,47.525,70.62,51.93,26.37,41.18,Peak,0.35,18.8,8.9,0,0,0,0,1
2026-08-31 21:45:00,195.07,48.767,70.12,60.27,25.13,39.56,Peak,0.35,19.4,8.4,0,0,0,0,1
2026-08-31 22:00:00,142.11,35.528,35.85,47.88,13.27,45.11,Off-Peak,0.08,18.3,11.4,0,0,0,0,1
2026-08-31 22:15:00,120.1,30.025,34.14,33.35,13.5,39.12,Off-Peak,0.08,17.3,9.2,0,0,0,0,1
2026-08-31 22:30:00,127.6,31.9,33.41,37.23,11.78,45.19,Off-Peak,0.08,16.9,7.2,0,0,0,0,1
2026-08-31 22:45:00,131.07,32.767,36.7,41.59,12.75,40.04,Off-Peak,0.08,16.9,11.3,0,0,0,0,1
2026-08-31 23:00:00,124.77,31.192,31.67,41.19,12.78,39.13,Off-Peak,0.08,18.1,9.1,0,0,0,0,1
2026-08-31 23:15:00,118.51,29.628,32.24,33.8,10.46,42.01,Off-Peak,0.08,16.8,6.8,0,0,0,0,1
2026-08-31 23:30:00,123.7,30.925,33.47,38.87,10.14,41.21,Off-Peak,0.08,14.5,6.7,0,0,0,0,1
2026-08-31 23:45:00,126.11,31.527,33.76,39.62,12.0,40.73,Off-Peak,0.08,15.2,10.3,0,0,0,0,1
2026-09-01 00:00:00,130.06,32.515,35.69,41.86,11.23,41.28,Off-Peak,0.08,16.0,7.1,0,0,0,0,1
2026-09-01 00:15:00,126.19,31.547,36.86,40.69,11.06,37.57,Off-Peak,0.08,16.7,9.4,0,0,0,0,1
2026-09-01 00:30:00,133.03,33.258,40.57,43.93,10.83,37.7,Off-Peak,0.08,15.8,9.9,0,0,0,0,1
2026-09-01 00:45:00,126.32,31.58,35.1,36.16,13.57,41.5,Off-Peak,0.08,17.2,7.6,0,0,0,0,1
2026-09-01 01:00:00,130.26,32.565,35.61,40.18,12.83,41.64,Off-Peak,0.08,14.6,6.0,0,0,0,0,1
2026-09-01 01:15:00,124.4,31.1,34.68,37.8,11.87,40.05,Off-Peak,0.08,14.9,6.9,0,0,0,0,1
2026-09-01 01:30:00,123.27,30.817,34.26,36.63,11.65,40.73,Off-Peak,0.08,14.3,9.3,0,0,0,0,1
2026-09-01 01:45:00,131.09,32.773,36.8,45.22,12.29,36.79,Off-Peak,0.08,15.1,8.8,0,0,0,0,1
2026-09-01 02:00:00,141.57,35.392,38.39,47.95,12.65,42.58,Off-Peak,0.08,14.8,6.0,0,0,0,0,1
2026-09-01 02:15:00,123.47,30.867,31.81,39.7,11.12,40.84,Off-Peak,0.08,15.2,8.7,0,0,0,0,1
2026-09-01 02:30:00,134.73,33.682,36.83,41.14,11.73,45.03,Off-Peak,0.08,15.0,11.9,0,0,0,0,1
2026-09-01 02:45:00,119.62,29.905,35.08,38.38,12.04,34.11,Off-Peak,0.08,15.1,8.7,0,0,0,0,1
2026-09-01 03:00:00,126.48,31.62,38.14,41.39,11.28,35.67,Off-Peak,0.08,14.0,8.7,0,0,0,0,1
2026-09-01 03:15:00,130.43,32.608,36.29,41.56,12.48,40.1,Off-Peak,0.08,16.0,6.9,0,0,0,0,1
2026-09-01 03:30:00,118.95,29.738,33.73,36.15,9.61,39.46,Off-Peak,0.08,15.8,7.8,0,0,0,0,1
2026-09-01 03:45:00,125.16,31.29,35.46,37.06,13.0,39.64,Off-Peak,0.08,16.9,9.5,0,0,0,0,1
2026-09-01 04:00:00,117.82,29.455,33.5,36.61,10.52,37.19,Off-Peak,0.08,17.2,6.0,0,0,0,0,1
2026-09-01 04:15:00,123.67,30.918,27.29,44.3,10.32,41.77,Off-Peak,0.08,16.3,6.6,0,0,0,0,1
2026-09-01 04:30:00,130.78,32.695,36.99,37.98,11.3,44.51,Off-Peak,0.08,16.5,12.2,0,0,0,0,1
2026-09-01 04:45:00,126.29,31.573,34.74,38.63,12.35,40.57,Off-Peak,0.08,15.6,8.4,0,0,0,0,1
2026-09-01 05:00:00,127.56,31.89,35.84,40.37,11.34,40.01,Off-Peak,0.08,17.4,8.3,0,0,0,0,1
2026-09-01 05:15:00,128.63,32.157,34.33,39.52,12.04,42.75,Off-Peak,0.08,16.8,6.4,0,0,0,0,1
2026-09-01 05:30:00,127.88,31.97,35.24,37.57,12.07,43.01,Off-Peak,0.08,17.3,8.4,0,0,0,0,1
2026-09-01 05:45:00,127.81,31.953,33.59,47.88,11.35,35.0,Off-Peak,0.08,18.3,8.5,0,0,0,0,1
2026-09-01 06:00:00,225.4,56.35,132.65,37.82,13.87,41.06,Off-Peak,0.08,19.2,7.8,0,1,0,0,1
2026-09-01 06:15:00,228.64,57.16,135.67,45.59,11.75,35.63,Off-Peak,0.08,19.3,8.3,0,1,0,0,1
2026-09-01 06:30:00,273.94,68.485,137.74,41.88,54.26,40.06,Off-Peak,0.08,20.0,9.0,0,1,0,1,1
2026-09-01 06:45:00,276.82,69.205,140.11,34.35,59.72,42.63,Off-Peak,0.08,19.6,6.8,0,1,0,1,1
2026-09-01 07:00:00,285.29,71.323,150.61,41.57,53.02,40.1,Off-Peak,0.08,18.8,83.9,0,1,0,1,1
2026-09-01 07:15:00,290.74,72.685,154.03,43.68,51.61,41.43,Off-Peak,0.08,20.5,82.0,0,1,0,1,1
2026-09-01 07:30:00,299.5,74.875,163.07,44.65,53.59,38.2,Off-Peak,0.08,21.7,85.2,0,1,1,1,1
2026-09-01 07:45:00,301.6,75.4,167.72,34.42,57.01,42.46,Off-Peak,0.08,21.1,92.8,0,1,1,1,1
2026-09-01 08:00:00,576.4,144.1,169.52,303.74,56.4,46.73,Normal,0.18,23.2,89.5,122,1,1,1,1
2026-09-01 08:15:00,540.61,135.153,156.35,287.42,56.85,39.99,Normal,0.18,21.5,85.3,124,1,1,1,1
2026-09-01 08:30:00,553.72,138.43,169.05,291.67,55.3,37.69,Normal,0.18,22.6,89.3,138,1,1,1,1
2026-09-01 08:45:00,539.2,134.8,176.39,272.31,50.27,40.23,Normal,0.18,23.0,100.0,114,1,1,1,1
2026-09-01 09:00:00,566.66,141.665,174.51,299.07,53.94,39.14,Normal,0.18,24.6,90.3,119,1,1,1,1
2026-09-01 09:15:00,568.16,142.04,182.97,289.41,56.75,39.03,Normal,0.18,25.8,94.0,105,1,1,1,1
2026-09-01 09:30:00,602.44,150.61,187.0,318.71,56.53,40.21,Normal,0.18,25.5,92.5,127,1,1,1,1
2026-09-01 09:45:00,558.04,139.51,185.49,280.11,53.15,39.29,Normal,0.18,25.3,94.3,127,1,1,1,1
2026-09-01 10:00:00,545.39,136.347,172.34,279.95,54.77,38.34,Normal,0.18,24.8,95.9,124,1,1,1,1
2026-09-01 10:15:00,588.9,147.225,185.08,304.52,54.82,44.48,Normal,0.18,27.3,91.3,116,1,1,1,1
2026-09-01 10:30:00,549.53,137.382,190.55,267.07,53.67,38.23,Normal,0.18,27.2,97.5,126,1,1,1,1
2026-09-01 10:45:00,568.82,142.205,185.59,296.83,48.33,38.06,Normal,0.18,26.6,93.1,122,1,1,1,1
2026-09-01 11:00:00,563.39,140.847,175.65,286.28,57.23,44.23,Normal,0.18,26.7,93.7,116,1,1,1,1
2026-09-01 11:15:00,579.02,144.755,191.64,298.69,54.77,33.92,Normal,0.18,27.8,87.3,114,1,1,1,1
2026-09-01 11:30:00,582.76,145.69,194.55,288.5,54.97,44.74,Normal,0.18,27.8,94.6,130,1,1,1,1
2026-09-01 11:45:00,586.91,146.727,186.48,298.3,57.71,44.42,Normal,0.18,27.7,89.5,106,1,1,1,1
2026-09-01 12:00:00,561.72,140.43,185.99,285.9,56.45,33.38,Normal,0.18,27.8,88.8,111,1,1,1,1
2026-09-01 12:15:00,580.62,145.155,193.28,288.46,57.09,41.79,Normal,0.18,29.2,89.2,95,1,1,1,1
2026-09-01 12:30:00,552.09,138.023,187.7,271.1,52.53,40.76,Normal,0.18,27.0,96.1,106,1,1,1,1
2026-09-01 12:45:00,563.38,140.845,193.0,274.4,56.08,39.9,Normal,0.18,28.2,85.8,115,1,1,1,1
2026-09-01 13:00:00,570.25,142.562,182.35,297.16,51.43,39.32,Normal,0.18,28.8,86.5,127,1,1,1,1
2026-09-01 13:15:00,587.84,146.96,190.47,306.11,53.68,37.59,Normal,0.18,28.3,87.0,131,1,1,1,1
2026-09-01 13:30:00,602.38,150.595,188.89,318.08,54.65,40.76,Normal,0.18,29.9,88.7,128,1,1,1,1
2026-09-01 13:45:00,584.35,146.088,203.1,286.08,54.47,40.69,Normal,0.18,29.8,96.3,122,1,1,1,1
2026-09-01 14:00:00,573.28,143.32,209.93,278.46,52.73,32.15,Normal,0.18,28.7,91.8,122,1,1,1,1
2026-09-01 14:15:00,579.58,144.895,199.06,281.26,56.43,42.83,Normal,0.18,28.9,91.1,123,1,1,1,1
2026-09-01 14:30:00,594.88,148.72,219.27,285.39,53.24,36.98,Normal,0.18,30.0,92.6,126,1,1,1,1
2026-09-01 14:45:00,603.34,150.835,210.94,293.94,56.93,41.54,Normal,0.18,28.3,88.8,121,1,1,1,1
2026-09-01 15:00:00,585.69,146.423,206.03,281.83,59.07,38.76,Normal,0.18,28.9,89.1,116,1,1,1,1
2026-09-01 15:15:00,609.71,152.428,216.17,294.65,57.75,41.14,Normal,0.18,29.3,97.8,117,1,1,1,1
2026-09-01 15:30:00,593.25,148.312,206.24,296.96,52.02,38.04,Normal,0.18,28.7,94.4,122,1,1,1,1
2026-09-01 15:45:00,596.65,149.162,210.58,295.38,53.83,36.86,Normal,0.18,28.1,100.0,118,1,1,1,1
2026-09-01 16:00:00,611.02,152.755,199.13,311.85,59.43,40.61,Normal,0.18,27.0,84.5,97,1,1,1,1
2026-09-01 16:15:00,583.55,145.887,210.79,279.28,54.83,38.65,Normal,0.18,27.1,98.5,131,1,1,1,1
2026-09-01 16:30:00,589.45,147.363,203.93,288.29,56.79,40.44,Normal,0.18,26.5,93.4,136,1,1,1,1
2026-09-01 16:45:00,582.09,145.523,206.55,289.14,49.66,36.74,Normal,0.18,28.2,82.9,129,1,1,1,1
2026-09-01 17:00:00,564.16,141.04,203.81,270.59,50.86,38.92,Normal,0.18,26.4,85.9,116,1,1,1,1
2026-09-01 17:15:00,600.85,150.213,206.45,303.31,57.48,33.61,Normal,0.18,27.1,93.8,112,1,1,1,1
2026-09-01 17:30:00,182.59,45.648,33.51,62.8,51.54,34.75,Normal,0.18,26.6,86.2,0,1,1,1,1
2026-09-01 17:45:00,189.4,47.35,35.27,55.6,56.49,42.04,Normal,0.18,26.4,90.7,0,1,1,1,1
2026-09-01 18:00:00,245.72,61.43,84.86,64.19,57.65,39.02,Peak,0.35,25.6,81.7,0,1,0,1,1
2026-09-01 18:15:00,235.5,58.875,85.62,57.09,49.21,43.58,Peak,0.35,24.9,86.1,0,1,0,1,1
2026-09-01 18:30:00,240.96,60.24,84.03,59.31,54.62,42.99,Peak,0.35,26.1,83.2,0,0,0,1,1
2026-09-01 18:45:00,243.34,60.835,79.63,64.33,56.2,43.18,Peak,0.35,24.3,81.7,0,0,0,1,1
2026-09-01 19:00:00,198.2,49.55,75.84,63.55,21.18,37.63,Peak,0.35,23.0,30.5,0,0,0,1,1
2026-09-01 19:15:00,206.74,51.685,82.59,57.41,25.2,41.54,Peak,0.35,24.6,26.2,0,0,0,1,1
2026-09-01 19:30:00,198.96,49.74,77.99,60.78,24.09,36.1,Peak,0.35,23.9,21.1,0,0,0,1,1
2026-09-01 19:45:00,198.86,49.715,81.31,55.53,25.97,36.05,Peak,0.35,22.7,20.6,0,0,0,1,1
2026-09-01 20:00:00,218.23,54.557,82.9,63.92,27.15,44.25,Peak,0.35,21.3,19.3,0,0,0,0,1
2026-09-01 20:15:00,225.49,56.373,88.11,65.06,26.99,45.32,Peak,0.35,24.4,18.9,0,0,0,0,1
2026-09-01 20:30:00,206.87,51.718,77.46,59.09,25.64,44.69,Peak,0.35,20.8,16.0,0,0,0,0,1
2026-09-01 20:45:00,194.32,48.58,76.03,58.86,21.17,38.26,Peak,0.35,20.3,15.3,0,0,0,0,1
2026-09-01 21:00:00,186.05,46.513,73.01,54.2,25.06,33.77,Peak,0.35,20.7,19.3,0,0,0,0,1
2026-09-01 21:15:00,205.69,51.422,77.9,56.15,28.31,43.34,Peak,0.35,19.4,8.5,0,0,0,0,1
2026-09-01 21:30:00,194.87,48.718,72.03,59.48,25.69,37.67,Peak,0.35,18.8,9.3,0,0,0,0,1
2026-09-01 21:45:00,191.6,47.9,72.98,56.44,24.63,37.55,Peak,0.35,19.5,12.0,0,0,0,0,1
2026-09-01 22:00:00,137.47,34.367,35.52,47.06,11.87,43.01,Off-Peak,0.08,18.5,8.2,0,0,0,0,1
2026-09-01 22:15:00,123.93,30.983,34.76,39.76,12.28,37.12,Off-Peak,0.08,18.3,7.5,0,0,0,0,1
2026-09-01 22:30:00,134.24,33.56,36.8,42.98,12.15,42.3,Off-Peak,0.08,16.6,9.3,0,0,0,0,1
2026-09-01 22:45:00,120.45,30.113,33.28,35.61,11.61,39.95,Off-Peak,0.08,18.0,9.6,0,0,0,0,1
2026-09-01 23:00:00,133.25,33.312,38.44,38.9,12.17,43.73,Off-Peak,0.08,16.9,4.2,0,0,0,0,1
2026-09-01 23:15:00,129.05,32.263,34.23,38.65,11.83,44.34,Off-Peak,0.08,14.9,7.0,0,0,0,0,1
2026-09-01 23:30:00,114.83,28.707,35.09,34.4,9.92,35.41,Off-Peak,0.08,17.0,9.9,0,0,0,0,1
2026-09-01 23:45:00,124.65,31.163,34.58,38.53,14.01,37.53,Off-Peak,0.08,16.5,8.1,0,0,0,0,1
2026-09-02 00:00:00,132.33,33.083,34.88,44.71,13.46,39.28,Off-Peak,0.08,16.7,8.0,0,0,0,0,1
2026-09-02 00:15:00,126.23,31.558,35.01,40.82,11.31,39.08,Off-Peak,0.08,16.4,8.7,0,0,0,0,1
2026-09-02 00:30:00,111.3,27.825,34.81,34.81,11.28,30.4,Off-Peak,0.08,15.1,9.8,0,0,0,0,1
2026-09-02 00:45:00,136.81,34.203,34.73,47.92,12.57,41.59,Off-Peak,0.08,15.0,8.1,0,0,0,0,1
2026-09-02 01:00:00,116.66,29.165,34.03,36.86,11.2,34.58,Off-Peak,0.08,13.9,7.3,0,0,0,0,1
2026-09-02 01:15:00,128.19,32.047,34.71,37.97,11.99,43.5,Off-Peak,0.08,14.1,9.7,0,0,0,0,1
2026-09-02 01:30:00,128.86,32.215,33.31,37.53,12.35,45.68,Off-Peak,0.08,15.1,9.1,0,0,0,0,1
2026-09-02 01:45:00,126.82,31.705,35.3,45.6,12.79,33.12,Off-Peak,0.08,16.2,9.2,0,0,0,0,1
2026-09-02 02:00:00,118.37,29.593,31.43,36.41,11.3,39.23,Off-Peak,0.08,14.2,8.7,0,0,0,0,1
2026-09-02 02:15:00,123.16,30.79,36.65,38.94,11.62,35.95,Off-Peak,0.08,14.8,7.4,0,0,0,0,1
2026-09-02 02:30:00,123.33,30.832,32.83,40.85,11.23,38.42,Off-Peak,0.08,15.9,6.7,0,0,0,0,1
2026-09-02 02:45:00,126.12,31.53,39.62,39.7,12.62,34.17,Off-Peak,0.08,15.3,7.3,0,0,0,0,1
2026-09-02 03:00:00,128.82,32.205,33.09,41.66,13.04,41.03,Off-Peak,0.08,14.5,5.8,0,0,0,0,1
2026-09-02 03:15:00,140.47,35.117,37.23,48.29,12.14,42.82,Off-Peak,0.08,15.2,6.7,0,0,0,0,1
2026-09-02 03:30:00,126.75,31.688,32.67,38.05,12.4,43.64,Off-Peak,0.08,15.8,9.5,0,0,0,0,1
2026-09-02 03:45:00,124.93,31.233,34.0,44.04,10.42,36.47,Off-Peak,0.08,15.1,3.9,0,0,0,0,1
2026-09-02 04:00:00,126.53,31.633,36.19,35.09,11.68,43.59,Off-Peak,0.08,16.1,7.8,0,0,0,0,1
2026-09-02 04:15:00,124.46,31.115,32.87,43.4,11.63,36.57,Off-Peak,0.08,15.2,11.0,0,0,0,0,1
2026-09-02 04:30:00,129.35,32.337,34.99,44.47,13.44,36.45,Off-Peak,0.08,16.0,9.1,0,0,0,0,1
2026-09-02 04:45:00,128.54,32.135,33.2,44.42,12.56,38.36,Off-Peak,0.08,15.7,5.4,0,0,0,0,1
2026-09-02 05:00:00,130.09,32.523,38.82,41.04,9.34,40.89,Off-Peak,0.08,17.0,10.8,0,0,0,0,1
2026-09-02 05:15:00,125.99,31.497,36.45,41.43,10.77,37.34,Off-Peak,0.08,18.1,8.4,0,0,0,0,1
2026-09-02 05:30:00,132.35,33.087,33.47,41.82,12.3,44.76,Off-Peak,0.08,17.5,10.1,0,0,0,0,1
2026-09-02 05:45:00,135.2,33.8,36.29,48.55,12.71,37.64,Off-Peak,0.08,18.1,4.5,0,0,0,0,1
2026-09-02 06:00:00,225.1,56.275,135.55,38.69,11.34,39.52,Off-Peak,0.08,17.6,6.1,0,1,0,0,1
2026-09-02 06:15:00,229.06,57.265,128.6,44.72,12.12,43.62,Off-Peak,0.08,18.7,11.1,0,1,0,0,1
2026-09-02 06:30:00,268.12,67.03,138.01,40.26,54.81,35.03,Off-Peak,0.08,20.6,8.2,0,1,0,1,1
2026-09-02 06:45:00,260.63,65.157,136.24,31.73,50.34,42.31,Off-Peak,0.08,21.0,8.5,0,1,0,1,1
2026-09-02 07:00:00,290.78,72.695,156.47,37.94,56.09,40.29,Off-Peak,0.08,19.7,82.7,0,1,0,1,1
2026-09-02 07:15:00,292.99,73.248,153.32,42.41,53.64,43.62,Off-Peak,0.08,20.6,77.8,0,1,0,1,1
2026-09-02 07:30:00,312.04,78.01,174.63,42.88,53.93,40.6,Off-Peak,0.08,23.0,89.6,0,1,1,1,1
2026-09-02 07:45:00,290.92,72.73,163.91,35.46,54.56,36.99,Off-Peak,0.08,23.2,84.3,0,1,1,1,1
2026-09-02 08:00:00,548.95,137.238,173.74,286.42,52.72,36.07,Normal,0.18,23.3,88.7,133,1,1,1,1
2026-09-02 08:15:00,555.41,138.852,166.15,297.24,52.02,40.0,Normal,0.18,21.7,90.0,124,1,1,1,1
2026-09-02 08:30:00,586.39,146.597,172.14,318.07,56.67,39.51,Normal,0.18,23.3,83.0,111,1,1,1,1
2026-09-02 08:45:00,526.42,131.605,163.59,267.32,55.44,40.06,Normal,0.18,22.8,90.7,110,1,1,1,1
2026-09-02 09:00:00,574.45,143.613,171.07,311.18,56.3,35.89,Normal,0.18,24.0,85.0,121,1,1,1,1
2026-09-02 09:15:00,559.78,139.945,169.24,293.85,55.9,40.79,Normal,0.18,23.1,80.5,97,1,1,1,1
2026-09-02 09:30:00,544.91,136.227,177.03,277.75,52.73,37.4,Normal,0.18,25.1,98.7,115,1,1,1,1
2026-09-02 09:45:00,545.19,136.298,172.21,278.25,55.16,39.57,Normal,0.18,25.4,94.8,116,1,1,1,1
2026-09-02 10:00:00,552.23,138.058,178.43,277.24,56.47,40.09,Normal,0.18,26.5,90.5,130,1,1,1,1
2026-09-02 10:15:00,546.22,136.555,168.86,280.21,54.16,43.0,Normal,0.18,24.3,86.8,117,1,1,1,1
2026-09-02 10:30:00,572.18,143.045,180.74,292.43,56.61,42.4,Normal,0.18,26.1,89.4,98,1,1,1,1
2026-09-02 10:45:00,562.92,140.73,181.81,284.74,57.28,39.08,Normal,0.18,24.8,92.6,107,1,1,1,1
2026-09-02 11:00:00,568.91,142.227,185.92,290.32,52.54,40.13,Normal,0.18,26.1,97.3,124,1,1,1,1
2026-09-02 11:15:00,570.83,142.708,186.41,286.69,56.89,40.84,Normal,0.18,27.0,85.7,121,1,1,1,1
2026-09-02 11:30:00,550.08,137.52,186.91,270.94,53.46,38.77,Normal,0.18,28.6,93.5,111,1,1,1,1
2026-09-02 11:45:00,601.76,150.44,200.71,310.71,55.28,35.06,Normal,0.18,29.1,87.8,122,1,1,1,1
2026-09-02 12:00:00,565.74,141.435,185.09,283.1,59.16,38.39,Normal,0.18,27.4,91.1,133,1,1,1,1
2026-09-02 12:15:00,576.76,144.19,194.07,290.7,54.72,37.26,Normal,0.18,29.0,96.1,128,1,1,1,1
2026-09-02 12:30:00,575.57,143.893,191.42,289.32,53.89,40.94,Normal,0.18,28.8,95.8,97,1,1,1,1
2026-09-02 12:45:00,572.87,143.218,195.09,281.49,56.19,40.1,Normal,0.18,28.5,95.9,119,1,1,1,1
2026-09-02 13:00:00,567.84,141.96,188.62,283.75,56.76,38.7,Normal,0.18,29.3,95.1,120,1,1,1,1
2026-09-02 13:15:00,591.1,147.775,195.48,299.23,58.07,38.32,Normal,0.18,28.0,95.6,100,1,1,1,1
2026-09-02 13:30:00,563.59,140.898,188.22,278.88,52.39,44.1,Normal,0.18,28.8,89.7,122,1,1,1,1
2026-09-02 13:45:00,559.59,139.898,192.8,271.01,53.9,41.88,Normal,0.18,30.0,97.3,105,1,1,1,1
2026-09-02 14:00:00,595.82,148.955,213.77,291.31,51.98,38.76,Normal,0.18,29.9,100.0,113,1,1,1,1
2026-09-02 14:15:00,573.49,143.373,211.2,266.39,54.85,41.05,Normal,0.18,28.6,93.1,110,1,1,1,1
2026-09-02 14:30:00,593.65,148.412,209.34,291.55,50.8,41.96,Normal,0.18,28.6,91.8,126,1,1,1,1
2026-09-02 14:45:00,589.41,147.352,205.84,294.96,51.1,37.51,Normal,0.18,27.9,89.6,102,1,1,1,1
2026-09-02 15:00:00,597.0,149.25,217.42,284.55,53.2,41.83,Normal,0.18,29.2,88.9,122,1,1,1,1
2026-09-02 15:15:00,604.35,151.088,209.86,301.26,51.95,41.27,Normal,0.18,29.6,100.0,132,1,1,1,1
2026-09-02 15:30:00,604.85,151.213,213.81,296.1,55.12,39.82,Normal,0.18,29.4,95.8,124,1,1,1,1
2026-09-02 15:45:00,577.77,144.442,207.99,270.66,54.33,44.8,Normal,0.18,28.2,93.7,124,1,1,1,1
2026-09-02 16:00:00,591.03,147.757,213.24,278.99,54.47,44.32,Normal,0.18,29.0,94.1,114,1,1,1,1
2026-09-02 16:15:00,573.2,143.3,198.81,275.62,58.8,39.96,Normal,0.18,27.3,96.9,129,1,1,1,1
2026-09-02 16:30:00,591.18,147.795,206.92,286.56,55.62,42.08,Normal,0.18,28.6,95.7,125,1,1,1,1
2026-09-02 16:45:00,571.63,142.907,207.93,271.92,54.57,37.21,Normal,0.18,27.5,97.0,131,1,1,1,1
2026-09-02 17:00:00,585.97,146.493,203.4,292.51,53.72,36.34,Normal,0.18,27.0,88.7,122,1,1,1,1
2026-09-02 17:15:00,575.73,143.933,208.11,274.93,51.53,41.15,Normal,0.18,27.0,91.2,112,1,1,1,1
2026-09-02 17:30:00,180.06,45.015,33.39,58.33,50.12,38.23,Normal,0.18,26.5,86.8,0,1,1,1,1
2026-09-02 17:45:00,185.26,46.315,34.68,63.19,49.9,37.48,Normal,0.18,25.3,91.0,0,1,1,1,1
2026-09-02 18:00:00,234.95,58.737,89.43,50.98,56.46,38.08,Peak,0.35,25.9,86.0,0,1,0,1,1
2026-09-02 18:15:00,255.55,63.888,87.5,65.17,59.08,43.8,Peak,0.35,24.5,91.9,0,1,0,1,1
2026-09-02 18:30:00,248.79,62.197,82.0,70.15,57.21,39.43,Peak,0.35,24.0,87.0,0,0,0,1,1
2026-09-02 18:45:00,234.94,58.735,85.66,55.31,51.62,42.35,Peak,0.35,25.0,79.5,0,0,0,1,1
2026-09-02 19:00:00,196.97,49.242,83.53,53.67,22.68,37.09,Peak,0.35,24.5,26.4,0,0,0,1,1
2026-09-02 19:15:00,197.75,49.438,84.54,51.76,23.61,37.84,Peak,0.35,23.2,27.0,0,0,0,1,1
2026-09-02 19:30:00,203.43,50.858,76.04,59.43,27.69,40.26,Peak,0.35,20.9,24.2,0,0,0,1,1
2026-09-02 19:45:00,209.83,52.458,82.4,61.48,26.38,39.56,Peak,0.35,22.1,23.0,0,0,0,1,1
2026-09-02 20:00:00,207.55,51.888,76.61,57.16,27.76,46.02,Peak,0.35,21.9,20.3,0,0,0,0,1
2026-09-02 20:15:00,187.26,46.815,76.37,54.05,25.27,31.57,Peak,0.35,22.8,14.8,0,0,0,0,1
2026-09-02 20:30:00,202.47,50.617,79.18,57.45,24.13,41.7,Peak,0.35,20.6,21.7,0,0,0,0,1
2026-09-02 20:45:00,195.91,48.977,77.06,57.17,22.34,39.34,Peak,0.35,21.4,14.7,0,0,0,0,1
2026-09-02 21:00:00,203.35,50.837,76.84,62.42,26.39,37.7,Peak,0.35,20.0,11.2,0,0,0,0,1
2026-09-02 21:15:00,186.54,46.635,69.33,55.55,22.49,39.17,Peak,0.35,18.2,15.2,0,0,0,0,1
2026-09-02 21:30:00,195.14,48.785,72.9,63.26,25.35,33.64,Peak,0.35,20.6,11.0,0,0,0,0,1
2026-09-02 21:45:00,178.96,44.74,66.07,53.82,19.3,39.77,Peak,0.35,19.4,17.6,0,0,0,0,1
2026-09-02 22:00:00,138.29,34.572,37.78,43.32,13.7,43.48,Off-Peak,0.08,19.3,8.2,0,0,0,0,1
2026-09-02 22:15:00,124.15,31.038,33.26,39.08,12.06,39.75,Off-Peak,0.08,17.8,8.1,0,0,0,0,1
2026-09-02 22:30:00,118.1,29.525,33.14,36.52,12.66,35.79,Off-Peak,0.08,18.8,7.3,0,0,0,0,1
2026-09-02 22:45:00,124.16,31.04,35.59,39.7,11.96,36.91,Off-Peak,0.08,17.2,10.7,0,0,0,0,1
2026-09-02 23:00:00,135.49,33.873,35.54,43.79,12.09,44.06,Off-Peak,0.08,16.4,7.6,0,0,0,0,1
2026-09-02 23:15:00,125.89,31.473,37.45,36.04,10.85,41.55,Off-Peak,0.08,18.0,9.6,0,0,0,0,1
2026-09-02 23:30:00,131.99,32.998,36.54,45.65,11.75,38.05,Off-Peak,0.08,15.4,7.4,0,0,0,0,1
2026-09-02 23:45:00,126.86,31.715,34.65,39.97,11.97,40.27,Off-Peak,0.08,16.4,5.9,0,0,0,0,1
2026-09-03 00:00:00,122.05,30.512,33.51,33.52,12.34,42.68,Off-Peak,0.08,15.3,6.5,0,0,0,0,1
2026-09-03 00:15:00,129.65,32.413,33.38,42.98,12.64,40.65,Off-Peak,0.08,16.4,7.5,0,0,0,0,1
2026-09-03 00:30:00,125.31,31.328,34.49,38.4,10.44,41.98,Off-Peak,0.08,16.9,7.9,0,0,0,0,1
2026-09-03 00:45:00,128.23,32.057,38.68,38.44,9.66,41.44,Off-Peak,0.08,15.3,9.0,0,0,0,0,1
2026-09-03 01:00:00,129.09,32.273,35.79,43.14,11.05,39.1,Off-Peak,0.08,15.4,6.5,0,0,0,0,1
2026-09-03 01:15:00,115.63,28.907,35.13,29.5,10.52,40.47,Off-Peak,0.08,16.3,6.6,0,0,0,0,1
2026-09-03 01:30:00,122.95,30.738,35.15,38.5,12.95,36.35,Off-Peak,0.08,16.0,5.3,0,0,0,0,1
2026-09-03 01:45:00,128.9,32.225,35.45,40.28,11.75,41.43,Off-Peak,0.08,15.4,6.7,0,0,0,0,1
2026-09-03 02:00:00,123.85,30.962,34.29,40.31,12.22,37.03,Off-Peak,0.08,15.0,7.7,0,0,0,0,1
2026-09-03 02:15:00,127.34,31.835,34.92,37.63,12.77,42.02,Off-Peak,0.08,14.7,5.9,0,0,0,0,1
2026-09-03 02:30:00,123.57,30.892,36.28,39.3,11.27,36.72,Off-Peak,0.08,14.3,8.0,0,0,0,0,1
2026-09-03 02:45:00,130.67,32.667,34.58,43.06,9.03,43.98,Off-Peak,0.08,15.8,9.8,0,0,0,0,1
2026-09-03 03:00:00,135.3,33.825,34.36,45.58,10.94,44.42,Off-Peak,0.08,15.1,8.3,0,0,0,0,1
2026-09-03 03:15:00,122.97,30.742,34.34,34.77,12.93,40.93,Off-Peak,0.08,15.7,9.2,0,0,0,0,1
2026-09-03 03:30:00,133.65,33.413,34.16,45.55,13.91,40.03,Off-Peak,0.08,16.6,7.6,0,0,0,0,1
2026-09-03 03:45:00,133.32,33.33,34.49,42.4,11.74,44.69,Off-Peak,0.08,15.1,9.6,0,0,0,0,1
2026-09-03 04:00:00,126.7,31.675,34.02,38.87,11.59,42.22,Off-Peak,0.08,15.4,9.0,0,0,0,0,1
2026-09-03 04:15:00,131.03,32.758,34.78,40.56,12.9,42.79,Off-Peak,0.08,16.9,9.1,0,0,0,0,1
2026-09-03 04:30:00,131.32,32.83,34.55,42.68,11.93,42.16,Off-Peak,0.08,14.3,7.5,0,0,0,0,1
2026-09-03 04:45:00,128.99,32.248,36.8,34.1,14.51,43.57,Off-Peak,0.08,15.9,8.5,0,0,0,0,1
2026-09-03 05:00:00,131.93,32.983,34.65,40.34,12.44,44.5,Off-Peak,0.08,17.1,6.3,0,0,0,0,1
2026-09-03 05:15:00,125.21,31.302,32.42,38.35,12.38,42.07,Off-Peak,0.08,17.0,9.1,0,0,0,0,1
2026-09-03 05:30:00,128.07,32.017,37.92,44.65,12.21,33.29,Off-Peak,0.08,17.1,7.1,0,0,0,0,1
2026-09-03 05:45:00,125.82,31.455,34.37,37.91,12.38,41.16,Off-Peak,0.08,20.1,8.0,0,0,0,0,1
2026-09-03 06:00:00,232.31,58.078,132.48,48.12,12.22,39.48,Off-Peak,0.08,19.3,6.1,0,1,0,0,1
2026-09-03 06:15:00,230.67,57.667,134.35,43.5,11.74,41.08,Off-Peak,0.08,18.2,9.0,0,1,0,0,1
2026-09-03 06:30:00,264.71,66.177,136.9,29.82,55.59,42.4,Off-Peak,0.08,20.7,10.1,0,1,0,1,1
2026-09-03 06:45:00,269.88,67.47,131.68,40.42,53.91,43.87,Off-Peak,0.08,18.9,8.0,0,1,0,1,1
2026-09-03 07:00:00,295.47,73.868,159.99,34.94,57.57,42.97,Off-Peak,0.08,20.3,80.6,0,1,0,1,1
2026-09-03 07:15:00,294.08,73.52,160.87,40.34,54.83,38.04,Off-Peak,0.08,21.7,84.9,0,1,0,1,1
2026-09-03 07:30:00,290.57,72.642,153.88,42.71,54.9,39.07,Off-Peak,0.08,20.6,84.5,0,1,1,1,1
2026-09-03 07:45:00,299.72,74.93,165.52,37.49,56.22,40.49,Off-Peak,0.08,20.7,81.1,0,1,1,1,1
2026-09-03 08:00:00,533.32,133.33,161.04,280.79,54.94,36.55,Normal,0.18,19.8,96.6,117,1,1,1,1
2026-09-03 08:15:00,568.04,142.01,164.21,306.44,58.58,38.8,Normal,0.18,22.0,84.6,123,1,1,1,1
2026-09-03 08:30:00,567.61,141.903,173.54,292.27,58.16,43.64,Normal,0.18,22.1,100.0,116,1,1,1,1
2026-09-03 08:45:00,566.56,141.64,181.05,289.94,55.68,39.9,Normal,0.18,24.7,88.3,113,1,1,1,1
2026-09-03 09:00:00,547.0,136.75,168.33,281.29,52.84,44.53,Normal,0.18,24.9,78.4,124,1,1,1,1
2026-09-03 09:15:00,575.72,143.93,167.17,315.7,53.63,39.21,Normal,0.18,23.7,97.2,108,1,1,1,1
2026-09-03 09:30:00,559.49,139.873,187.25,275.32,55.36,41.56,Normal,0.18,26.2,95.0,107,1,1,1,1
2026-09-03 09:45:00,548.17,137.042,176.86,267.74,56.21,47.35,Normal,0.18,26.0,92.2,127,1,1,1,1
2026-09-03 10:00:00,546.71,136.678,180.49,274.76,54.04,37.42,Normal,0.18,24.7,92.9,127,1,1,1,1
2026-09-03 10:15:00,553.34,138.335,178.17,282.43,53.05,39.69,Normal,0.18,26.0,88.3,130,1,1,1,1
2026-09-03 10:30:00,549.75,137.438,181.75,274.43,55.32,38.25,Normal,0.18,26.3,93.2,123,1,1,1,1
2026-09-03 10:45:00,553.63,138.407,185.28,278.6,55.18,34.57,Normal,0.18,26.1,94.5,138,1,1,1,1
2026-09-03 11:00:00,582.72,145.68,185.72,306.06,54.53,36.41,Normal,0.18,28.2,86.9,129,1,1,1,1
2026-09-03 11:15:00,559.95,139.988,181.77,287.52,51.21,39.46,Normal,0.18,26.8,91.3,117,1,1,1,1
2026-09-03 11:30:00,584.51,146.127,186.46,304.44,57.36,36.26,Normal,0.18,27.1,88.3,129,1,1,1,1
2026-09-03 11:45:00,579.69,144.923,188.6,292.64,57.47,40.98,Normal,0.18,28.2,96.9,116,1,1,1,1
2026-09-03 12:00:00,579.58,144.895,193.86,283.35,57.38,44.99,Normal,0.18,29.0,96.3,125,1,1,1,1
2026-09-03 12:15:00,579.64,144.91,187.82,290.46,57.86,43.5,Normal,0.18,28.0,92.3,111,1,1,1,1
2026-09-03 12:30:00,574.22,143.555,189.59,289.05,58.83,36.75,Normal,0.18,27.1,96.1,89,1,1,1,1
2026-09-03 12:45:00,570.05,142.512,184.22,296.32,54.16,35.36,Normal,0.18,27.7,91.7,114,1,1,1,1
2026-09-03 13:00:00,581.39,145.347,187.59,292.23,58.83,42.74,Normal,0.18,27.9,86.9,122,1,1,1,1
2026-09-03 13:15:00,585.96,146.49,191.99,298.45,54.06,41.47,Normal,0.18,28.1,95.6,112,1,1,1,1
2026-09-03 13:30:00,563.25,140.812,184.63,284.9,56.81,36.91,Normal,0.18,28.0,95.0,133,1,1,1,1
2026-09-03 13:45:00,574.74,143.685,192.39,284.01,56.57,41.77,Normal,0.18,28.6,95.2,119,1,1,1,1
2026-09-03 14:00:00,588.58,147.145,210.59,285.47,53.86,38.66,Normal,0.18,28.6,91.2,124,1,1,1,1
2026-09-03 14:15:00,591.05,147.762,209.13,283.03,58.84,40.05,Normal,0.18,27.9,96.0,118,1,1,1,1
2026-09-03 14:30:00,578.64,144.66,209.93,277.86,52.81,38.04,Normal,0.18,29.0,96.5,141,1,1,1,1
2026-09-03 14:45:00,604.22,151.055,205.75,297.91,58.3,42.27,Normal,0.18,28.4,88.3,125,1,1,1,1
2026-09-03 15:00:00,592.99,148.248,213.28,284.95,54.56,40.2,Normal,0.18,29.4,92.0,127,1,1,1,1
2026-09-03 15:15:00,597.47,149.368,210.73,298.01,51.96,36.77,Normal,0.18,28.5,93.6,119,1,1,1,1
2026-09-03 15:30:00,596.01,149.002,206.46,296.7,52.78,40.07,Normal,0.18,28.1,91.6,137,1,1,1,1
2026-09-03 15:45:00,584.24,146.06,206.53,278.7,59.91,39.1,Normal,0.18,28.5,95.1,140,1,1,1,1
2026-09-03 16:00:00,578.53,144.632,208.36,275.09,58.19,36.89,Normal,0.18,29.3,89.3,104,1,1,1,1
2026-09-03 16:15:00,579.88,144.97,197.9,281.7,59.01,41.27,Normal,0.18,26.7,90.1,127,1,1,1,1
2026-09-03 16:30:00,592.16,148.04,205.89,292.02,53.86,40.39,Normal,0.18,27.5,88.9,117,1,1,1,1
2026-09-03 16:45:00,569.98,142.495,193.57,278.73,58.61,39.07,Normal,0.18,27.0,84.2,116,1,1,1,1
2026-09-03 17:00:00,618.83,154.708,198.76,319.06,55.92,45.09,Normal,0.18,26.1,83.2,131,1,1,1,1
2026-09-03 17:15:00,574.75,143.688,205.94,274.19,54.38,40.25,Normal,0.18,28.3,88.9,118,1,1,1,1
2026-09-03 17:30:00,193.5,48.375,34.15,61.56,56.03,41.77,Normal,0.18,26.3,79.8,0,1,1,1,1
2026-09-03 17:45:00,179.51,44.877,35.09,54.76,51.3,38.36,Normal,0.18,26.2,91.1,0,1,1,1,1
2026-09-03 18:00:00,239.46,59.865,85.48,59.02,55.77,39.19,Peak,0.35,25.4,93.9,0,1,0,1,1
2026-09-03 18:15:00,253.96,63.49,93.06,60.49,55.67,44.74,Peak,0.35,25.7,96.8,0,1,0,1,1
2026-09-03 18:30:00,234.32,58.58,80.71,58.45,57.31,37.85,Peak,0.35,24.6,89.7,0,0,0,1,1
2026-09-03 18:45:00,252.53,63.133,89.31,66.32,55.38,41.52,Peak,0.35,24.1,77.8,0,0,0,1,1
2026-09-03 19:00:00,216.16,54.04,81.7,63.66,27.15,43.65,Peak,0.35,24.1,29.2,0,0,0,1,1
2026-09-03 19:15:00,190.64,47.66,75.06,60.75,20.97,33.86,Peak,0.35,21.6,22.0,0,0,0,1,1
2026-09-03 19:30:00,214.77,53.693,84.66,61.82,25.29,42.99,Peak,0.35,24.6,24.4,0,0,0,1,1
2026-09-03 19:45:00,200.57,50.142,79.59,54.77,27.55,38.66,Peak,0.35,22.0,21.8,0,0,0,1,1
2026-09-03 20:00:00,200.44,50.11,85.53,54.79,22.83,37.28,Peak,0.35,22.8,20.3,0,0,0,0,1
2026-09-03 20:15:00,187.39,46.847,83.08,48.45,25.5,30.36,Peak,0.35,21.6,23.4,0,0,0,0,1
2026-09-03 20:30:00,201.54,50.385,78.32,60.42,25.15,37.65,Peak,0.35,21.7,20.9,0,0,0,0,1
2026-09-03 20:45:00,197.85,49.462,79.75,59.43,23.28,35.39,Peak,0.35,21.0,15.6,0,0,0,0,1
2026-09-03 21:00:00,199.59,49.898,71.02,61.69,28.57,38.31,Peak,0.35,18.7,18.9,0,0,0,0,1
2026-09-03 21:15:00,213.02,53.255,73.58,69.44,28.13,41.86,Peak,0.35,19.2,13.4,0,0,0,0,1
2026-09-03 21:30:00,201.38,50.345,76.86,58.49,22.42,43.61,Peak,0.35,20.5,12.0,0,0,0,0,1
2026-09-03 21:45:00,190.17,47.542,73.65,52.47,23.05,41.01,Peak,0.35,19.3,11.3,0,0,0,0,1
2026-09-03 22:00:00,118.26,29.565,34.79,37.27,11.03,35.16,Off-Peak,0.08,18.1,7.6,0,0,0,0,1
2026-09-03 22:15:00,120.93,30.233,31.71,39.9,12.28,37.03,Off-Peak,0.08,18.0,9.2,0,0,0,0,1
2026-09-03 22:30:00,127.41,31.852,34.8,39.35,10.23,43.03,Off-Peak,0.08,18.9,7.2,0,0,0,0,1
2026-09-03 22:45:00,131.62,32.905,36.2,45.84,10.92,38.66,Off-Peak,0.08,16.6,7.5,0,0,0,0,1
2026-09-03 23:00:00,123.26,30.815,36.34,35.8,11.62,39.5,Off-Peak,0.08,18.2,8.9,0,0,0,0,1
2026-09-03 23:15:00,135.58,33.895,33.98,45.42,12.06,44.12,Off-Peak,0.08,16.1,4.7,0,0,0,0,1
2026-09-03 23:30:00,128.16,32.04,37.56,40.85,12.96,36.8,Off-Peak,0.08,16.6,6.5,0,0,0,0,1
2026-09-03 23:45:00,126.14,31.535,35.58,36.77,11.95,41.83,Off-Peak,0.08,17.0,10.1,0,0,0,0,1
2026-09-04 00:00:00,125.16,31.29,37.02,37.41,10.84,39.89,Off-Peak,0.08,16.1,9.2,0,0,0,0,1
2026-09-04 00:15:00,130.29,32.572,32.85,44.08,13.35,40.0,Off-Peak,0.08,15.5,9.6,0,0,0,0,1
2026-09-04 00:30:00,125.51,31.378,33.91,38.37,13.44,39.78,Off-Peak,0.08,15.6,6.5,0,0,0,0,1
2026-09-04 00:45:00,132.35,33.087,36.65,39.9,13.47,42.33,Off-Peak,0.08,14.3,8.5,0,0,0,0,1
2026-09-04 01:00:00,115.84,28.96,35.45,33.34,12.34,34.72,Off-Peak,0.08,14.4,6.9,0,0,0,0,1
2026-09-04 01:15:00,123.94,30.985,36.01,37.3,12.17,38.46,Off-Peak,0.08,16.0,9.8,0,0,0,0,1
2026-09-04 01:30:00,132.32,33.08,36.4,40.18,13.45,42.3,Off-Peak,0.08,14.2,7.3,0,0,0,0,1
2026-09-04 01:45:00,119.91,29.977,34.43,35.74,11.82,37.92,Off-Peak,0.08,15.5,4.8,0,0,0,0,1
2026-09-04 02:00:00,130.55,32.638,35.95,44.03,10.4,40.17,Off-Peak,0.08,14.7,10.1,0,0,0,0,1
2026-09-04 02:15:00,122.96,30.74,31.9,38.59,13.03,39.42,Off-Peak,0.08,15.8,11.0,0,0,0,0,1
2026-09-04 02:30:00,121.09,30.273,33.1,33.24,12.06,42.69,Off-Peak,0.08,14.3,4.9,0,0,0,0,1
2026-09-04 02:45:00,128.23,32.057,36.69,39.99,10.39,41.16,Off-Peak,0.08,14.1,8.5,0,0,0,0,1
2026-09-04 03:00:00,133.94,33.485,33.91,40.35,12.51,47.17,Off-Peak,0.08,15.2,7.7,0,0,0,0,1
2026-09-04 03:15:00,123.8,30.95,35.72,39.6,12.15,36.33,Off-Peak,0.08,15.5,11.0,0,0,0,0,1
2026-09-04 03:30:00,131.2,32.8,33.27,40.44,13.19,44.29,Off-Peak,0.08,15.8,4.0,0,0,0,0,1
2026-09-04 03:45:00,121.57,30.392,36.97,34.68,12.4,37.52,Off-Peak,0.08,15.5,8.3,0,0,0,0,1
2026-09-04 04:00:00,132.01,33.002,35.87,42.2,12.89,41.04,Off-Peak,0.08,15.8,7.1,0,0,0,0,1
2026-09-04 04:15:00,132.16,33.04,31.95,46.78,11.71,41.71,Off-Peak,0.08,16.3,11.7,0,0,0,0,1
2026-09-04 04:30:00,130.98,32.745,35.97,44.17,12.47,38.37,Off-Peak,0.08,16.2,6.6,0,0,0,0,1
2026-09-04 04:45:00,125.99,31.497,36.87,38.59,11.37,39.16,Off-Peak,0.08,19.6,10.4,0,0,0,0,1
2026-09-04 05:00:00,125.03,31.258,32.86,42.16,12.32,37.69,Off-Peak,0.08,17.9,6.0,0,0,0,0,1
2026-09-04 05:15:00,119.88,29.97,35.71,34.55,10.71,38.92,Off-Peak,0.08,16.5,10.9,0,0,0,0,1
2026-09-04 05:30:00,127.8,31.95,37.26,34.04,12.22,44.28,Off-Peak,0.08,18.3,9.2,0,0,0,0,1
2026-09-04 05:45:00,135.31,33.828,39.7,42.44,13.04,40.13,Off-Peak,0.08,19.2,8.7,0,0,0,0,1
2026-09-04 06:00:00,215.52,53.88,129.21,39.15,10.23,36.92,Off-Peak,0.08,17.9,6.2,0,1,0,0,1
2026-09-04 06:15:00,222.96,55.74,132.17,39.71,11.01,40.07,Off-Peak,0.08,18.6,9.5,0,1,0,0,1
2026-09-04 06:30:00,262.98,65.745,132.48,34.99,56.18,39.33,Off-Peak,0.08,20.4,8.3,0,1,0,1,1
2026-09-04 06:45:00,268.4,67.1,137.53,38.8,54.63,37.45,Off-Peak,0.08,19.7,6.8,0,1,0,1,1
2026-09-04 07:00:00,299.45,74.862,161.92,35.23,58.47,43.83,Off-Peak,0.08,20.9,83.9,0,1,0,1,1
2026-09-04 07:15:00,284.66,71.165,153.93,34.72,54.74,41.28,Off-Peak,0.08,19.1,81.6,0,1,0,1,1
2026-09-04 07:30:00,288.96,72.24,158.04,31.02,56.96,42.93,Off-Peak,0.08,20.9,89.0,0,1,1,1,1
2026-09-04 07:45:00,302.56,75.64,170.45,32.13,58.51,41.46,Off-Peak,0.08,23.5,75.9,0,1,1,1,1
2026-09-04 08:00:00,554.62,138.655,160.37,293.6,55.41,45.23,Normal,0.18,21.2,91.5,118,1,1,1,1
2026-09-04 08:15:00,546.79,136.697,164.4,281.65,59.67,41.07,Normal,0.18,23.3,90.0,117,1,1,1,1
2026-09-04 08:30:00,532.8,133.2,165.61,272.08,52.99,42.12,Normal,0.18,22.5,89.0,121,1,1,1,1
2026-09-04 08:45:00,551.06,137.765,175.84,276.82,56.14,42.27,Normal,0.18,23.6,91.0,114,1,1,1,1
2026-09-04 09:00:00,563.79,140.947,174.51,295.8,56.56,36.92,Normal,0.18,24.0,98.6,138,1,1,1,1
2026-09-04 09:15:00,550.23,137.558,182.07,270.06,56.59,41.52,Normal,0.18,25.7,93.1,118,1,1,1,1
2026-09-04 09:30:00,547.81,136.952,169.68,276.57,57.58,43.98,Normal,0.18,23.9,87.7,100,1,1,1,1
2026-09-04 09:45:00,557.65,139.412,179.23,282.35,54.77,41.3,Normal,0.18,23.6,95.1,121,1,1,1,1
2026-09-04 10:00:00,543.1,135.775,174.04,272.64,53.38,43.04,Normal,0.18,25.7,93.0,105,1,1,1,1
2026-09-04 10:15:00,567.17,141.792,185.48,288.19,53.43,40.08,Normal,0.18,25.5,91.8,118,1,1,1,1
2026-09-04 10:30:00,570.46,142.615,178.32,298.26,57.01,36.86,Normal,0.18,25.3,90.4,116,1,1,1,1
2026-09-04 10:45:00,562.9,140.725,181.54,282.89,56.88,41.58,Normal,0.18,27.2,87.0,127,1,1,1,1
2026-09-04 11:00:00,538.56,134.64,177.69,267.94,54.08,38.85,Normal,0.18,26.7,87.7,120,1,1,1,1
2026-09-04 11:15:00,572.61,143.153,180.3,302.3,53.43,36.58,Normal,0.18,26.9,93.4,127,1,1,1,1
2026-09-04 11:30:00,562.77,140.692,180.13,285.51,55.37,41.76,Normal,0.18,26.2,98.5,118,1,1,1,1
2026-09-04 11:45:00,592.15,148.037,187.09,311.66,56.17,37.23,Normal,0.18,27.5,96.5,121,1,1,1,1
2026-09-04 12:00:00,565.43,141.357,193.0,278.8,52.88,40.76,Normal,0.18,29.1,100.0,133,1,1,1,1
2026-09-04 12:15:00,564.03,141.007,191.46,281.29,53.75,37.53,Normal,0.18,30.1,97.5,131,1,1,1,1
2026-09-04 12:30:00,555.31,138.827,196.35,266.55,52.89,39.53,Normal,0.18,29.0,100.0,137,1,1,1,1
2026-09-04 12:45:00,578.17,144.542,192.68,286.94,55.17,43.38,Normal,0.18,28.7,95.2,104,1,1,1,1
2026-09-04 13:00:00,595.3,148.825,191.62,305.57,52.78,45.33,Normal,0.18,28.7,94.8,115,1,1,1,1
2026-09-04 13:15:00,569.82,142.455,190.34,276.89,55.56,47.03,Normal,0.18,29.5,100.0,118,1,1,1,1
2026-09-04 13:30:00,566.08,141.52,186.9,285.41,53.3,40.48,Normal,0.18,27.0,95.3,125,1,1,1,1
2026-09-04 13:45:00,580.59,145.148,198.64,282.08,54.96,44.92,Normal,0.18,30.2,98.1,123,1,1,1,1
2026-09-04 14:00:00,615.92,153.98,215.54,301.77,56.03,42.58,Normal,0.18,29.7,97.4,102,1,1,1,1
2026-09-04 14:15:00,573.42,143.355,202.77,279.06,53.12,38.48,Normal,0.18,28.5,91.1,113,1,1,1,1
2026-09-04 14:30:00,606.45,151.613,216.73,293.28,58.18,38.27,Normal,0.18,30.2,93.5,113,1,1,1,1
2026-09-04 14:45:00,615.63,153.907,216.0,304.79,55.36,39.48,Normal,0.18,29.8,100.0,124,1,1,1,1
2026-09-04 15:00:00,589.41,147.352,206.86,286.03,56.79,39.73,Normal,0.18,28.2,98.6,134,1,1,1,1
2026-09-04 15:15:00,584.34,146.085,212.41,278.52,55.9,37.51,Normal,0.18,28.0,95.2,127,1,1,1,1
2026-09-04 15:30:00,609.9,152.475,212.16,298.48,56.3,42.95,Normal,0.18,28.2,100.0,122,1,1,1,1
2026-09-04 15:45:00,609.97,152.493,211.2,304.78,54.16,39.84,Normal,0.18,28.6,90.5,114,1,1,1,1
2026-09-04 16:00:00,586.01,146.502,209.93,278.16,54.63,43.29,Normal,0.18,28.7,91.9,108,1,1,1,1
2026-09-04 16:15:00,575.52,143.88,204.52,277.41,54.65,38.94,Normal,0.18,28.3,85.3,103,1,1,1,1
2026-09-04 16:30:00,584.91,146.227,207.74,284.26,53.84,39.07,Normal,0.18,28.4,95.3,115,1,1,1,1
2026-09-04 16:45:00,592.8,148.2,213.34,286.41,54.28,38.78,Normal,0.18,28.0,92.1,104,1,1,1,1
2026-09-04 17:00:00,608.93,152.232,201.63,305.01,58.79,43.5,Normal,0.18,27.2,90.1,132,1,1,1,1
2026-09-04 17:15:00,593.04,148.26,205.06,294.71,56.25,37.02,Normal,0.18,28.1,93.2,133,1,1,1,1
2026-09-04 17:30:00,188.32,47.08,34.65,61.77,52.28,39.62,Normal,0.18,24.8,82.6,0,1,1,1,1
2026-09-04 17:45:00,189.84,47.46,36.88,57.04,53.38,42.55,Normal,0.18,26.8,88.6,0,1,1,1,1
2026-09-04 18:00:00,247.97,61.992,84.19,67.82,53.15,42.8,Peak,0.35,25.8,81.7,0,1,0,1,1
2026-09-04 18:15:00,227.14,56.785,85.31,49.5,52.07,40.26,Peak,0.35,24.7,86.9,0,1,0,1,1
2026-09-04 18:30:00,232.4,58.1,78.38,62.83,52.25,38.94,Peak,0.35,24.1,91.3,0,0,0,1,1
2026-09-04 18:45:00,233.51,58.377,77.78,59.39,51.55,44.8,Peak,0.35,23.4,95.2,0,0,0,1,1
2026-09-04 19:00:00,214.26,53.565,87.69,60.74,25.44,40.4,Peak,0.35,24.1,25.4,0,0,0,1,1
2026-09-04 19:15:00,211.25,52.812,81.99,64.05,25.55,39.66,Peak,0.35,23.8,22.3,0,0,0,1,1
2026-09-04 19:30:00,203.01,50.752,76.6,64.94,25.35,36.12,Peak,0.35,21.8,27.0,0,0,0,1,1
2026-09-04 19:45:00,206.13,51.532,85.93,59.09,26.41,34.71,Peak,0.35,23.5,22.0,0,0,0,1,1
2026-09-04 20:00:00,205.82,51.455,77.08,62.36,23.79,42.59,Peak,0.35,21.6,16.2,0,0,0,0,1
2026-09-04 20:15:00,203.65,50.913,80.64,65.07,24.31,33.62,Peak,0.35,20.9,21.4,0,0,0,0,1
2026-09-04 20:30:00,196.84,49.21,75.17,57.22,27.87,36.59,Peak,0.35,21.6,17.1,0,0,0,0,1
2026-09-04 20:45:00,206.55,51.638,75.95,63.22,28.26,39.11,Peak,0.35,21.0,16.9,0,0,0,0,1
2026-09-04 21:00:00,194.84,48.71,77.74,59.36,24.39,33.35,Peak,0.35,20.0,16.9,0,0,0,0,1
2026-09-04 21:15:00,198.5,49.625,75.31,58.78,24.43,39.97,Peak,0.35,19.1,10.3,0,0,0,0,1
2026-09-04 21:30:00,210.51,52.627,76.14,68.09,26.37,39.91,Peak,0.35,18.6,17.2,0,0,0,0,1
2026-09-04 21:45:00,193.53,48.383,72.78,56.99,26.05,37.71,Peak,0.35,20.2,9.2,0,0,0,0,1
2026-09-04 22:00:00,124.61,31.152,35.96,33.93,11.07,43.65,Off-Peak,0.08,18.4,4.8,0,0,0,0,1
2026-09-04 22:15:00,123.57,30.892,35.55,37.88,11.23,38.91,Off-Peak,0.08,19.1,8.7,0,0,0,0,1
2026-09-04 22:30:00,126.75,31.688,35.1,36.27,13.57,41.82,Off-Peak,0.08,16.5,8.5,0,0,0,0,1
2026-09-04 22:45:00,134.47,33.617,35.0,42.51,12.15,44.81,Off-Peak,0.08,17.9,7.0,0,0,0,0,1
2026-09-04 23:00:00,120.23,30.058,36.27,34.94,12.92,36.1,Off-Peak,0.08,16.9,7.0,0,0,0,0,1
2026-09-04 23:15:00,128.14,32.035,35.95,43.63,12.15,36.4,Off-Peak,0.08,17.2,6.7,0,0,0,0,1
2026-09-04 23:30:00,124.42,31.105,31.21,44.51,12.11,36.59,Off-Peak,0.08,15.7,6.5,0,0,0,0,1
2026-09-04 23:45:00,118.09,29.523,35.5,36.7,9.98,35.91,Off-Peak,0.08,17.3,6.6,0,0,0,0,1
2026-09-05 00:00:00,130.05,32.513,35.69,40.56,9.99,43.81,Off-Peak,0.08,15.6,12.7,0,0,0,0,1
2026-09-05 00:15:00,134.67,33.667,37.26,44.99,13.15,39.26,Off-Peak,0.08,15.9,9.6,0,0,0,0,1
2026-09-05 00:30:00,128.9,32.225,32.27,47.79,12.03,36.82,Off-Peak,0.08,14.7,13.0,0,0,0,0,1
2026-09-05 00:45:00,124.95,31.238,35.28,39.97,10.76,38.93,Off-Peak,0.08,14.4,6.2,0,0,0,0,1
2026-09-05 01:00:00,123.19,30.797,34.89,38.49,10.71,39.1,Off-Peak,0.08,14.1,11.8,0,0,0,0,1
2026-09-05 01:15:00,124.44,31.11,35.33,43.17,11.52,34.42,Off-Peak,0.08,14.8,11.0,0,0,0,0,1
2026-09-05 01:30:00,123.32,30.83,32.79,39.83,12.3,38.41,Off-Peak,0.08,15.9,7.2,0,0,0,0,1
2026-09-05 01:45:00,125.98,31.495,37.83,39.99,11.03,37.13,Off-Peak,0.08,14.6,8.8,0,0,0,0,1
2026-09-05 02:00:00,126.35,31.587,35.97,40.5,11.16,38.73,Off-Peak,0.08,14.8,10.7,0,0,0,0,1
2026-09-05 02:15:00,128.75,32.188,34.07,42.39,12.88,39.42,Off-Peak,0.08,15.6,6.6,0,0,0,0,1
2026-09-05 02:30:00,137.05,34.263,36.05,45.28,14.57,41.16,Off-Peak,0.08,14.7,6.0,0,0,0,0,1
2026-09-05 02:45:00,130.11,32.528,31.24,40.71,14.35,43.81,Off-Peak,0.08,15.1,7.2,0,0,0,0,1
2026-09-05 03:00:00,117.05,29.262,35.72,30.31,12.76,38.26,Off-Peak,0.08,16.1,10.7,0,0,0,0,1
2026-09-05 03:15:00,121.75,30.438,34.29,37.13,12.01,38.33,Off-Peak,0.08,14.8,9.0,0,0,0,0,1
2026-09-05 03:30:00,121.98,30.495,34.57,35.61,11.36,40.43,Off-Peak,0.08,15.6,5.5,0,0,0,0,1
2026-09-05 03:45:00,127.88,31.97,36.14,34.35,13.78,43.61,Off-Peak,0.08,14.4,7.5,0,0,0,0,1
2026-09-05 04:00:00,118.23,29.558,35.4,34.21,10.0,38.62,Off-Peak,0.08,15.5,7.6,0,0,0,0,1
2026-09-05 04:15:00,125.96,31.49,33.77,45.1,10.5,36.59,Off-Peak,0.08,16.1,10.3,0,0,0,0,1
2026-09-05 04:30:00,123.64,30.91,32.6,40.49,10.95,39.6,Off-Peak,0.08,16.8,6.5,0,0,0,0,1
2026-09-05 04:45:00,121.6,30.4,30.8,40.56,10.75,39.5,Off-Peak,0.08,16.2,7.4,0,0,0,0,1
2026-09-05 05:00:00,130.48,32.62,34.7,40.77,11.27,43.73,Off-Peak,0.08,16.6,9.4,0,0,0,0,1
2026-09-05 05:15:00,127.18,31.795,36.67,41.91,11.03,37.58,Off-Peak,0.08,15.9,9.3,0,0,0,0,1
2026-09-05 05:30:00,133.91,33.477,33.52,41.02,12.26,47.11,Off-Peak,0.08,16.9,11.8,0,0,0,0,1
2026-09-05 05:45:00,116.23,29.058,32.08,38.9,11.88,33.37,Off-Peak,0.08,18.4,7.6,0,0,0,0,1
2026-09-05 06:00:00,130.28,32.57,33.94,43.87,10.44,42.03,Off-Peak,0.08,17.9,10.9,0,0,0,0,1
2026-09-05 06:15:00,120.24,30.06,31.87,41.26,11.33,35.78,Off-Peak,0.08,19.6,12.9,0,0,0,0,1
2026-09-05 06:30:00,127.57,31.892,36.84,42.05,10.85,37.83,Off-Peak,0.08,19.0,7.3,0,0,0,0,1
2026-09-05 06:45:00,131.05,32.763,37.01,42.76,12.05,39.22,Off-Peak,0.08,19.4,9.8,0,0,0,0,1
2026-09-05 07:00:00,138.6,34.65,34.11,46.22,12.2,46.08,Off-Peak,0.08,18.8,13.9,0,0,0,0,1
2026-09-05 07:15:00,123.09,30.773,33.77,39.32,11.13,38.87,Off-Peak,0.08,21.1,5.7,0,0,0,0,1
2026-09-05 07:30:00,125.59,31.398,35.47,35.98,13.94,40.19,Off-Peak,0.08,20.0,10.0,0,0,0,0,1
2026-09-05 07:45:00,126.43,31.608,35.12,38.96,12.78,39.57,Off-Peak,0.08,20.9,5.1,0,0,0,0,1
2026-09-05 08:00:00,128.44,32.11,35.87,38.98,12.16,41.42,Off-Peak,0.08,21.0,15.0,0,0,0,0,1
2026-09-05 08:15:00,125.57,31.392,34.1,42.03,11.26,38.19,Off-Peak,0.08,21.3,10.5,0,0,0,0,1
2026-09-05 08:30:00,122.84,30.71,28.41,44.63,11.93,37.88,Off-Peak,0.08,24.2,13.7,0,0,0,0,1
2026-09-05 08:45:00,116.66,29.165,33.64,35.49,10.65,36.88,Off-Peak,0.08,22.6,7.2,0,0,0,0,1
2026-09-05 09:00:00,128.02,32.005,36.11,39.73,10.69,41.48,Off-Peak,0.08,24.1,10.2,0,0,0,0,1
2026-09-05 09:15:00,123.58,30.895,32.67,37.25,11.64,42.02,Off-Peak,0.08,23.4,11.9,0,0,0,0,1
2026-09-05 09:30:00,119.14,29.785,38.77,32.65,10.96,36.76,Off-Peak,0.08,24.8,10.1,0,0,0,0,1
2026-09-05 09:45:00,120.51,30.128,36.38,37.63,11.67,34.83,Off-Peak,0.08,23.7,7.8,0,0,0,0,1
2026-09-05 10:00:00,124.39,31.098,36.28,33.3,11.54,43.26,Off-Peak,0.08,24.9,8.6,0,0,0,0,1
2026-09-05 10:15:00,128.14,32.035,37.56,42.94,12.87,34.77,Off-Peak,0.08,25.5,5.0,0,0,0,0,1
2026-09-05 10:30:00,123.58,30.895,33.98,37.19,12.95,39.46,Off-Peak,0.08,27.5,7.7,0,0,0,0,1
2026-09-05 10:45:00,120.44,30.11,34.81,36.21,13.81,35.61,Off-Peak,0.08,27.0,10.2,0,0,0,0,1
2026-09-05 11:00:00,136.31,34.078,37.31,45.55,11.86,41.59,Off-Peak,0.08,27.3,11.1,0,0,0,0,1
2026-09-05 11:15:00,123.14,30.785,32.87,38.46,10.7,41.12,Off-Peak,0.08,28.7,9.8,0,0,0,0,1
2026-09-05 11:30:00,121.43,30.358,31.76,44.09,10.22,35.36,Off-Peak,0.08,28.4,9.6,0,0,0,0,1
2026-09-05 11:45:00,129.54,32.385,35.84,39.74,13.76,40.2,Off-Peak,0.08,27.7,10.8,0,0,0,0,1
2026-09-05 12:00:00,124.35,31.087,32.41,39.32,14.12,38.49,Off-Peak,0.08,28.9,12.4,0,0,0,0,1
2026-09-05 12:15:00,126.7,31.675,34.06,36.83,11.52,44.3,Off-Peak,0.08,27.7,10.5,0,0,0,0,1
2026-09-05 12:30:00,133.88,33.47,31.98,48.83,11.78,41.3,Off-Peak,0.08,28.4,6.0,0,0,0,0,1
2026-09-05 12:45:00,123.55,30.887,37.92,37.39,12.46,35.78,Off-Peak,0.08,28.0,11.0,0,0,0,0,1
2026-09-05 13:00:00,123.1,30.775,34.17,38.81,11.49,38.62,Off-Peak,0.08,30.4,10.8,0,0,0,0,1
2026-09-05 13:15:00,125.84,31.46,34.72,41.95,11.48,37.69,Off-Peak,0.08,26.9,9.7,0,0,0,0,1
2026-09-05 13:30:00,123.01,30.753,35.29,32.55,13.12,42.05,Off-Peak,0.08,28.9,5.2,0,0,0,0,1
2026-09-05 13:45:00,122.11,30.527,35.22,35.96,9.98,40.95,Off-Peak,0.08,28.2,12.0,0,0,0,0,1
2026-09-05 14:00:00,127.76,31.94,35.03,37.2,13.8,41.73,Off-Peak,0.08,28.4,13.3,0,0,0,0,1
2026-09-05 14:15:00,121.95,30.488,32.23,36.8,11.86,41.06,Off-Peak,0.08,26.1,8.5,0,0,0,0,1
2026-09-05 14:30:00,134.63,33.657,36.27,42.3,12.2,43.86,Off-Peak,0.08,29.1,13.2,0,0,0,0,1
2026-09-05 14:45:00,136.14,34.035,31.19,44.22,11.92,48.8,Off-Peak,0.08,28.6,9.1,0,0,0,0,1
2026-09-05 15:00:00,124.15,31.038,36.09,35.59,12.36,40.1,Off-Peak,0.08,28.4,10.3,0,0,0,0,1
2026-09-05 15:15:00,125.63,31.407,33.19,41.1,13.45,37.88,Off-Peak,0.08,28.4,13.5,0,0,0,0,1
2026-09-05 15:30:00,125.02,31.255,35.95,37.98,12.8,38.3,Off-Peak,0.08,28.2,17.0,0,0,0,0,1
2026-09-05 15:45:00,140.51,35.127,32.79,49.81,11.51,46.4,Off-Peak,0.08,27.0,14.1,0,0,0,0,1
2026-09-05 16:00:00,130.83,32.708,36.0,43.35,12.97,38.51,Off-Peak,0.08,27.0,13.1,0,0,0,0,1
2026-09-05 16:15:00,126.83,31.707,35.45,38.11,12.28,40.99,Off-Peak,0.08,26.8,9.8,0,0,0,0,1
2026-09-05 16:30:00,122.12,30.53,34.47,37.2,12.79,37.67,Off-Peak,0.08,26.8,11.2,0,0,0,0,1
2026-09-05 16:45:00,130.16,32.54,37.75,40.77,12.53,39.11,Off-Peak,0.08,26.9,10.2,0,0,0,0,1
2026-09-05 17:00:00,126.62,31.655,35.59,38.82,13.34,38.88,Off-Peak,0.08,26.9,9.9,0,0,0,0,1
2026-09-05 17:15:00,135.84,33.96,34.35,45.25,13.4,42.84,Off-Peak,0.08,25.2,18.2,0,0,0,0,1
2026-09-05 17:30:00,130.8,32.7,32.45,47.96,11.15,39.24,Off-Peak,0.08,26.1,10.9,0,0,0,0,1
2026-09-05 17:45:00,133.18,33.295,33.69,45.58,12.95,40.97,Off-Peak,0.08,26.0,9.7,0,0,0,0,1
2026-09-05 18:00:00,136.15,34.038,34.07,46.28,12.11,43.69,Off-Peak,0.08,25.2,13.2,0,0,0,0,1
2026-09-05 18:15:00,142.42,35.605,37.45,48.78,13.56,42.63,Off-Peak,0.08,25.0,10.2,0,0,0,0,1
2026-09-05 18:30:00,125.63,31.407,35.59,36.35,12.38,41.32,Off-Peak,0.08,25.2,8.5,0,0,0,0,1
2026-09-05 18:45:00,123.83,30.957,35.83,39.67,12.36,35.97,Off-Peak,0.08,22.7,10.1,0,0,0,0,1
2026-09-05 19:00:00,127.87,31.968,35.0,41.36,11.45,40.06,Off-Peak,0.08,23.2,13.1,0,0,0,0,1
2026-09-05 19:15:00,126.74,31.685,38.62,35.74,11.06,41.32,Off-Peak,0.08,21.5,12.5,0,0,0,0,1
2026-09-05 19:30:00,120.67,30.168,32.54,39.17,10.97,37.99,Off-Peak,0.08,24.1,10.0,0,0,0,0,1
2026-09-05 19:45:00,121.69,30.422,33.44,40.3,12.22,35.73,Off-Peak,0.08,22.2,7.2,0,0,0,0,1
2026-09-05 20:00:00,132.86,33.215,36.44,43.12,11.46,41.84,Off-Peak,0.08,22.3,8.9,0,0,0,0,1
2026-09-05 20:15:00,123.57,30.892,33.4,41.41,11.81,36.95,Off-Peak,0.08,20.9,14.0,0,0,0,0,1
2026-09-05 20:30:00,115.32,28.83,31.6,28.47,11.12,44.13,Off-Peak,0.08,21.8,8.2,0,0,0,0,1
2026-09-05 20:45:00,120.21,30.052,34.25,38.14,10.67,37.15,Off-Peak,0.08,21.6,7.8,0,0,0,0,1
2026-09-05 21:00:00,115.39,28.848,35.55,34.66,12.1,33.09,Off-Peak,0.08,21.0,11.5,0,0,0,0,1
2026-09-05 21:15:00,130.57,32.642,32.31,46.47,10.2,41.59,Off-Peak,0.08,20.4,10.8,0,0,0,0,1
2026-09-05 21:30:00,114.33,28.582,34.92,33.45,9.15,36.8,Off-Peak,0.08,19.8,6.3,0,0,0,0,1
2026-09-05 21:45:00,124.9,31.225,35.13,40.37,10.99,38.41,Off-Peak,0.08,18.4,11.9,0,0,0,0,1
2026-09-05 22:00:00,124.57,31.142,33.81,40.3,11.43,39.03,Off-Peak,0.08,17.8,6.3,0,0,0,0,1
2026-09-05 22:15:00,127.84,31.96,32.33,42.25,12.27,40.99,Off-Peak,0.08,18.7,8.5,0,0,0,0,1
2026-09-05 22:30:00,133.58,33.395,35.06,49.57,10.72,38.24,Off-Peak,0.08,18.2,11.4,0,0,0,0,1
2026-09-05 22:45:00,127.55,31.887,36.52,40.68,13.37,36.98,Off-Peak,0.08,18.2,10.4,0,0,0,0,1
2026-09-05 23:00:00,125.24,31.31,32.58,42.52,11.96,38.18,Off-Peak,0.08,18.1,13.5,0,0,0,0,1
2026-09-05 23:15:00,133.91,33.477,36.42,43.26,11.79,42.45,Off-Peak,0.08,15.2,7.0,0,0,0,0,1
2026-09-05 23:30:00,129.83,32.458,33.56,41.76,12.49,42.02,Off-Peak,0.08,17.2,10.5,0,0,0,0,1
2026-09-05 23:45:00,118.5,29.625,33.98,32.41,12.75,39.36,Off-Peak,0.08,16.9,5.9,0,0,0,0,1
2026-09-06 00:00:00,126.15,31.538,37.8,35.22,12.77,40.35,Off-Peak,0.08,16.3,5.6,0,0,0,0,1
2026-09-06 00:15:00,127.11,31.777,33.72,45.18,12.01,36.19,Off-Peak,0.08,15.6,9.2,0,0,0,0,1
2026-09-06 00:30:00,125.91,31.477,36.8,37.58,11.46,40.07,Off-Peak,0.08,15.2,10.4,0,0,0,0,1
2026-09-06 00:45:00,131.83,32.958,36.01,38.14,11.68,46.0,Off-Peak,0.08,16.1,5.9,0,0,0,0,1
2026-09-06 01:00:00,124.34,31.085,36.44,35.28,10.15,42.46,Off-Peak,0.08,15.1,12.3,0,0,0,0,1
2026-09-06 01:15:00,130.13,32.532,37.05,35.92,11.23,45.92,Off-Peak,0.08,14.3,5.0,0,0,0,0,1
2026-09-06 01:30:00,120.75,30.188,34.08,39.04,11.11,36.52,Off-Peak,0.08,13.7,6.2,0,0,0,0,1
2026-09-06 01:45:00,130.71,32.678,36.17,39.45,12.29,42.8,Off-Peak,0.08,16.2,10.8,0,0,0,0,1
2026-09-06 02:00:00,136.73,34.182,36.39,46.18,13.95,40.21,Off-Peak,0.08,14.2,10.8,0,0,0,0,1
2026-09-06 02:15:00,128.28,32.07,38.1,37.1,11.76,41.32,Off-Peak,0.08,15.9,5.0,0,0,0,0,1
2026-09-06 02:30:00,132.99,33.248,38.18,38.46,10.91,45.44,Off-Peak,0.08,14.9,10.6,0,0,0,0,1
2026-09-06 02:45:00,121.13,30.282,36.73,34.71,12.65,37.05,Off-Peak,0.08,15.6,15.8,0,0,0,0,1
2026-09-06 03:00:00,123.43,30.858,31.76,36.75,14.21,40.72,Off-Peak,0.08,15.2,9.8,0,0,0,0,1
2026-09-06 03:15:00,125.63,31.407,34.21,39.63,12.99,38.8,Off-Peak,0.08,15.2,15.4,0,0,0,0,1
2026-09-06 03:30:00,119.67,29.918,33.13,36.22,12.16,38.17,Off-Peak,0.08,14.9,5.0,0,0,0,0,1
2026-09-06 03:45:00,133.73,33.432,37.8,40.88,12.81,42.24,Off-Peak,0.08,17.4,6.8,0,0,0,0,1
2026-09-06 04:00:00,127.55,31.887,34.48,35.47,12.46,45.15,Off-Peak,0.08,14.2,10.0,0,0,0,0,1
2026-09-06 04:15:00,122.65,30.663,32.51,40.29,11.67,38.18,Off-Peak,0.08,14.0,8.4,0,0,0,0,1
2026-09-06 04:30:00,129.22,32.305,40.32,37.04,10.18,41.68,Off-Peak,0.08,17.0,14.9,0,0,0,0,1
2026-09-06 04:45:00,129.05,32.263,38.21,39.1,11.39,40.35,Off-Peak,0.08,18.0,12.4,0,0,0,0,1
2026-09-06 05:00:00,134.38,33.595,36.94,44.19,12.51,40.74,Off-Peak,0.08,16.8,12.0,0,0,0,0,1
2026-09-06 05:15:00,127.58,31.895,35.42,40.21,12.21,39.74,Off-Peak,0.08,18.0,5.0,0,0,0,0,1
2026-09-06 05:30:00,129.21,32.303,37.26,41.89,12.15,37.91,Off-Peak,0.08,18.1,8.3,0,0,0,0,1
2026-09-06 05:45:00,127.55,31.887,33.49,39.77,12.63,41.65,Off-Peak,0.08,18.8,10.6,0,0,0,0,1
2026-09-06 06:00:00,132.98,33.245,37.05,44.95,12.74,38.24,Off-Peak,0.08,18.9,10.3,0,0,0,0,1
2026-09-06 06:15:00,133.8,33.45,38.91,41.13,14.13,39.64,Off-Peak,0.08,18.1,8.4,0,0,0,0,1
2026-09-06 06:30:00,124.08,31.02,34.82,36.91,10.85,41.5,Off-Peak,0.08,19.1,9.8,0,0,0,0,1
2026-09-06 06:45:00,127.33,31.832,34.13,38.59,11.23,43.38,Off-Peak,0.08,20.6,17.3,0,0,0,0,1
2026-09-06 07:00:00,131.66,32.915,33.2,43.81,12.38,42.28,Off-Peak,0.08,20.8,7.4,0,0,0,0,1
2026-09-06 07:15:00,128.82,32.205,33.25,42.75,14.11,38.71,Off-Peak,0.08,19.9,5.0,0,0,0,0,1
2026-09-06 07:30:00,118.66,29.665,32.21,40.86,12.86,32.72,Off-Peak,0.08,22.9,12.5,0,0,0,0,1
2026-09-06 07:45:00,126.68,31.67,35.8,39.75,11.83,39.31,Off-Peak,0.08,22.1,13.5,0,0,0,0,1
2026-09-06 08:00:00,123.46,30.865,34.17,40.45,11.44,37.39,Off-Peak,0.08,21.1,7.9,0,0,0,0,1
2026-09-06 08:15:00,127.68,31.92,33.92,42.03,11.55,40.19,Off-Peak,0.08,23.1,11.1,0,0,0,0,1
2026-09-06 08:30:00,121.88,30.47,32.66,39.42,10.64,39.17,Off-Peak,0.08,23.7,8.2,0,0,0,0,1
2026-09-06 08:45:00,129.16,32.29,36.06,39.27,13.18,40.65,Off-Peak,0.08,23.1,5.0,0,0,0,0,1
2026-09-06 09:00:00,128.88,32.22,34.74,40.0,10.43,43.72,Off-Peak,0.08,24.4,13.6,0,0,0,0,1
2026-09-06 09:15:00,122.06,30.515,36.48,31.28,11.57,42.72,Off-Peak,0.08,24.1,7.0,0,0,0,0,1
2026-09-06 09:30:00,118.47,29.617,34.17,31.96,12.72,39.63,Off-Peak,0.08,24.3,7.8,0,0,0,0,1
2026-09-06 09:45:00,125.5,31.375,35.03,42.61,11.95,35.92,Off-Peak,0.08,24.9,9.2,0,0,0,0,1
2026-09-06 10:00:00,135.08,33.77,35.41,44.3,12.03,43.33,Off-Peak,0.08,26.0,11.5,0,0,0,0,1
2026-09-06 10:15:00,121.73,30.433,33.5,39.48,13.24,35.51,Off-Peak,0.08,27.0,11.7,0,0,0,0,1
2026-09-06 10:30:00,127.0,31.75,33.27,43.49,12.38,37.87,Off-Peak,0.08,25.9,9.0,0,0,0,0,1
2026-09-06 10:45:00,125.62,31.405,33.22,37.15,12.44,42.82,Off-Peak,0.08,27.1,9.5,0,0,0,0,1
2026-09-06 11:00:00,127.98,31.995,38.16,34.96,12.36,42.49,Off-Peak,0.08,26.6,11.6,0,0,0,0,1
2026-09-06 11:15:00,135.47,33.867,39.4,41.37,11.77,42.93,Off-Peak,0.08,27.2,13.7,0,0,0,0,1
2026-09-06 11:30:00,125.23,31.308,34.99,38.42,12.4,39.42,Off-Peak,0.08,28.2,5.0,0,0,0,0,1
2026-09-06 11:45:00,130.05,32.513,36.47,46.62,11.15,35.81,Off-Peak,0.08,27.8,7.4,0,0,0,0,1
2026-09-06 12:00:00,117.44,29.36,37.34,35.08,11.46,33.56,Off-Peak,0.08,28.1,9.9,0,0,0,0,1
2026-09-06 12:15:00,120.8,30.2,34.07,34.71,10.77,41.24,Off-Peak,0.08,29.4,10.8,0,0,0,0,1
2026-09-06 12:30:00,129.88,32.47,39.09,38.61,11.04,41.15,Off-Peak,0.08,27.6,10.3,0,0,0,0,1
2026-09-06 12:45:00,126.98,31.745,37.81,39.34,11.1,38.72,Off-Peak,0.08,27.6,15.2,0,0,0,0,1
2026-09-06 13:00:00,127.8,31.95,37.08,35.85,13.01,41.85,Off-Peak,0.08,28.5,11.2,0,0,0,0,1
2026-09-06 13:15:00,120.65,30.163,35.23,35.76,13.02,36.63,Off-Peak,0.08,28.5,6.7,0,0,0,0,1
2026-09-06 13:30:00,122.97,30.742,33.88,39.59,13.08,36.42,Off-Peak,0.08,29.4,9.8,0,0,0,0,1
2026-09-06 13:45:00,119.25,29.812,34.92,37.26,10.23,36.83,Off-Peak,0.08,28.7,7.7,0,0,0,0,1
2026-09-06 14:00:00,124.95,31.238,35.42,38.87,11.95,38.71,Off-Peak,0.08,30.3,10.7,0,0,0,0,1
2026-09-06 14:15:00,124.46,31.115,32.66,41.01,9.54,41.24,Off-Peak,0.08,29.4,10.3,0,0,0,0,1
2026-09-06 14:30:00,129.71,32.428,32.61,40.01,12.58,44.51,Off-Peak,0.08,27.8,9.7,0,0,0,0,1
2026-09-06 14:45:00,125.51,31.378,35.26,38.2,12.76,39.29,Off-Peak,0.08,27.6,12.9,0,0,0,0,1
2026-09-06 15:00:00,130.89,32.722,33.73,43.77,13.49,39.89,Off-Peak,0.08,29.3,7.0,0,0,0,0,1
2026-09-06 15:15:00,125.04,31.26,35.06,39.07,12.34,38.57,Off-Peak,0.08,26.4,9.4,0,0,0,0,1
2026-09-06 15:30:00,132.02,33.005,37.47,46.2,11.09,37.26,Off-Peak,0.08,29.1,6.5,0,0,0,0,1
2026-09-06 15:45:00,137.1,34.275,34.01,44.41,12.74,45.94,Off-Peak,0.08,28.6,6.4,0,0,0,0,1
2026-09-06 16:00:00,126.29,31.573,35.1,39.4,11.86,39.93,Off-Peak,0.08,28.2,8.2,0,0,0,0,1
2026-09-06 16:15:00,114.42,28.605,32.18,37.13,11.88,33.22,Off-Peak,0.08,27.1,10.8,0,0,0,0,1
2026-09-06 16:30:00,124.32,31.08,36.34,34.83,11.6,41.56,Off-Peak,0.08,28.2,5.0,0,0,0,0,1
2026-09-06 16:45:00,126.83,31.707,31.03,43.81,11.77,40.21,Off-Peak,0.08,29.0,10.3,0,0,0,0,1
2026-09-06 17:00:00,128.78,32.195,35.01,38.36,13.22,42.18,Off-Peak,0.08,27.4,5.0,0,0,0,0,1
2026-09-06 17:15:00,124.87,31.218,35.9,33.81,12.06,43.1,Off-Peak,0.08,25.3,13.8,0,0,0,0,1
2026-09-06 17:30:00,124.0,31.0,31.97,36.84,11.06,44.13,Off-Peak,0.08,25.3,14.1,0,0,0,0,1
2026-09-06 17:45:00,130.39,32.597,35.89,42.64,12.67,39.19,Off-Peak,0.08,25.5,6.5,0,0,0,0,1
2026-09-06 18:00:00,138.39,34.597,38.35,44.58,13.08,42.38,Off-Peak,0.08,25.7,8.0,0,0,0,0,1
2026-09-06 18:15:00,132.41,33.102,36.27,40.46,13.26,42.42,Off-Peak,0.08,25.5,6.3,0,0,0,0,1
2026-09-06 18:30:00,123.6,30.9,34.82,37.77,12.25,38.75,Off-Peak,0.08,25.1,5.0,0,0,0,0,1
2026-09-06 18:45:00,122.61,30.652,34.14,40.49,10.48,37.5,Off-Peak,0.08,24.0,11.4,0,0,0,0,1
2026-09-06 19:00:00,142.12,35.53,37.49,43.9,11.73,49.0,Off-Peak,0.08,24.3,6.3,0,0,0,0,1
2026-09-06 19:15:00,124.77,31.192,36.49,40.26,11.22,36.79,Off-Peak,0.08,24.4,7.2,0,0,0,0,1
2026-09-06 19:30:00,121.98,30.495,34.8,36.32,11.25,39.62,Off-Peak,0.08,23.7,8.2,0,0,0,0,1
2026-09-06 19:45:00,134.28,33.57,35.03,37.02,13.4,48.83,Off-Peak,0.08,22.8,5.0,0,0,0,0,1
2026-09-06 20:00:00,133.38,33.345,35.23,39.18,13.97,45.0,Off-Peak,0.08,21.7,5.0,0,0,0,0,1
2026-09-06 20:15:00,124.98,31.245,36.36,41.06,12.24,35.33,Off-Peak,0.08,22.2,8.2,0,0,0,0,1
2026-09-06 20:30:00,124.56,31.14,34.8,37.6,11.21,40.95,Off-Peak,0.08,21.9,10.3,0,0,0,0,1
2026-09-06 20:45:00,115.9,28.975,32.89,31.77,13.82,37.43,Off-Peak,0.08,19.2,12.4,0,0,0,0,1
2026-09-06 21:00:00,120.97,30.242,38.71,33.87,11.04,37.35,Off-Peak,0.08,19.6,13.4,0,0,0,0,1
2026-09-06 21:15:00,130.8,32.7,32.84,45.66,11.29,41.01,Off-Peak,0.08,20.5,14.9,0,0,0,0,1
2026-09-06 21:30:00,122.88,30.72,34.78,38.74,12.38,36.98,Off-Peak,0.08,18.3,9.6,0,0,0,0,1
2026-09-06 21:45:00,132.37,33.093,37.68,39.91,12.5,42.27,Off-Peak,0.08,18.2,11.3,0,0,0,0,1
2026-09-06 22:00:00,126.14,31.535,33.45,37.24,13.93,41.52,Off-Peak,0.08,19.2,7.1,0,0,0,0,1
2026-09-06 22:15:00,134.76,33.69,32.36,47.75,12.48,42.17,Off-Peak,0.08,18.5,11.1,0,0,0,0,1
2026-09-06 22:30:00,116.25,29.062,34.29,34.71,11.05,36.21,Off-Peak,0.08,16.3,12.3,0,0,0,0,1
2026-09-06 22:45:00,128.85,32.212,34.23,41.34,13.68,39.61,Off-Peak,0.08,16.4,10.2,0,0,0,0,1
2026-09-06 23:00:00,131.93,32.983,37.39,39.66,13.53,41.36,Off-Peak,0.08,15.3,9.3,0,0,0,0,1
2026-09-06 23:15:00,136.46,34.115,35.59,44.32,13.82,42.72,Off-Peak,0.08,15.3,10.3,0,0,0,0,1
2026-09-06 23:30:00,121.95,30.488,34.66,34.15,12.04,41.1,Off-Peak,0.08,16.8,12.0,0,0,0,0,1
2026-09-06 23:45:00,123.96,30.99,37.01,34.51,13.37,39.08,Off-Peak,0.08,15.2,14.0,0,0,0,0,1
