timestamp,total_kw,total_kwh,tariff_period,tariff_rate,ambient_temp_c
2026-08-01 00:00:00,198.39,49.597,Off-Peak,0.08,16.3
2026-08-01 00:15:00,188.98,47.245,Off-Peak,0.08,17.0
2026-08-01 00:30:00,180.93,45.233,Off-Peak,0.08,15.7
2026-08-01 00:45:00,189.13,47.282,Off-Peak,0.08,14.6
2026-08-01 01:00:00,186.35,46.587,Off-Peak,0.08,14.8
2026-08-01 01:15:00,182.65,45.663,Off-Peak,0.08,14.7
2026-08-01 01:30:00,188.99,47.248,Off-Peak,0.08,15.2
2026-08-01 01:45:00,184.22,46.055,Off-Peak,0.08,14.9
2026-08-01 02:00:00,189.53,47.383,Off-Peak,0.08,15.3
2026-08-01 02:15:00,189.53,47.383,Off-Peak,0.08,15.8
2026-08-01 02:30:00,186.39,46.597,Off-Peak,0.08,14.7
2026-08-01 02:45:00,193.2,48.3,Off-Peak,0.08,15.1
2026-08-01 03:00:00,185.53,46.383,Off-Peak,0.08,15.2
2026-08-01 03:15:00,192.53,48.133,Off-Peak,0.08,15.4
2026-08-01 03:30:00,194.87,48.718,Off-Peak,0.08,14.9
2026-08-01 03:45:00,181.08,45.27,Off-Peak,0.08,15.8
2026-08-01 04:00:00,184.75,46.188,Off-Peak,0.08,16.2
2026-08-01 04:15:00,195.83,48.958,Off-Peak,0.08,15.9
2026-08-01 04:30:00,191.62,47.905,Off-Peak,0.08,16.7
2026-08-01 04:45:00,188.59,47.148,Off-Peak,0.08,16.6
2026-08-01 05:00:00,194.94,48.735,Off-Peak,0.08,17.7
2026-08-01 05:15:00,184.89,46.222,Off-Peak,0.08,16.6
2026-08-01 05:30:00,192.46,48.115,Off-Peak,0.08,16.9
2026-08-01 05:45:00,194.56,48.64,Off-Peak,0.08,18.8
2026-08-01 06:00:00,202.14,50.535,Off-Peak,0.08,18.7
2026-08-01 06:15:00,207.86,51.965,Off-Peak,0.08,19.1
2026-08-01 06:30:00,209.15,52.288,Off-Peak,0.08,20.8
2026-08-01 06:45:00,223.11,55.778,Off-Peak,0.08,20.7
2026-08-01 07:00:00,204.04,51.01,Off-Peak,0.08,20.0
2026-08-01 07:15:00,224.67,56.167,Off-Peak,0.08,20.9
2026-08-01 07:30:00,210.67,52.667,Off-Peak,0.08,21.6
2026-08-01 07:45:00,201.12,50.28,Off-Peak,0.08,21.9
2026-08-01 08:00:00,210.26,52.565,Off-Peak,0.08,22.2
2026-08-01 08:15:00,220.29,55.072,Off-Peak,0.08,22.5
2026-08-01 08:30:00,227.22,56.805,Off-Peak,0.08,21.8
2026-08-01 08:45:00,217.45,54.362,Off-Peak,0.08,23.8
2026-08-01 09:00:00,210.3,52.575,Off-Peak,0.08,23.2
2026-08-01 09:15:00,210.99,52.748,Off-Peak,0.08,24.8
2026-08-01 09:30:00,207.07,51.767,Off-Peak,0.08,24.1
2026-08-01 09:45:00,205.43,51.358,Off-Peak,0.08,26.8
2026-08-01 10:00:00,211.24,52.81,Off-Peak,0.08,24.9
2026-08-01 10:15:00,216.29,54.072,Off-Peak,0.08,25.5
2026-08-01 10:30:00,204.7,51.175,Off-Peak,0.08,28.0
2026-08-01 10:45:00,194.12,48.53,Off-Peak,0.08,27.0
2026-08-01 11:00:00,206.82,51.705,Off-Peak,0.08,26.7
2026-08-01 11:15:00,211.98,52.995,Off-Peak,0.08,28.4
2026-08-01 11:30:00,210.61,52.653,Off-Peak,0.08,27.7
2026-08-01 11:45:00,207.95,51.987,Off-Peak,0.08,29.1
2026-08-01 12:00:00,207.69,51.922,Off-Peak,0.08,28.3
2026-08-01 12:15:00,218.56,54.64,Off-Peak,0.08,28.6
2026-08-01 12:30:00,215.58,53.895,Off-Peak,0.08,27.8
2026-08-01 12:45:00,213.27,53.318,Off-Peak,0.08,29.7
2026-08-01 13:00:00,215.14,53.785,Off-Peak,0.08,29.4
2026-08-01 13:15:00,217.09,54.273,Off-Peak,0.08,29.1
2026-08-01 13:30:00,221.19,55.297,Off-Peak,0.08,28.1
2026-08-01 13:45:00,209.33,52.333,Off-Peak,0.08,29.0
2026-08-01 14:00:00,206.68,51.67,Off-Peak,0.08,28.3
2026-08-01 14:15:00,201.18,50.295,Off-Peak,0.08,29.2
2026-08-01 14:30:00,220.4,55.1,Off-Peak,0.08,28.4
2026-08-01 14:45:00,206.99,51.748,Off-Peak,0.08,28.9
2026-08-01 15:00:00,212.55,53.138,Off-Peak,0.08,29.2
2026-08-01 15:15:00,208.0,52.0,Off-Peak,0.08,28.8
2026-08-01 15:30:00,215.79,53.947,Off-Peak,0.08,29.6
2026-08-01 15:45:00,196.53,49.133,Off-Peak,0.08,30.0
2026-08-01 16:00:00,221.53,55.383,Off-Peak,0.08,27.5
2026-08-01 16:15:00,217.33,54.333,Off-Peak,0.08,27.1
2026-08-01 16:30:00,209.26,52.315,Off-Peak,0.08,26.2
2026-08-01 16:45:00,208.13,52.032,Off-Peak,0.08,27.3
2026-08-01 17:00:00,205.74,51.435,Off-Peak,0.08,27.0
2026-08-01 17:15:00,218.97,54.742,Off-Peak,0.08,26.9
2026-08-01 17:30:00,220.15,55.038,Off-Peak,0.08,27.9
2026-08-01 17:45:00,194.71,48.678,Off-Peak,0.08,25.1
2026-08-01 18:00:00,215.62,53.905,Off-Peak,0.08,25.3
2026-08-01 18:15:00,204.52,51.13,Off-Peak,0.08,23.7
2026-08-01 18:30:00,201.68,50.42,Off-Peak,0.08,23.6
2026-08-01 18:45:00,205.59,51.398,Off-Peak,0.08,24.2
2026-08-01 19:00:00,208.35,52.087,Off-Peak,0.08,23.7
2026-08-01 19:15:00,212.67,53.167,Off-Peak,0.08,22.8
2026-08-01 19:30:00,197.22,49.305,Off-Peak,0.08,22.5
2026-08-01 19:45:00,225.88,56.47,Off-Peak,0.08,23.8
2026-08-01 20:00:00,199.66,49.915,Off-Peak,0.08,21.9
2026-08-01 20:15:00,223.89,55.972,Off-Peak,0.08,21.0
2026-08-01 20:30:00,213.58,53.395,Off-Peak,0.08,21.1
2026-08-01 20:45:00,219.82,54.955,Off-Peak,0.08,19.9
2026-08-01 21:00:00,201.56,50.39,Off-Peak,0.08,19.7
2026-08-01 21:15:00,205.28,51.32,Off-Peak,0.08,20.0
2026-08-01 21:30:00,210.68,52.67,Off-Peak,0.08,19.7
2026-08-01 21:45:00,193.95,48.487,Off-Peak,0.08,18.4
2026-08-01 22:00:00,179.84,44.96,Off-Peak,0.08,18.7
2026-08-01 22:15:00,185.78,46.445,Off-Peak,0.08,17.6
2026-08-01 22:30:00,191.46,47.865,Off-Peak,0.08,18.4
2026-08-01 22:45:00,187.8,46.95,Off-Peak,0.08,17.8
2026-08-01 23:00:00,186.68,46.67,Off-Peak,0.08,18.0
2026-08-01 23:15:00,202.01,50.502,Off-Peak,0.08,17.1
2026-08-01 23:30:00,174.05,43.513,Off-Peak,0.08,17.4
2026-08-01 23:45:00,184.91,46.227,Off-Peak,0.08,16.2
2026-08-02 00:00:00,190.71,47.678,Off-Peak,0.08,16.1
2026-08-02 00:15:00,188.32,47.08,Off-Peak,0.08,16.2
2026-08-02 00:30:00,189.79,47.447,Off-Peak,0.08,16.2
2026-08-02 00:45:00,184.54,46.135,Off-Peak,0.08,16.2
2026-08-02 01:00:00,205.84,51.46,Off-Peak,0.08,15.8
2026-08-02 01:15:00,193.29,48.322,Off-Peak,0.08,14.5
2026-08-02 01:30:00,200.38,50.095,Off-Peak,0.08,15.3
2026-08-02 01:45:00,197.79,49.447,Off-Peak,0.08,15.4
2026-08-02 02:00:00,189.8,47.45,Off-Peak,0.08,16.3
2026-08-02 02:15:00,180.4,45.1,Off-Peak,0.08,13.7
2026-08-02 02:30:00,183.99,45.998,Off-Peak,0.08,15.7
2026-08-02 02:45:00,182.34,45.585,Off-Peak,0.08,14.9
2026-08-02 03:00:00,197.32,49.33,Off-Peak,0.08,15.1
2026-08-02 03:15:00,189.88,47.47,Off-Peak,0.08,17.4
2026-08-02 03:30:00,186.08,46.52,Off-Peak,0.08,15.1
2026-08-02 03:45:00,183.78,45.945,Off-Peak,0.08,15.5
2026-08-02 04:00:00,184.92,46.23,Off-Peak,0.08,15.7
2026-08-02 04:15:00,186.94,46.735,Off-Peak,0.08,16.9
2026-08-02 04:30:00,190.16,47.54,Off-Peak,0.08,15.5
2026-08-02 04:45:00,190.09,47.523,Off-Peak,0.08,16.4
2026-08-02 05:00:00,193.95,48.487,Off-Peak,0.08,17.3
2026-08-02 05:15:00,191.06,47.765,Off-Peak,0.08,16.8
2026-08-02 05:30:00,190.26,47.565,Off-Peak,0.08,16.1
2026-08-02 05:45:00,190.2,47.55,Off-Peak,0.08,18.1
2026-08-02 06:00:00,209.63,52.407,Off-Peak,0.08,18.7
2026-08-02 06:15:00,202.14,50.535,Off-Peak,0.08,18.9
2026-08-02 06:30:00,219.17,54.792,Off-Peak,0.08,19.6
2026-08-02 06:45:00,196.28,49.07,Off-Peak,0.08,21.1
2026-08-02 07:00:00,200.73,50.182,Off-Peak,0.08,20.6
2026-08-02 07:15:00,217.39,54.347,Off-Peak,0.08,19.9
2026-08-02 07:30:00,209.57,52.392,Off-Peak,0.08,21.5
2026-08-02 07:45:00,215.14,53.785,Off-Peak,0.08,23.6
2026-08-02 08:00:00,214.13,53.532,Off-Peak,0.08,21.5
2026-08-02 08:15:00,208.22,52.055,Off-Peak,0.08,23.0
2026-08-02 08:30:00,219.12,54.78,Off-Peak,0.08,23.1
2026-08-02 08:45:00,203.4,50.85,Off-Peak,0.08,24.0
2026-08-02 09:00:00,213.95,53.487,Off-Peak,0.08,24.0
2026-08-02 09:15:00,209.14,52.285,Off-Peak,0.08,24.3
2026-08-02 09:30:00,209.36,52.34,Off-Peak,0.08,24.3
2026-08-02 09:45:00,213.96,53.49,Off-Peak,0.08,24.9
2026-08-02 10:00:00,218.25,54.562,Off-Peak,0.08,25.7
2026-08-02 10:15:00,219.1,54.775,Off-Peak,0.08,27.7
2026-08-02 10:30:00,196.06,49.015,Off-Peak,0.08,25.9
2026-08-02 10:45:00,211.97,52.992,Off-Peak,0.08,26.6
2026-08-02 11:00:00,210.52,52.63,Off-Peak,0.08,26.9
2026-08-02 11:15:00,201.9,50.475,Off-Peak,0.08,27.5
2026-08-02 11:30:00,210.32,52.58,Off-Peak,0.08,27.0
2026-08-02 11:45:00,213.06,53.265,Off-Peak,0.08,27.4
2026-08-02 12:00:00,220.54,55.135,Off-Peak,0.08,27.6
2026-08-02 12:15:00,207.49,51.873,Off-Peak,0.08,28.1
2026-08-02 12:30:00,221.88,55.47,Off-Peak,0.08,28.1
2026-08-02 12:45:00,221.95,55.487,Off-Peak,0.08,28.2
2026-08-02 13:00:00,221.71,55.428,Off-Peak,0.08,29.2
2026-08-02 13:15:00,211.4,52.85,Off-Peak,0.08,30.0
2026-08-02 13:30:00,217.19,54.297,Off-Peak,0.08,29.2
2026-08-02 13:45:00,222.49,55.623,Off-Peak,0.08,27.9
2026-08-02 14:00:00,213.49,53.373,Off-Peak,0.08,29.2
2026-08-02 14:15:00,206.39,51.597,Off-Peak,0.08,28.6
2026-08-02 14:30:00,214.71,53.678,Off-Peak,0.08,29.9
2026-08-02 14:45:00,194.48,48.62,Off-Peak,0.08,28.4
2026-08-02 15:00:00,206.69,51.672,Off-Peak,0.08,27.9
2026-08-02 15:15:00,203.54,50.885,Off-Peak,0.08,29.1
2026-08-02 15:30:00,211.61,52.903,Off-Peak,0.08,28.4
2026-08-02 15:45:00,216.36,54.09,Off-Peak,0.08,28.2
2026-08-02 16:00:00,218.19,54.547,Off-Peak,0.08,28.6
2026-08-02 16:15:00,201.07,50.267,Off-Peak,0.08,27.3
2026-08-02 16:30:00,190.59,47.648,Off-Peak,0.08,28.2
2026-08-02 16:45:00,211.44,52.86,Off-Peak,0.08,26.0
2026-08-02 17:00:00,218.31,54.578,Off-Peak,0.08,26.9
2026-08-02 17:15:00,202.0,50.5,Off-Peak,0.08,26.8
2026-08-02 17:30:00,218.12,54.53,Off-Peak,0.08,27.7
2026-08-02 17:45:00,218.65,54.663,Off-Peak,0.08,25.9
2026-08-02 18:00:00,219.1,54.775,Off-Peak,0.08,26.3
2026-08-02 18:15:00,205.94,51.485,Off-Peak,0.08,26.5
2026-08-02 18:30:00,227.13,56.782,Off-Peak,0.08,25.1
2026-08-02 18:45:00,200.95,50.237,Off-Peak,0.08,24.3
2026-08-02 19:00:00,208.35,52.087,Off-Peak,0.08,24.1
2026-08-02 19:15:00,215.88,53.97,Off-Peak,0.08,23.5
2026-08-02 19:30:00,212.64,53.16,Off-Peak,0.08,22.8
2026-08-02 19:45:00,209.12,52.28,Off-Peak,0.08,22.0
2026-08-02 20:00:00,203.55,50.888,Off-Peak,0.08,22.0
2026-08-02 20:15:00,202.91,50.727,Off-Peak,0.08,22.5
2026-08-02 20:30:00,208.63,52.157,Off-Peak,0.08,20.7
2026-08-02 20:45:00,210.24,52.56,Off-Peak,0.08,21.4
2026-08-02 21:00:00,221.85,55.462,Off-Peak,0.08,19.9
2026-08-02 21:15:00,207.91,51.977,Off-Peak,0.08,20.6
2026-08-02 21:30:00,206.04,51.51,Off-Peak,0.08,19.9
2026-08-02 21:45:00,204.36,51.09,Off-Peak,0.08,19.6
2026-08-02 22:00:00,191.07,47.767,Off-Peak,0.08,19.4
2026-08-02 22:15:00,196.48,49.12,Off-Peak,0.08,18.0
2026-08-02 22:30:00,201.63,50.407,Off-Peak,0.08,19.7
2026-08-02 22:45:00,187.51,46.877,Off-Peak,0.08,17.9
2026-08-02 23:00:00,197.66,49.415,Off-Peak,0.08,17.0
2026-08-02 23:15:00,190.73,47.682,Off-Peak,0.08,16.5
2026-08-02 23:30:00,189.88,47.47,Off-Peak,0.08,16.2
2026-08-02 23:45:00,182.11,45.528,Off-Peak,0.08,15.3
2026-08-03 00:00:00,205.36,51.34,Off-Peak,0.08,15.4
2026-08-03 00:15:00,186.24,46.56,Off-Peak,0.08,16.5
2026-08-03 00:30:00,200.72,50.18,Off-Peak,0.08,16.4
2026-08-03 00:45:00,187.65,46.913,Off-Peak,0.08,16.0
2026-08-03 01:00:00,186.05,46.513,Off-Peak,0.08,13.9
2026-08-03 01:15:00,189.1,47.275,Off-Peak,0.08,15.9
2026-08-03 01:30:00,183.4,45.85,Off-Peak,0.08,15.5
2026-08-03 01:45:00,197.24,49.31,Off-Peak,0.08,13.7
2026-08-03 02:00:00,193.3,48.325,Off-Peak,0.08,15.1
2026-08-03 02:15:00,189.97,47.492,Off-Peak,0.08,14.5
2026-08-03 02:30:00,194.84,48.71,Off-Peak,0.08,14.5
2026-08-03 02:45:00,190.5,47.625,Off-Peak,0.08,14.5
2026-08-03 03:00:00,197.96,49.49,Off-Peak,0.08,15.1
2026-08-03 03:15:00,205.94,51.485,Off-Peak,0.08,14.9
2026-08-03 03:30:00,198.48,49.62,Off-Peak,0.08,16.9
2026-08-03 03:45:00,179.69,44.922,Off-Peak,0.08,15.3
2026-08-03 04:00:00,192.29,48.072,Off-Peak,0.08,16.1
2026-08-03 04:15:00,195.54,48.885,Off-Peak,0.08,17.2
2026-08-03 04:30:00,183.11,45.778,Off-Peak,0.08,16.9
2026-08-03 04:45:00,197.98,49.495,Off-Peak,0.08,16.6
2026-08-03 05:00:00,200.17,50.042,Off-Peak,0.08,16.2
2026-08-03 05:15:00,193.92,48.48,Off-Peak,0.08,17.5
2026-08-03 05:30:00,178.37,44.593,Off-Peak,0.08,17.1
2026-08-03 05:45:00,194.04,48.51,Off-Peak,0.08,18.4
2026-08-03 06:00:00,298.08,74.52,Off-Peak,0.08,19.2
2026-08-03 06:15:00,290.25,72.562,Off-Peak,0.08,18.8
2026-08-03 06:30:00,308.25,77.062,Off-Peak,0.08,20.2
2026-08-03 06:45:00,286.4,71.6,Off-Peak,0.08,19.8
2026-08-03 07:00:00,318.58,79.645,Off-Peak,0.08,20.2
2026-08-03 07:15:00,325.21,81.302,Off-Peak,0.08,19.9
2026-08-03 07:30:00,323.1,80.775,Off-Peak,0.08,20.9
2026-08-03 07:45:00,331.97,82.993,Off-Peak,0.08,21.2
2026-08-03 08:00:00,561.56,140.39,Normal,0.18,22.8
2026-08-03 08:15:00,526.96,131.74,Normal,0.18,22.9
2026-08-03 08:30:00,558.24,139.56,Normal,0.18,22.9
2026-08-03 08:45:00,583.4,145.85,Normal,0.18,23.0
2026-08-03 09:00:00,596.6,149.15,Normal,0.18,23.3
2026-08-03 09:15:00,604.76,151.19,Normal,0.18,24.8
2026-08-03 09:30:00,576.68,144.17,Normal,0.18,26.3
2026-08-03 09:45:00,592.75,148.188,Normal,0.18,24.3
2026-08-03 10:00:00,601.06,150.265,Normal,0.18,25.2
2026-08-03 10:15:00,601.99,150.498,Normal,0.18,25.9
2026-08-03 10:30:00,568.87,142.218,Normal,0.18,25.4
2026-08-03 10:45:00,593.81,148.452,Normal,0.18,27.3
2026-08-03 11:00:00,570.48,142.62,Normal,0.18,27.5
2026-08-03 11:15:00,626.84,156.71,Normal,0.18,28.3
2026-08-03 11:30:00,603.93,150.982,Normal,0.18,28.2
2026-08-03 11:45:00,600.66,150.165,Normal,0.18,27.4
2026-08-03 12:00:00,596.94,149.235,Normal,0.18,28.0
2026-08-03 12:15:00,599.42,149.855,Normal,0.18,28.9
2026-08-03 12:30:00,623.46,155.865,Normal,0.18,27.2
2026-08-03 12:45:00,615.8,153.95,Normal,0.18,30.3
2026-08-03 13:00:00,614.83,153.708,Normal,0.18,28.6
2026-08-03 13:15:00,593.06,148.265,Normal,0.18,28.3
2026-08-03 13:30:00,585.64,146.41,Normal,0.18,29.9
2026-08-03 13:45:00,565.84,141.46,Normal,0.18,28.6
2026-08-03 14:00:00,551.54,137.885,Normal,0.18,29.4
2026-08-03 14:15:00,598.57,149.643,Normal,0.18,28.5
2026-08-03 14:30:00,577.04,144.26,Normal,0.18,28.9
2026-08-03 14:45:00,582.09,145.523,Normal,0.18,30.1
2026-08-03 15:00:00,577.0,144.25,Normal,0.18,28.8
2026-08-03 15:15:00,598.71,149.678,Normal,0.18,29.0
2026-08-03 15:30:00,600.56,150.14,Normal,0.18,27.7
2026-08-03 15:45:00,588.68,147.17,Normal,0.18,27.4
2026-08-03 16:00:00,604.22,151.055,Normal,0.18,28.1
2026-08-03 16:15:00,583.85,145.963,Normal,0.18,27.9
2026-08-03 16:30:00,635.88,158.97,Normal,0.18,28.3
2026-08-03 16:45:00,587.86,146.965,Normal,0.18,27.4
2026-08-03 17:00:00,577.18,144.295,Normal,0.18,27.0
2026-08-03 17:15:00,586.18,146.545,Normal,0.18,26.3
2026-08-03 17:30:00,585.63,146.407,Normal,0.18,26.2
2026-08-03 17:45:00,594.66,148.665,Normal,0.18,26.8
2026-08-03 18:00:00,591.02,147.755,Peak,0.35,25.6
2026-08-03 18:15:00,569.2,142.3,Peak,0.35,26.1
2026-08-03 18:30:00,581.1,145.275,Peak,0.35,24.4
2026-08-03 18:45:00,570.95,142.738,Peak,0.35,24.6
2026-08-03 19:00:00,562.56,140.64,Peak,0.35,24.0
2026-08-03 19:15:00,569.33,142.333,Peak,0.35,22.6
2026-08-03 19:30:00,339.13,84.782,Peak,0.35,23.2
2026-08-03 19:45:00,321.54,80.385,Peak,0.35,23.3
2026-08-03 20:00:00,327.33,81.832,Peak,0.35,22.3
2026-08-03 20:15:00,326.17,81.543,Peak,0.35,22.1
2026-08-03 20:30:00,317.38,79.345,Peak,0.35,21.4
2026-08-03 20:45:00,318.11,79.528,Peak,0.35,21.3
2026-08-03 21:00:00,319.56,79.89,Peak,0.35,20.1
2026-08-03 21:15:00,317.26,79.315,Peak,0.35,20.5
2026-08-03 21:30:00,321.46,80.365,Peak,0.35,18.8
2026-08-03 21:45:00,323.2,80.8,Peak,0.35,20.2
2026-08-03 22:00:00,197.53,49.383,Off-Peak,0.08,18.3
2026-08-03 22:15:00,183.66,45.915,Off-Peak,0.08,18.1
2026-08-03 22:30:00,182.19,45.547,Off-Peak,0.08,17.2
2026-08-03 22:45:00,180.08,45.02,Off-Peak,0.08,16.2
2026-08-03 23:00:00,186.64,46.66,Off-Peak,0.08,17.3
2026-08-03 23:15:00,187.28,46.82,Off-Peak,0.08,16.9
2026-08-03 23:30:00,171.95,42.987,Off-Peak,0.08,18.0
2026-08-03 23:45:00,189.21,47.303,Off-Peak,0.08,16.4
2026-08-04 00:00:00,178.28,44.57,Off-Peak,0.08,17.2
2026-08-04 00:15:00,187.59,46.898,Off-Peak,0.08,15.6
2026-08-04 00:30:00,193.64,48.41,Off-Peak,0.08,15.7
2026-08-04 00:45:00,194.15,48.538,Off-Peak,0.08,15.9
2026-08-04 01:00:00,182.96,45.74,Off-Peak,0.08,14.3
2026-08-04 01:15:00,185.27,46.318,Off-Peak,0.08,14.7
2026-08-04 01:30:00,197.31,49.328,Off-Peak,0.08,15.8
2026-08-04 01:45:00,194.29,48.572,Off-Peak,0.08,15.8
2026-08-04 02:00:00,181.26,45.315,Off-Peak,0.08,14.9
2026-08-04 02:15:00,181.82,45.455,Off-Peak,0.08,15.8
2026-08-04 02:30:00,199.16,49.79,Off-Peak,0.08,14.8
2026-08-04 02:45:00,196.73,49.182,Off-Peak,0.08,13.8
2026-08-04 03:00:00,188.7,47.175,Off-Peak,0.08,15.2
2026-08-04 03:15:00,186.86,46.715,Off-Peak,0.08,15.8
2026-08-04 03:30:00,190.6,47.65,Off-Peak,0.08,15.3
2026-08-04 03:45:00,185.39,46.347,Off-Peak,0.08,16.7
2026-08-04 04:00:00,209.13,52.282,Off-Peak,0.08,15.0
2026-08-04 04:15:00,182.78,45.695,Off-Peak,0.08,14.7
2026-08-04 04:30:00,189.37,47.343,Off-Peak,0.08,14.9
2026-08-04 04:45:00,202.13,50.532,Off-Peak,0.08,14.7
2026-08-04 05:00:00,192.33,48.083,Off-Peak,0.08,16.7
2026-08-04 05:15:00,188.47,47.117,Off-Peak,0.08,18.3
2026-08-04 05:30:00,193.08,48.27,Off-Peak,0.08,18.2
2026-08-04 05:45:00,186.95,46.737,Off-Peak,0.08,16.7
2026-08-04 06:00:00,293.54,73.385,Off-Peak,0.08,16.8
2026-08-04 06:15:00,297.25,74.312,Off-Peak,0.08,19.3
2026-08-04 06:30:00,285.56,71.39,Off-Peak,0.08,19.2
2026-08-04 06:45:00,305.37,76.343,Off-Peak,0.08,19.7
2026-08-04 07:00:00,321.65,80.412,Off-Peak,0.08,19.4
2026-08-04 07:15:00,329.94,82.485,Off-Peak,0.08,21.2
2026-08-04 07:30:00,334.49,83.623,Off-Peak,0.08,22.0
2026-08-04 07:45:00,318.22,79.555,Off-Peak,0.08,21.4
2026-08-04 08:00:00,551.08,137.77,Normal,0.18,20.5
2026-08-04 08:15:00,543.97,135.993,Normal,0.18,21.2
2026-08-04 08:30:00,573.09,143.273,Normal,0.18,23.4
2026-08-04 08:45:00,587.64,146.91,Normal,0.18,21.0
2026-08-04 09:00:00,620.88,155.22,Normal,0.18,24.2
2026-08-04 09:15:00,571.89,142.972,Normal,0.18,23.7
2026-08-04 09:30:00,563.46,140.865,Normal,0.18,24.4
2026-08-04 09:45:00,584.01,146.002,Normal,0.18,24.7
2026-08-04 10:00:00,572.43,143.107,Normal,0.18,25.7
2026-08-04 10:15:00,579.52,144.88,Normal,0.18,26.0
2026-08-04 10:30:00,536.85,134.213,Normal,0.18,26.3
2026-08-04 10:45:00,589.6,147.4,Normal,0.18,26.3
2026-08-04 11:00:00,589.36,147.34,Normal,0.18,27.5
2026-08-04 11:15:00,591.14,147.785,Normal,0.18,26.3
2026-08-04 11:30:00,579.45,144.863,Normal,0.18,27.6
2026-08-04 11:45:00,596.19,149.048,Normal,0.18,29.8
2026-08-04 12:00:00,600.29,150.072,Normal,0.18,28.6
2026-08-04 12:15:00,565.88,141.47,Normal,0.18,28.4
2026-08-04 12:30:00,607.21,151.803,Normal,0.18,28.6
2026-08-04 12:45:00,615.01,153.752,Normal,0.18,28.5
2026-08-04 13:00:00,587.47,146.868,Normal,0.18,27.8
2026-08-04 13:15:00,583.53,145.882,Normal,0.18,29.3
2026-08-04 13:30:00,601.72,150.43,Normal,0.18,29.7
2026-08-04 13:45:00,598.13,149.532,Normal,0.18,30.6
2026-08-04 14:00:00,592.72,148.18,Normal,0.18,27.9
2026-08-04 14:15:00,595.85,148.963,Normal,0.18,29.1
2026-08-04 14:30:00,602.22,150.555,Normal,0.18,29.5
2026-08-04 14:45:00,587.58,146.895,Normal,0.18,27.9
2026-08-04 15:00:00,589.68,147.42,Normal,0.18,30.4
2026-08-04 15:15:00,602.25,150.562,Normal,0.18,29.8
2026-08-04 15:30:00,575.57,143.893,Normal,0.18,27.5
2026-08-04 15:45:00,597.81,149.452,Normal,0.18,29.9
2026-08-04 16:00:00,581.63,145.407,Normal,0.18,28.0
2026-08-04 16:15:00,589.47,147.368,Normal,0.18,25.7
2026-08-04 16:30:00,578.17,144.542,Normal,0.18,26.1
2026-08-04 16:45:00,570.66,142.665,Normal,0.18,26.4
2026-08-04 17:00:00,593.35,148.338,Normal,0.18,27.9
2026-08-04 17:15:00,577.7,144.425,Normal,0.18,28.0
2026-08-04 17:30:00,571.41,142.852,Normal,0.18,26.8
2026-08-04 17:45:00,602.1,150.525,Normal,0.18,26.4
2026-08-04 18:00:00,567.11,141.778,Peak,0.35,26.0
2026-08-04 18:15:00,580.15,145.037,Peak,0.35,25.5
2026-08-04 18:30:00,561.45,140.363,Peak,0.35,24.4
2026-08-04 18:45:00,578.86,144.715,Peak,0.35,24.3
2026-08-04 19:00:00,568.05,142.012,Peak,0.35,23.4
2026-08-04 19:15:00,565.71,141.428,Peak,0.35,24.3
2026-08-04 19:30:00,320.42,80.105,Peak,0.35,21.7
2026-08-04 19:45:00,320.51,80.127,Peak,0.35,21.6
2026-08-04 20:00:00,319.13,79.782,Peak,0.35,22.9
2026-08-04 20:15:00,317.77,79.442,Peak,0.35,20.8
2026-08-04 20:30:00,320.36,80.09,Peak,0.35,20.9
2026-08-04 20:45:00,299.02,74.755,Peak,0.35,19.4
2026-08-04 21:00:00,311.41,77.853,Peak,0.35,20.4
2026-08-04 21:15:00,316.54,79.135,Peak,0.35,21.1
2026-08-04 21:30:00,308.56,77.14,Peak,0.35,20.0
2026-08-04 21:45:00,314.03,78.507,Peak,0.35,19.3
2026-08-04 22:00:00,188.94,47.235,Off-Peak,0.08,18.3
2026-08-04 22:15:00,186.03,46.508,Off-Peak,0.08,19.0
2026-08-04 22:30:00,188.04,47.01,Off-Peak,0.08,17.9
2026-08-04 22:45:00,189.36,47.34,Off-Peak,0.08,18.8
2026-08-04 23:00:00,179.87,44.968,Off-Peak,0.08,17.3
2026-08-04 23:15:00,199.04,49.76,Off-Peak,0.08,16.7
2026-08-04 23:30:00,191.19,47.797,Off-Peak,0.08,16.8
2026-08-04 23:45:00,188.64,47.16,Off-Peak,0.08,16.9
2026-08-05 00:00:00,183.51,45.877,Off-Peak,0.08,16.8
2026-08-05 00:15:00,193.4,48.35,Off-Peak,0.08,15.5
2026-08-05 00:30:00,191.74,47.935,Off-Peak,0.08,17.1
2026-08-05 00:45:00,189.85,47.462,Off-Peak,0.08,15.4
2026-08-05 01:00:00,190.37,47.593,Off-Peak,0.08,14.2
2026-08-05 01:15:00,181.3,45.325,Off-Peak,0.08,15.6
2026-08-05 01:30:00,181.94,45.485,Off-Peak,0.08,17.4
2026-08-05 01:45:00,184.78,46.195,Off-Peak,0.08,15.5
2026-08-05 02:00:00,205.25,51.312,Off-Peak,0.08,14.8
2026-08-05 02:15:00,195.01,48.752,Off-Peak,0.08,15.8
2026-08-05 02:30:00,185.35,46.337,Off-Peak,0.08,15.4
2026-08-05 02:45:00,181.34,45.335,Off-Peak,0.08,15.9
2026-08-05 03:00:00,195.0,48.75,Off-Peak,0.08,15.1
2026-08-05 03:15:00,180.75,45.188,Off-Peak,0.08,16.2
2026-08-05 03:30:00,185.54,46.385,Off-Peak,0.08,14.8
2026-08-05 03:45:00,185.49,46.373,Off-Peak,0.08,14.9
2026-08-05 04:00:00,187.13,46.782,Off-Peak,0.08,15.1
2026-08-05 04:15:00,198.22,49.555,Off-Peak,0.08,15.9
2026-08-05 04:30:00,196.63,49.157,Off-Peak,0.08,16.7
2026-08-05 04:45:00,183.24,45.81,Off-Peak,0.08,17.6
2026-08-05 05:00:00,185.12,46.28,Off-Peak,0.08,18.0
2026-08-05 05:15:00,189.25,47.312,Off-Peak,0.08,16.9
2026-08-05 05:30:00,179.38,44.845,Off-Peak,0.08,17.2
2026-08-05 05:45:00,185.84,46.46,Off-Peak,0.08,18.8
2026-08-05 06:00:00,296.2,74.05,Off-Peak,0.08,19.0
2026-08-05 06:15:00,301.86,75.465,Off-Peak,0.08,19.5
2026-08-05 06:30:00,297.26,74.315,Off-Peak,0.08,20.4
2026-08-05 06:45:00,314.47,78.618,Off-Peak,0.08,19.9
2026-08-05 07:00:00,322.0,80.5,Off-Peak,0.08,19.4
2026-08-05 07:15:00,312.44,78.11,Off-Peak,0.08,19.8
2026-08-05 07:30:00,332.91,83.228,Off-Peak,0.08,20.4
2026-08-05 07:45:00,322.51,80.627,Off-Peak,0.08,20.7
2026-08-05 08:00:00,545.42,136.355,Normal,0.18,22.5
2026-08-05 08:15:00,549.25,137.312,Normal,0.18,21.9
2026-08-05 08:30:00,568.29,142.072,Normal,0.18,23.0
2026-08-05 08:45:00,564.36,141.09,Normal,0.18,24.0
2026-08-05 09:00:00,601.22,150.305,Normal,0.18,24.7
2026-08-05 09:15:00,581.25,145.312,Normal,0.18,24.4
2026-08-05 09:30:00,550.41,137.602,Normal,0.18,25.1
2026-08-05 09:45:00,606.19,151.548,Normal,0.18,26.7
2026-08-05 10:00:00,607.0,151.75,Normal,0.18,24.9
2026-08-05 10:15:00,603.97,150.993,Normal,0.18,25.6
2026-08-05 10:30:00,590.82,147.705,Normal,0.18,26.5
2026-08-05 10:45:00,571.62,142.905,Normal,0.18,26.6
2026-08-05 11:00:00,602.65,150.662,Normal,0.18,27.7
2026-08-05 11:15:00,567.89,141.972,Normal,0.18,26.8
2026-08-05 11:30:00,594.86,148.715,Normal,0.18,27.3
2026-08-05 11:45:00,563.42,140.855,Normal,0.18,27.4
2026-08-05 12:00:00,571.41,142.852,Normal,0.18,27.7
2026-08-05 12:15:00,574.77,143.692,Normal,0.18,28.4
2026-08-05 12:30:00,588.58,147.145,Normal,0.18,29.2
2026-08-05 12:45:00,569.86,142.465,Normal,0.18,29.0
2026-08-05 13:00:00,601.94,150.485,Normal,0.18,28.7
2026-08-05 13:15:00,603.42,150.855,Normal,0.18,30.1
2026-08-05 13:30:00,580.13,145.032,Normal,0.18,29.2
2026-08-05 13:45:00,598.73,149.683,Normal,0.18,28.5
2026-08-05 14:00:00,600.42,150.105,Normal,0.18,28.4
2026-08-05 14:15:00,582.92,145.73,Normal,0.18,29.3
2026-08-05 14:30:00,567.86,141.965,Normal,0.18,27.3
2026-08-05 14:45:00,577.4,144.35,Normal,0.18,27.1
2026-08-05 15:00:00,564.19,141.048,Normal,0.18,28.5
2026-08-05 15:15:00,589.31,147.327,Normal,0.18,27.0
2026-08-05 15:30:00,589.45,147.363,Normal,0.18,28.0
2026-08-05 15:45:00,605.01,151.252,Normal,0.18,27.8
2026-08-05 16:00:00,598.93,149.732,Normal,0.18,28.1
2026-08-05 16:15:00,593.0,148.25,Normal,0.18,29.1
2026-08-05 16:30:00,572.77,143.192,Normal,0.18,27.1
2026-08-05 16:45:00,563.67,140.917,Normal,0.18,27.8
2026-08-05 17:00:00,617.37,154.343,Normal,0.18,27.9
2026-08-05 17:15:00,567.26,141.815,Normal,0.18,27.5
2026-08-05 17:30:00,570.97,142.743,Normal,0.18,26.5
2026-08-05 17:45:00,578.95,144.738,Normal,0.18,26.6
2026-08-05 18:00:00,554.62,138.655,Peak,0.35,26.1
2026-08-05 18:15:00,572.94,143.235,Peak,0.35,26.3
2026-08-05 18:30:00,554.23,138.558,Peak,0.35,24.9
2026-08-05 18:45:00,572.92,143.23,Peak,0.35,24.6
2026-08-05 19:00:00,515.27,128.817,Peak,0.35,23.3
2026-08-05 19:15:00,550.41,137.602,Peak,0.35,23.0
2026-08-05 19:30:00,318.03,79.507,Peak,0.35,20.9
2026-08-05 19:45:00,321.28,80.32,Peak,0.35,22.2
2026-08-05 20:00:00,317.68,79.42,Peak,0.35,21.5
2026-08-05 20:15:00,309.85,77.463,Peak,0.35,21.9
2026-08-05 20:30:00,319.58,79.895,Peak,0.35,22.5
2026-08-05 20:45:00,312.31,78.078,Peak,0.35,20.9
2026-08-05 21:00:00,328.05,82.013,Peak,0.35,21.6
2026-08-05 21:15:00,324.01,81.002,Peak,0.35,19.9
2026-08-05 21:30:00,310.24,77.56,Peak,0.35,19.5
2026-08-05 21:45:00,309.79,77.448,Peak,0.35,18.8
2026-08-05 22:00:00,193.93,48.483,Off-Peak,0.08,17.0
2026-08-05 22:15:00,193.66,48.415,Off-Peak,0.08,18.9
2026-08-05 22:30:00,188.75,47.188,Off-Peak,0.08,19.1
2026-08-05 22:45:00,180.87,45.218,Off-Peak,0.08,17.7
2026-08-05 23:00:00,192.7,48.175,Off-Peak,0.08,17.4
2026-08-05 23:15:00,191.62,47.905,Off-Peak,0.08,16.4
2026-08-05 23:30:00,187.87,46.968,Off-Peak,0.08,14.9
2026-08-05 23:45:00,191.18,47.795,Off-Peak,0.08,14.8
2026-08-06 00:00:00,179.9,44.975,Off-Peak,0.08,16.3
2026-08-06 00:15:00,181.4,45.35,Off-Peak,0.08,16.1
2026-08-06 00:30:00,172.43,43.108,Off-Peak,0.08,16.2
2026-08-06 00:45:00,195.71,48.928,Off-Peak,0.08,14.4
2026-08-06 01:00:00,177.47,44.367,Off-Peak,0.08,14.9
2026-08-06 01:15:00,189.9,47.475,Off-Peak,0.08,15.1
2026-08-06 01:30:00,186.59,46.648,Off-Peak,0.08,14.3
2026-08-06 01:45:00,187.47,46.867,Off-Peak,0.08,15.8
2026-08-06 02:00:00,203.14,50.785,Off-Peak,0.08,14.0
2026-08-06 02:15:00,171.77,42.943,Off-Peak,0.08,16.8
2026-08-06 02:30:00,196.96,49.24,Off-Peak,0.08,14.8
2026-08-06 02:45:00,194.99,48.748,Off-Peak,0.08,14.4
2026-08-06 03:00:00,209.43,52.358,Off-Peak,0.08,16.2
2026-08-06 03:15:00,191.57,47.892,Off-Peak,0.08,14.0
2026-08-06 03:30:00,187.97,46.992,Off-Peak,0.08,16.6
2026-08-06 03:45:00,182.21,45.553,Off-Peak,0.08,16.3
2026-08-06 04:00:00,189.93,47.483,Off-Peak,0.08,14.9
2026-08-06 04:15:00,192.26,48.065,Off-Peak,0.08,16.2
2026-08-06 04:30:00,183.5,45.875,Off-Peak,0.08,16.8
2026-08-06 04:45:00,187.94,46.985,Off-Peak,0.08,17.2
2026-08-06 05:00:00,191.22,47.805,Off-Peak,0.08,18.0
2026-08-06 05:15:00,187.88,46.97,Off-Peak,0.08,17.9
2026-08-06 05:30:00,198.48,49.62,Off-Peak,0.08,17.6
2026-08-06 05:45:00,191.38,47.845,Off-Peak,0.08,19.0
2026-08-06 06:00:00,283.12,70.78,Off-Peak,0.08,16.8
2026-08-06 06:15:00,290.33,72.582,Off-Peak,0.08,18.4
2026-08-06 06:30:00,293.78,73.445,Off-Peak,0.08,18.4
2026-08-06 06:45:00,299.36,74.84,Off-Peak,0.08,20.0
2026-08-06 07:00:00,330.11,82.528,Off-Peak,0.08,20.6
2026-08-06 07:15:00,325.55,81.388,Off-Peak,0.08,22.3
2026-08-06 07:30:00,324.89,81.222,Off-Peak,0.08,22.0
2026-08-06 07:45:00,327.77,81.942,Off-Peak,0.08,22.4
2026-08-06 08:00:00,581.61,145.403,Normal,0.18,22.7
2026-08-06 08:15:00,571.1,142.775,Normal,0.18,22.9
2026-08-06 08:30:00,568.54,142.135,Normal,0.18,22.7
2026-08-06 08:45:00,546.42,136.605,Normal,0.18,23.4
2026-08-06 09:00:00,589.18,147.295,Normal,0.18,22.4
2026-08-06 09:15:00,554.01,138.502,Normal,0.18,25.4
2026-08-06 09:30:00,602.85,150.713,Normal,0.18,26.4
2026-08-06 09:45:00,560.45,140.113,Normal,0.18,25.8
2026-08-06 10:00:00,591.95,147.988,Normal,0.18,25.9
2026-08-06 10:15:00,589.68,147.42,Normal,0.18,26.2
2026-08-06 10:30:00,575.55,143.887,Normal,0.18,25.7
2026-08-06 10:45:00,577.86,144.465,Normal,0.18,25.6
2026-08-06 11:00:00,612.79,153.197,Normal,0.18,27.2
2026-08-06 11:15:00,576.58,144.145,Normal,0.18,29.1
2026-08-06 11:30:00,574.28,143.57,Normal,0.18,27.7
2026-08-06 11:45:00,574.53,143.632,Normal,0.18,27.4
2026-08-06 12:00:00,629.43,157.357,Normal,0.18,28.1
2026-08-06 12:15:00,588.01,147.002,Normal,0.18,28.4
2026-08-06 12:30:00,564.68,141.17,Normal,0.18,28.5
2026-08-06 12:45:00,556.37,139.093,Normal,0.18,29.6
2026-08-06 13:00:00,569.23,142.308,Normal,0.18,30.0
2026-08-06 13:15:00,598.84,149.71,Normal,0.18,29.3
2026-08-06 13:30:00,572.15,143.037,Normal,0.18,29.0
2026-08-06 13:45:00,582.05,145.512,Normal,0.18,30.0
2026-08-06 14:00:00,559.66,139.915,Normal,0.18,28.4
2026-08-06 14:15:00,612.04,153.01,Normal,0.18,28.5
2026-08-06 14:30:00,625.84,156.46,Normal,0.18,28.9
2026-08-06 14:45:00,612.89,153.222,Normal,0.18,29.6
2026-08-06 15:00:00,622.88,155.72,Normal,0.18,28.3
2026-08-06 15:15:00,573.12,143.28,Normal,0.18,29.1
2026-08-06 15:30:00,615.54,153.885,Normal,0.18,29.2
2026-08-06 15:45:00,585.73,146.433,Normal,0.18,28.5
2026-08-06 16:00:00,586.26,146.565,Normal,0.18,29.8
2026-08-06 16:15:00,609.01,152.252,Normal,0.18,28.8
2026-08-06 16:30:00,579.58,144.895,Normal,0.18,26.8
2026-08-06 16:45:00,585.73,146.433,Normal,0.18,28.9
2026-08-06 17:00:00,594.4,148.6,Normal,0.18,27.0
2026-08-06 17:15:00,581.07,145.268,Normal,0.18,27.6
2026-08-06 17:30:00,562.85,140.713,Normal,0.18,25.6
2026-08-06 17:45:00,586.63,146.657,Normal,0.18,26.2
2026-08-06 18:00:00,551.83,137.958,Peak,0.35,24.7
2026-08-06 18:15:00,565.78,141.445,Peak,0.35,25.4
2026-08-06 18:30:00,560.97,140.243,Peak,0.35,24.8
2026-08-06 18:45:00,581.83,145.458,Peak,0.35,24.8
2026-08-06 19:00:00,568.36,142.09,Peak,0.35,23.8
2026-08-06 19:15:00,564.3,141.075,Peak,0.35,23.5
2026-08-06 19:30:00,343.08,85.77,Peak,0.35,23.3
2026-08-06 19:45:00,335.11,83.778,Peak,0.35,22.0
2026-08-06 20:00:00,324.02,81.005,Peak,0.35,21.3
2026-08-06 20:15:00,304.15,76.037,Peak,0.35,21.9
2026-08-06 20:30:00,350.43,87.608,Peak,0.35,21.9
2026-08-06 20:45:00,304.2,76.05,Peak,0.35,21.4
2026-08-06 21:00:00,300.15,75.037,Peak,0.35,20.6
2026-08-06 21:15:00,308.11,77.028,Peak,0.35,18.1
2026-08-06 21:30:00,311.11,77.778,Peak,0.35,19.0
2026-08-06 21:45:00,296.36,74.09,Peak,0.35,18.1
2026-08-06 22:00:00,184.23,46.057,Off-Peak,0.08,18.0
2026-08-06 22:15:00,191.33,47.833,Off-Peak,0.08,18.2
2026-08-06 22:30:00,192.73,48.182,Off-Peak,0.08,17.1
2026-08-06 22:45:00,186.67,46.667,Off-Peak,0.08,17.9
2026-08-06 23:00:00,173.95,43.487,Off-Peak,0.08,15.6
2026-08-06 23:15:00,180.29,45.072,Off-Peak,0.08,16.6
2026-08-06 23:30:00,196.99,49.248,Off-Peak,0.08,16.7
2026-08-06 23:45:00,188.7,47.175,Off-Peak,0.08,16.4
2026-08-07 00:00:00,175.88,43.97,Off-Peak,0.08,15.1
2026-08-07 00:15:00,184.0,46.0,Off-Peak,0.08,15.0
2026-08-07 00:30:00,180.01,45.002,Off-Peak,0.08,14.7
2026-08-07 00:45:00,182.89,45.722,Off-Peak,0.08,15.1
2026-08-07 01:00:00,192.96,48.24,Off-Peak,0.08,15.2
2026-08-07 01:15:00,184.55,46.138,Off-Peak,0.08,16.1
2026-08-07 01:30:00,192.74,48.185,Off-Peak,0.08,14.3
2026-08-07 01:45:00,191.78,47.945,Off-Peak,0.08,14.5
2026-08-07 02:00:00,182.82,45.705,Off-Peak,0.08,15.9
2026-08-07 02:15:00,187.13,46.782,Off-Peak,0.08,16.1
2026-08-07 02:30:00,184.04,46.01,Off-Peak,0.08,14.5
2026-08-07 02:45:00,202.49,50.623,Off-Peak,0.08,14.8
2026-08-07 03:00:00,181.42,45.355,Off-Peak,0.08,14.1
2026-08-07 03:15:00,185.55,46.388,Off-Peak,0.08,16.1
2026-08-07 03:30:00,187.61,46.903,Off-Peak,0.08,14.1
2026-08-07 03:45:00,187.67,46.917,Off-Peak,0.08,15.8
2026-08-07 04:00:00,199.73,49.932,Off-Peak,0.08,15.6
2026-08-07 04:15:00,192.56,48.14,Off-Peak,0.08,15.7
2026-08-07 04:30:00,185.9,46.475,Off-Peak,0.08,17.5
2026-08-07 04:45:00,186.51,46.627,Off-Peak,0.08,17.5
2026-08-07 05:00:00,191.16,47.79,Off-Peak,0.08,17.8
2026-08-07 05:15:00,193.35,48.337,Off-Peak,0.08,17.2
2026-08-07 05:30:00,197.75,49.438,Off-Peak,0.08,18.3
2026-08-07 05:45:00,189.54,47.385,Off-Peak,0.08,19.1
2026-08-07 06:00:00,293.46,73.365,Off-Peak,0.08,18.0
2026-08-07 06:15:00,298.02,74.505,Off-Peak,0.08,18.7
2026-08-07 06:30:00,294.71,73.677,Off-Peak,0.08,18.9
2026-08-07 06:45:00,298.55,74.638,Off-Peak,0.08,19.2
2026-08-07 07:00:00,331.45,82.862,Off-Peak,0.08,20.4
2026-08-07 07:15:00,333.07,83.267,Off-Peak,0.08,20.9
2026-08-07 07:30:00,346.58,86.645,Off-Peak,0.08,21.5
2026-08-07 07:45:00,328.38,82.095,Off-Peak,0.08,21.7
2026-08-07 08:00:00,553.44,138.36,Normal,0.18,20.6
2026-08-07 08:15:00,570.11,142.528,Normal,0.18,20.8
2026-08-07 08:30:00,561.61,140.403,Normal,0.18,20.8
2026-08-07 08:45:00,559.0,139.75,Normal,0.18,22.6
2026-08-07 09:00:00,576.56,144.14,Normal,0.18,25.5
2026-08-07 09:15:00,551.58,137.895,Normal,0.18,25.5
2026-08-07 09:30:00,569.83,142.458,Normal,0.18,25.1
2026-08-07 09:45:00,626.81,156.702,Normal,0.18,25.8
2026-08-07 10:00:00,585.12,146.28,Normal,0.18,25.9
2026-08-07 10:15:00,579.28,144.82,Normal,0.18,26.5
2026-08-07 10:30:00,567.94,141.985,Normal,0.18,25.3
2026-08-07 10:45:00,573.56,143.39,Normal,0.18,26.3
2026-08-07 11:00:00,597.51,149.377,Normal,0.18,28.0
2026-08-07 11:15:00,577.92,144.48,Normal,0.18,27.2
2026-08-07 11:30:00,603.11,150.778,Normal,0.18,26.4
2026-08-07 11:45:00,583.48,145.87,Normal,0.18,27.7
2026-08-07 12:00:00,566.93,141.732,Normal,0.18,27.9
2026-08-07 12:15:00,616.24,154.06,Normal,0.18,28.5
2026-08-07 12:30:00,591.76,147.94,Normal,0.18,29.3
2026-08-07 12:45:00,590.63,147.657,Normal,0.18,29.1
2026-08-07 13:00:00,606.9,151.725,Normal,0.18,28.3
2026-08-07 13:15:00,594.42,148.605,Normal,0.18,29.3
2026-08-07 13:30:00,589.68,147.42,Normal,0.18,28.6
2026-08-07 13:45:00,598.77,149.692,Normal,0.18,28.6
2026-08-07 14:00:00,581.16,145.29,Normal,0.18,29.2
2026-08-07 14:15:00,595.36,148.84,Normal,0.18,28.7
2026-08-07 14:30:00,586.18,146.545,Normal,0.18,29.8
2026-08-07 14:45:00,546.77,136.692,Normal,0.18,29.0
2026-08-07 15:00:00,605.64,151.41,Normal,0.18,29.4
2026-08-07 15:15:00,601.21,150.303,Normal,0.18,26.7
2026-08-07 15:30:00,604.81,151.202,Normal,0.18,28.7
2026-08-07 15:45:00,598.18,149.545,Normal,0.18,29.4
2026-08-07 16:00:00,622.71,155.678,Normal,0.18,28.1
2026-08-07 16:15:00,606.26,151.565,Normal,0.18,28.0
2026-08-07 16:30:00,591.02,147.755,Normal,0.18,28.4
2026-08-07 16:45:00,568.19,142.048,Normal,0.18,26.4
2026-08-07 17:00:00,588.3,147.075,Normal,0.18,26.5
2026-08-07 17:15:00,587.94,146.985,Normal,0.18,26.0
2026-08-07 17:30:00,556.97,139.243,Normal,0.18,25.1
2026-08-07 17:45:00,573.58,143.395,Normal,0.18,25.6
2026-08-07 18:00:00,550.71,137.678,Peak,0.35,25.3
2026-08-07 18:15:00,564.22,141.055,Peak,0.35,24.2
2026-08-07 18:30:00,582.73,145.683,Peak,0.35,24.1
2026-08-07 18:45:00,561.05,140.262,Peak,0.35,24.9
2026-08-07 19:00:00,593.78,148.445,Peak,0.35,24.6
2026-08-07 19:15:00,546.53,136.632,Peak,0.35,22.6
2026-08-07 19:30:00,332.9,83.225,Peak,0.35,23.2
2026-08-07 19:45:00,339.03,84.757,Peak,0.35,22.7
2026-08-07 20:00:00,313.0,78.25,Peak,0.35,21.6
2026-08-07 20:15:00,325.22,81.305,Peak,0.35,20.7
2026-08-07 20:30:00,321.21,80.302,Peak,0.35,21.3
2026-08-07 20:45:00,307.27,76.817,Peak,0.35,20.1
2026-08-07 21:00:00,315.11,78.778,Peak,0.35,20.6
2026-08-07 21:15:00,325.42,81.355,Peak,0.35,19.0
2026-08-07 21:30:00,310.89,77.722,Peak,0.35,18.6
2026-08-07 21:45:00,297.7,74.425,Peak,0.35,19.3
2026-08-07 22:00:00,173.68,43.42,Off-Peak,0.08,18.7
2026-08-07 22:15:00,193.3,48.325,Off-Peak,0.08,19.2
2026-08-07 22:30:00,177.64,44.41,Off-Peak,0.08,18.0
2026-08-07 22:45:00,193.35,48.337,Off-Peak,0.08,17.6
2026-08-07 23:00:00,190.19,47.547,Off-Peak,0.08,16.8
2026-08-07 23:15:00,193.32,48.33,Off-Peak,0.08,15.2
2026-08-07 23:30:00,198.33,49.583,Off-Peak,0.08,16.1
2026-08-07 23:45:00,196.58,49.145,Off-Peak,0.08,15.3
2026-08-08 00:00:00,185.43,46.358,Off-Peak,0.08,16.6
2026-08-08 00:15:00,201.61,50.403,Off-Peak,0.08,15.8
2026-08-08 00:30:00,192.77,48.193,Off-Peak,0.08,16.2
2026-08-08 00:45:00,185.38,46.345,Off-Peak,0.08,14.4
2026-08-08 01:00:00,190.57,47.642,Off-Peak,0.08,15.6
2026-08-08 01:15:00,202.58,50.645,Off-Peak,0.08,14.7
2026-08-08 01:30:00,178.43,44.608,Off-Peak,0.08,13.3
2026-08-08 01:45:00,194.51,48.627,Off-Peak,0.08,14.8
2026-08-08 02:00:00,180.46,45.115,Off-Peak,0.08,14.1
2026-08-08 02:15:00,188.8,47.2,Off-Peak,0.08,14.7
2026-08-08 02:30:00,198.78,49.695,Off-Peak,0.08,15.5
2026-08-08 02:45:00,193.6,48.4,Off-Peak,0.08,15.1
2026-08-08 03:00:00,190.99,47.748,Off-Peak,0.08,15.8
2026-08-08 03:15:00,184.04,46.01,Off-Peak,0.08,14.5
2026-08-08 03:30:00,195.38,48.845,Off-Peak,0.08,15.5
2026-08-08 03:45:00,187.33,46.833,Off-Peak,0.08,16.4
2026-08-08 04:00:00,194.25,48.562,Off-Peak,0.08,15.5
2026-08-08 04:15:00,189.36,47.34,Off-Peak,0.08,16.8
2026-08-08 04:30:00,187.34,46.835,Off-Peak,0.08,16.0
2026-08-08 04:45:00,189.92,47.48,Off-Peak,0.08,15.8
2026-08-08 05:00:00,200.2,50.05,Off-Peak,0.08,17.0
2026-08-08 05:15:00,183.72,45.93,Off-Peak,0.08,17.0
2026-08-08 05:30:00,200.4,50.1,Off-Peak,0.08,17.7
2026-08-08 05:45:00,198.52,49.63,Off-Peak,0.08,17.9
2026-08-08 06:00:00,202.01,50.502,Off-Peak,0.08,18.2
2026-08-08 06:15:00,203.54,50.885,Off-Peak,0.08,20.1
2026-08-08 06:30:00,216.92,54.23,Off-Peak,0.08,19.3
2026-08-08 06:45:00,208.9,52.225,Off-Peak,0.08,20.0
2026-08-08 07:00:00,204.57,51.142,Off-Peak,0.08,19.0
2026-08-08 07:15:00,192.61,48.153,Off-Peak,0.08,21.1
2026-08-08 07:30:00,215.71,53.928,Off-Peak,0.08,20.9
2026-08-08 07:45:00,214.39,53.597,Off-Peak,0.08,20.2
2026-08-08 08:00:00,202.68,50.67,Off-Peak,0.08,22.6
2026-08-08 08:15:00,207.63,51.907,Off-Peak,0.08,23.6
2026-08-08 08:30:00,204.67,51.167,Off-Peak,0.08,22.4
2026-08-08 08:45:00,213.05,53.263,Off-Peak,0.08,23.7
2026-08-08 09:00:00,208.74,52.185,Off-Peak,0.08,24.5
2026-08-08 09:15:00,197.08,49.27,Off-Peak,0.08,23.4
2026-08-08 09:30:00,214.32,53.58,Off-Peak,0.08,24.6
2026-08-08 09:45:00,200.72,50.18,Off-Peak,0.08,25.5
2026-08-08 10:00:00,213.86,53.465,Off-Peak,0.08,26.0
2026-08-08 10:15:00,213.44,53.36,Off-Peak,0.08,26.7
2026-08-08 10:30:00,225.59,56.398,Off-Peak,0.08,26.3
2026-08-08 10:45:00,198.81,49.703,Off-Peak,0.08,27.4
2026-08-08 11:00:00,211.16,52.79,Off-Peak,0.08,27.1
2026-08-08 11:15:00,213.39,53.347,Off-Peak,0.08,26.4
2026-08-08 11:30:00,215.28,53.82,Off-Peak,0.08,26.5
2026-08-08 11:45:00,202.67,50.667,Off-Peak,0.08,29.1
2026-08-08 12:00:00,206.54,51.635,Off-Peak,0.08,28.9
2026-08-08 12:15:00,209.81,52.453,Off-Peak,0.08,27.1
2026-08-08 12:30:00,203.96,50.99,Off-Peak,0.08,29.0
2026-08-08 12:45:00,207.17,51.792,Off-Peak,0.08,29.5
2026-08-08 13:00:00,203.12,50.78,Off-Peak,0.08,26.9
2026-08-08 13:15:00,207.38,51.845,Off-Peak,0.08,29.1
2026-08-08 13:30:00,200.88,50.22,Off-Peak,0.08,29.5
2026-08-08 13:45:00,198.84,49.71,Off-Peak,0.08,28.9
2026-08-08 14:00:00,204.92,51.23,Off-Peak,0.08,27.4
2026-08-08 14:15:00,214.07,53.517,Off-Peak,0.08,28.8
2026-08-08 14:30:00,208.14,52.035,Off-Peak,0.08,29.5
2026-08-08 14:45:00,209.46,52.365,Off-Peak,0.08,29.9
2026-08-08 15:00:00,213.67,53.417,Off-Peak,0.08,28.1
2026-08-08 15:15:00,210.3,52.575,Off-Peak,0.08,29.4
2026-08-08 15:30:00,206.89,51.722,Off-Peak,0.08,26.9
2026-08-08 15:45:00,216.44,54.11,Off-Peak,0.08,27.6
2026-08-08 16:00:00,210.48,52.62,Off-Peak,0.08,26.3
2026-08-08 16:15:00,230.72,57.68,Off-Peak,0.08,28.2
2026-08-08 16:30:00,198.33,49.583,Off-Peak,0.08,27.7
2026-08-08 16:45:00,209.27,52.318,Off-Peak,0.08,27.2
2026-08-08 17:00:00,202.56,50.64,Off-Peak,0.08,29.4
2026-08-08 17:15:00,219.9,54.975,Off-Peak,0.08,25.5
2026-08-08 17:30:00,212.04,53.01,Off-Peak,0.08,25.6
2026-08-08 17:45:00,199.36,49.84,Off-Peak,0.08,26.1
2026-08-08 18:00:00,203.16,50.79,Off-Peak,0.08,24.6
2026-08-08 18:15:00,209.77,52.443,Off-Peak,0.08,24.8
2026-08-08 18:30:00,209.11,52.278,Off-Peak,0.08,24.3
2026-08-08 18:45:00,209.3,52.325,Off-Peak,0.08,24.9
2026-08-08 19:00:00,222.52,55.63,Off-Peak,0.08,24.9
2026-08-08 19:15:00,205.55,51.388,Off-Peak,0.08,23.7
2026-08-08 19:30:00,220.47,55.117,Off-Peak,0.08,23.8
2026-08-08 19:45:00,207.09,51.773,Off-Peak,0.08,22.5
2026-08-08 20:00:00,214.22,53.555,Off-Peak,0.08,22.1
2026-08-08 20:15:00,222.26,55.565,Off-Peak,0.08,21.2
2026-08-08 20:30:00,216.07,54.017,Off-Peak,0.08,21.3
2026-08-08 20:45:00,208.5,52.125,Off-Peak,0.08,20.4
2026-08-08 21:00:00,220.72,55.18,Off-Peak,0.08,19.4
2026-08-08 21:15:00,203.2,50.8,Off-Peak,0.08,18.9
2026-08-08 21:30:00,211.26,52.815,Off-Peak,0.08,19.6
2026-08-08 21:45:00,217.44,54.36,Off-Peak,0.08,19.4
2026-08-08 22:00:00,191.03,47.758,Off-Peak,0.08,16.8
2026-08-08 22:15:00,185.98,46.495,Off-Peak,0.08,18.7
2026-08-08 22:30:00,189.39,47.347,Off-Peak,0.08,16.3
2026-08-08 22:45:00,197.77,49.443,Off-Peak,0.08,16.8
2026-08-08 23:00:00,195.4,48.85,Off-Peak,0.08,17.1
2026-08-08 23:15:00,182.3,45.575,Off-Peak,0.08,16.7
2026-08-08 23:30:00,195.23,48.807,Off-Peak,0.08,15.6
2026-08-08 23:45:00,206.43,51.608,Off-Peak,0.08,16.8
2026-08-09 00:00:00,180.26,45.065,Off-Peak,0.08,17.2
2026-08-09 00:15:00,185.35,46.337,Off-Peak,0.08,16.4
2026-08-09 00:30:00,183.87,45.968,Off-Peak,0.08,16.1
2026-08-09 00:45:00,190.0,47.5,Off-Peak,0.08,15.9
2026-08-09 01:00:00,196.09,49.023,Off-Peak,0.08,15.0
2026-08-09 01:15:00,181.92,45.48,Off-Peak,0.08,15.1
2026-08-09 01:30:00,200.41,50.102,Off-Peak,0.08,15.2
2026-08-09 01:45:00,193.79,48.447,Off-Peak,0.08,14.2
2026-08-09 02:00:00,180.93,45.233,Off-Peak,0.08,15.0
2026-08-09 02:15:00,186.34,46.585,Off-Peak,0.08,13.9
2026-08-09 02:30:00,196.33,49.083,Off-Peak,0.08,14.4
2026-08-09 02:45:00,185.24,46.31,Off-Peak,0.08,15.5
2026-08-09 03:00:00,184.15,46.038,Off-Peak,0.08,14.9
2026-08-09 03:15:00,185.27,46.318,Off-Peak,0.08,16.7
2026-08-09 03:30:00,188.06,47.015,Off-Peak,0.08,15.3
2026-08-09 03:45:00,197.67,49.417,Off-Peak,0.08,15.8
2026-08-09 04:00:00,191.72,47.93,Off-Peak,0.08,14.7
2026-08-09 04:15:00,193.25,48.312,Off-Peak,0.08,15.7
2026-08-09 04:30:00,195.86,48.965,Off-Peak,0.08,16.3
2026-08-09 04:45:00,196.37,49.093,Off-Peak,0.08,17.2
2026-08-09 05:00:00,180.31,45.078,Off-Peak,0.08,16.9
2026-08-09 05:15:00,182.82,45.705,Off-Peak,0.08,18.0
2026-08-09 05:30:00,190.28,47.57,Off-Peak,0.08,18.0
2026-08-09 05:45:00,188.8,47.2,Off-Peak,0.08,17.1
2026-08-09 06:00:00,202.88,50.72,Off-Peak,0.08,18.3
2026-08-09 06:15:00,207.78,51.945,Off-Peak,0.08,18.2
2026-08-09 06:30:00,211.64,52.91,Off-Peak,0.08,17.8
2026-08-09 06:45:00,223.93,55.983,Off-Peak,0.08,19.5
2026-08-09 07:00:00,204.32,51.08,Off-Peak,0.08,21.1
2026-08-09 07:15:00,212.95,53.237,Off-Peak,0.08,20.5
2026-08-09 07:30:00,211.96,52.99,Off-Peak,0.08,20.7
2026-08-09 07:45:00,215.47,53.867,Off-Peak,0.08,23.9
2026-08-09 08:00:00,212.68,53.17,Off-Peak,0.08,23.4
2026-08-09 08:15:00,211.9,52.975,Off-Peak,0.08,21.3
2026-08-09 08:30:00,206.37,51.593,Off-Peak,0.08,23.5
2026-08-09 08:45:00,198.56,49.64,Off-Peak,0.08,24.0
2026-08-09 09:00:00,206.26,51.565,Off-Peak,0.08,23.2
2026-08-09 09:15:00,214.02,53.505,Off-Peak,0.08,25.3
2026-08-09 09:30:00,221.25,55.312,Off-Peak,0.08,25.6
2026-08-09 09:45:00,204.49,51.123,Off-Peak,0.08,24.1
2026-08-09 10:00:00,216.25,54.062,Off-Peak,0.08,24.9
2026-08-09 10:15:00,214.08,53.52,Off-Peak,0.08,27.2
2026-08-09 10:30:00,204.38,51.095,Off-Peak,0.08,27.5
2026-08-09 10:45:00,211.92,52.98,Off-Peak,0.08,26.7
2026-08-09 11:00:00,211.7,52.925,Off-Peak,0.08,27.6
2026-08-09 11:15:00,213.5,53.375,Off-Peak,0.08,26.7
2026-08-09 11:30:00,205.41,51.352,Off-Peak,0.08,27.0
2026-08-09 11:45:00,214.87,53.718,Off-Peak,0.08,28.0
2026-08-09 12:00:00,200.31,50.078,Off-Peak,0.08,27.6
2026-08-09 12:15:00,201.25,50.312,Off-Peak,0.08,28.5
2026-08-09 12:30:00,202.19,50.547,Off-Peak,0.08,28.2
2026-08-09 12:45:00,192.27,48.068,Off-Peak,0.08,28.4
2026-08-09 13:00:00,217.38,54.345,Off-Peak,0.08,29.3
2026-08-09 13:15:00,203.41,50.852,Off-Peak,0.08,27.6
2026-08-09 13:30:00,205.12,51.28,Off-Peak,0.08,29.0
2026-08-09 13:45:00,197.15,49.288,Off-Peak,0.08,28.6
2026-08-09 14:00:00,206.62,51.655,Off-Peak,0.08,29.3
2026-08-09 14:15:00,218.29,54.572,Off-Peak,0.08,28.5
2026-08-09 14:30:00,193.5,48.375,Off-Peak,0.08,30.0
2026-08-09 14:45:00,212.7,53.175,Off-Peak,0.08,28.9
2026-08-09 15:00:00,206.33,51.583,Off-Peak,0.08,27.2
2026-08-09 15:15:00,213.9,53.475,Off-Peak,0.08,27.9
2026-08-09 15:30:00,211.89,52.972,Off-Peak,0.08,28.0
2026-08-09 15:45:00,198.92,49.73,Off-Peak,0.08,28.0
2026-08-09 16:00:00,215.58,53.895,Off-Peak,0.08,28.8
2026-08-09 16:15:00,204.14,51.035,Off-Peak,0.08,27.2
2026-08-09 16:30:00,216.59,54.148,Off-Peak,0.08,28.1
2026-08-09 16:45:00,206.34,51.585,Off-Peak,0.08,26.8
2026-08-09 17:00:00,202.93,50.733,Off-Peak,0.08,25.9
2026-08-09 17:15:00,217.21,54.303,Off-Peak,0.08,28.0
2026-08-09 17:30:00,214.21,53.553,Off-Peak,0.08,25.4
2026-08-09 17:45:00,211.52,52.88,Off-Peak,0.08,24.3
2026-08-09 18:00:00,210.78,52.695,Off-Peak,0.08,26.7
2026-08-09 18:15:00,221.28,55.32,Off-Peak,0.08,24.9
2026-08-09 18:30:00,208.26,52.065,Off-Peak,0.08,24.7
2026-08-09 18:45:00,218.99,54.748,Off-Peak,0.08,23.7
2026-08-09 19:00:00,204.57,51.142,Off-Peak,0.08,24.2
2026-08-09 19:15:00,204.66,51.165,Off-Peak,0.08,23.9
2026-08-09 19:30:00,211.2,52.8,Off-Peak,0.08,22.1
2026-08-09 19:45:00,209.39,52.347,Off-Peak,0.08,23.0
2026-08-09 20:00:00,204.87,51.218,Off-Peak,0.08,21.0
2026-08-09 20:15:00,212.55,53.138,Off-Peak,0.08,20.9
2026-08-09 20:30:00,222.02,55.505,Off-Peak,0.08,22.1
2026-08-09 20:45:00,221.14,55.285,Off-Peak,0.08,19.8
2026-08-09 21:00:00,208.06,52.015,Off-Peak,0.08,21.2
2026-08-09 21:15:00,210.51,52.627,Off-Peak,0.08,19.4
2026-08-09 21:30:00,217.71,54.428,Off-Peak,0.08,19.3
2026-08-09 21:45:00,214.03,53.508,Off-Peak,0.08,18.1
2026-08-09 22:00:00,184.22,46.055,Off-Peak,0.08,19.4
2026-08-09 22:15:00,176.52,44.13,Off-Peak,0.08,17.8
2026-08-09 22:30:00,205.28,51.32,Off-Peak,0.08,16.7
2026-08-09 22:45:00,181.36,45.34,Off-Peak,0.08,18.3
2026-08-09 23:00:00,186.67,46.667,Off-Peak,0.08,16.6
2026-08-09 23:15:00,191.95,47.987,Off-Peak,0.08,17.1
2026-08-09 23:30:00,188.68,47.17,Off-Peak,0.08,16.3
2026-08-09 23:45:00,203.17,50.792,Off-Peak,0.08,16.9
2026-08-10 00:00:00,188.18,47.045,Off-Peak,0.08,15.5
2026-08-10 00:15:00,192.7,48.175,Off-Peak,0.08,15.5
2026-08-10 00:30:00,190.51,47.627,Off-Peak,0.08,15.8
2026-08-10 00:45:00,192.33,48.083,Off-Peak,0.08,15.5
2026-08-10 01:00:00,187.97,46.992,Off-Peak,0.08,15.0
2026-08-10 01:15:00,201.73,50.432,Off-Peak,0.08,15.7
2026-08-10 01:30:00,191.08,47.77,Off-Peak,0.08,14.9
2026-08-10 01:45:00,187.9,46.975,Off-Peak,0.08,15.8
2026-08-10 02:00:00,184.89,46.222,Off-Peak,0.08,15.0
2026-08-10 02:15:00,204.91,51.227,Off-Peak,0.08,13.6
2026-08-10 02:30:00,196.49,49.123,Off-Peak,0.08,14.0
2026-08-10 02:45:00,181.61,45.403,Off-Peak,0.08,14.4
2026-08-10 03:00:00,180.25,45.062,Off-Peak,0.08,16.2
2026-08-10 03:15:00,194.72,48.68,Off-Peak,0.08,15.6
2026-08-10 03:30:00,187.14,46.785,Off-Peak,0.08,15.4
2026-08-10 03:45:00,198.56,49.64,Off-Peak,0.08,15.4
2026-08-10 04:00:00,194.07,48.517,Off-Peak,0.08,16.0
2026-08-10 04:15:00,186.44,46.61,Off-Peak,0.08,16.5
2026-08-10 04:30:00,177.47,44.367,Off-Peak,0.08,15.8
2026-08-10 04:45:00,191.25,47.812,Off-Peak,0.08,16.8
2026-08-10 05:00:00,197.84,49.46,Off-Peak,0.08,16.6
2026-08-10 05:15:00,180.3,45.075,Off-Peak,0.08,17.7
2026-08-10 05:30:00,181.27,45.318,Off-Peak,0.08,17.4
2026-08-10 05:45:00,184.35,46.087,Off-Peak,0.08,19.2
2026-08-10 06:00:00,285.82,71.455,Off-Peak,0.08,18.1
2026-08-10 06:15:00,291.65,72.912,Off-Peak,0.08,19.0
2026-08-10 06:30:00,296.95,74.237,Off-Peak,0.08,20.8
2026-08-10 06:45:00,295.52,73.88,Off-Peak,0.08,20.1
2026-08-10 07:00:00,333.63,83.407,Off-Peak,0.08,20.6
2026-08-10 07:15:00,298.43,74.608,Off-Peak,0.08,19.2
2026-08-10 07:30:00,337.95,84.487,Off-Peak,0.08,20.9
2026-08-10 07:45:00,338.83,84.707,Off-Peak,0.08,21.8
2026-08-10 08:00:00,574.05,143.512,Normal,0.18,20.2
2026-08-10 08:15:00,553.55,138.387,Normal,0.18,20.5
2026-08-10 08:30:00,568.42,142.105,Normal,0.18,22.4
2026-08-10 08:45:00,561.23,140.308,Normal,0.18,22.5
2026-08-10 09:00:00,532.8,133.2,Normal,0.18,24.1
2026-08-10 09:15:00,563.43,140.857,Normal,0.18,23.5
2026-08-10 09:30:00,564.59,141.148,Normal,0.18,22.9
2026-08-10 09:45:00,558.28,139.57,Normal,0.18,24.6
2026-08-10 10:00:00,567.35,141.838,Normal,0.18,25.8
2026-08-10 10:15:00,557.14,139.285,Normal,0.18,24.0
2026-08-10 10:30:00,575.98,143.995,Normal,0.18,24.4
2026-08-10 10:45:00,589.84,147.46,Normal,0.18,25.4
2026-08-10 11:00:00,567.49,141.873,Normal,0.18,26.8
2026-08-10 11:15:00,597.72,149.43,Normal,0.18,27.7
2026-08-10 11:30:00,599.76,149.94,Normal,0.18,28.1
2026-08-10 11:45:00,598.69,149.673,Normal,0.18,28.4
2026-08-10 12:00:00,601.44,150.36,Normal,0.18,28.1
2026-08-10 12:15:00,569.3,142.325,Normal,0.18,27.2
2026-08-10 12:30:00,586.11,146.528,Normal,0.18,27.1
2026-08-10 12:45:00,625.97,156.493,Normal,0.18,28.5
2026-08-10 13:00:00,619.96,154.99,Normal,0.18,29.9
2026-08-10 13:15:00,592.41,148.102,Normal,0.18,29.4
2026-08-10 13:30:00,611.48,152.87,Normal,0.18,28.1
2026-08-10 13:45:00,601.03,150.257,Normal,0.18,29.3
2026-08-10 14:00:00,575.81,143.952,Normal,0.18,29.9
2026-08-10 14:15:00,570.37,142.593,Normal,0.18,28.8
2026-08-10 14:30:00,610.53,152.632,Normal,0.18,29.3
2026-08-10 14:45:00,600.07,150.018,Normal,0.18,30.9
2026-08-10 15:00:00,570.27,142.567,Normal,0.18,27.2
2026-08-10 15:15:00,615.6,153.9,Normal,0.18,29.3
2026-08-10 15:30:00,607.86,151.965,Normal,0.18,28.6
2026-08-10 15:45:00,618.5,154.625,Normal,0.18,28.0
2026-08-10 16:00:00,624.83,156.208,Normal,0.18,28.1
2026-08-10 16:15:00,572.96,143.24,Normal,0.18,28.5
2026-08-10 16:30:00,601.08,150.27,Normal,0.18,26.5
2026-08-10 16:45:00,561.32,140.33,Normal,0.18,27.2
2026-08-10 17:00:00,591.24,147.81,Normal,0.18,26.8
2026-08-10 17:15:00,581.84,145.46,Normal,0.18,26.1
2026-08-10 17:30:00,567.36,141.84,Normal,0.18,26.7
2026-08-10 17:45:00,579.09,144.773,Normal,0.18,26.5
2026-08-10 18:00:00,601.78,150.445,Peak,0.35,26.7
2026-08-10 18:15:00,560.0,140.0,Peak,0.35,26.6
2026-08-10 18:30:00,580.59,145.148,Peak,0.35,24.3
2026-08-10 18:45:00,562.53,140.632,Peak,0.35,25.8
2026-08-10 19:00:00,546.62,136.655,Peak,0.35,23.7
2026-08-10 19:15:00,575.03,143.757,Peak,0.35,24.6
2026-08-10 19:30:00,323.01,80.752,Peak,0.35,22.6
2026-08-10 19:45:00,335.75,83.938,Peak,0.35,23.7
2026-08-10 20:00:00,335.47,83.868,Peak,0.35,22.0
2026-08-10 20:15:00,318.67,79.668,Peak,0.35,22.4
2026-08-10 20:30:00,306.5,76.625,Peak,0.35,19.9
2026-08-10 20:45:00,327.39,81.847,Peak,0.35,22.5
2026-08-10 21:00:00,315.82,78.955,Peak,0.35,20.1
2026-08-10 21:15:00,308.05,77.013,Peak,0.35,19.0
2026-08-10 21:30:00,325.81,81.453,Peak,0.35,20.3
2026-08-10 21:45:00,305.71,76.427,Peak,0.35,17.8
2026-08-10 22:00:00,193.08,48.27,Off-Peak,0.08,18.4
2026-08-10 22:15:00,190.11,47.528,Off-Peak,0.08,17.5
2026-08-10 22:30:00,194.46,48.615,Off-Peak,0.08,17.3
2026-08-10 22:45:00,192.03,48.008,Off-Peak,0.08,16.9
2026-08-10 23:00:00,190.49,47.623,Off-Peak,0.08,18.2
2026-08-10 23:15:00,191.95,47.987,Off-Peak,0.08,16.6
2026-08-10 23:30:00,189.19,47.297,Off-Peak,0.08,17.2
2026-08-10 23:45:00,189.56,47.39,Off-Peak,0.08,15.9
2026-08-11 00:00:00,194.82,48.705,Off-Peak,0.08,16.0
2026-08-11 00:15:00,196.69,49.172,Off-Peak,0.08,14.9
2026-08-11 00:30:00,184.56,46.14,Off-Peak,0.08,15.9
2026-08-11 00:45:00,187.43,46.858,Off-Peak,0.08,15.1
2026-08-11 01:00:00,191.8,47.95,Off-Peak,0.08,13.7
2026-08-11 01:15:00,193.67,48.417,Off-Peak,0.08,15.0
2026-08-11 01:30:00,194.79,48.697,Off-Peak,0.08,16.9
2026-08-11 01:45:00,182.29,45.572,Off-Peak,0.08,14.7
2026-08-11 02:00:00,185.41,46.352,Off-Peak,0.08,16.1
2026-08-11 02:15:00,189.99,47.498,Off-Peak,0.08,14.9
2026-08-11 02:30:00,189.03,47.258,Off-Peak,0.08,14.3
2026-08-11 02:45:00,185.33,46.333,Off-Peak,0.08,14.8
2026-08-11 03:00:00,182.25,45.562,Off-Peak,0.08,14.2
2026-08-11 03:15:00,199.34,49.835,Off-Peak,0.08,13.8
2026-08-11 03:30:00,174.83,43.708,Off-Peak,0.08,16.6
2026-08-11 03:45:00,202.68,50.67,Off-Peak,0.08,15.5
2026-08-11 04:00:00,192.88,48.22,Off-Peak,0.08,16.2
2026-08-11 04:15:00,193.34,48.335,Off-Peak,0.08,15.8
2026-08-11 04:30:00,178.98,44.745,Off-Peak,0.08,17.1
2026-08-11 04:45:00,181.38,45.345,Off-Peak,0.08,16.0
2026-08-11 05:00:00,196.48,49.12,Off-Peak,0.08,17.3
2026-08-11 05:15:00,190.18,47.545,Off-Peak,0.08,17.3
2026-08-11 05:30:00,189.55,47.388,Off-Peak,0.08,16.3
2026-08-11 05:45:00,185.5,46.375,Off-Peak,0.08,18.5
2026-08-11 06:00:00,296.03,74.007,Off-Peak,0.08,18.1
2026-08-11 06:15:00,274.75,68.688,Off-Peak,0.08,18.4
2026-08-11 06:30:00,289.29,72.323,Off-Peak,0.08,18.2
2026-08-11 06:45:00,288.26,72.065,Off-Peak,0.08,18.6
2026-08-11 07:00:00,312.88,78.22,Off-Peak,0.08,18.4
2026-08-11 07:15:00,314.25,78.562,Off-Peak,0.08,19.4
2026-08-11 07:30:00,323.07,80.767,Off-Peak,0.08,20.8
2026-08-11 07:45:00,322.32,80.58,Off-Peak,0.08,20.9
2026-08-11 08:00:00,561.59,140.398,Normal,0.18,22.1
2026-08-11 08:15:00,565.66,141.415,Normal,0.18,23.0
2026-08-11 08:30:00,563.38,140.845,Normal,0.18,23.2
2026-08-11 08:45:00,569.6,142.4,Normal,0.18,24.2
2026-08-11 09:00:00,589.59,147.398,Normal,0.18,24.7
2026-08-11 09:15:00,566.95,141.738,Normal,0.18,23.6
2026-08-11 09:30:00,589.29,147.322,Normal,0.18,24.4
2026-08-11 09:45:00,594.9,148.725,Normal,0.18,25.1
2026-08-11 10:00:00,552.51,138.127,Normal,0.18,24.7
2026-08-11 10:15:00,563.77,140.942,Normal,0.18,26.0
2026-08-11 10:30:00,563.64,140.91,Normal,0.18,26.6
2026-08-11 10:45:00,608.66,152.165,Normal,0.18,26.4
2026-08-11 11:00:00,573.04,143.26,Normal,0.18,27.1
2026-08-11 11:15:00,566.71,141.678,Normal,0.18,27.4
2026-08-11 11:30:00,568.52,142.13,Normal,0.18,27.3
2026-08-11 11:45:00,571.01,142.752,Normal,0.18,27.1
2026-08-11 12:00:00,601.72,150.43,Normal,0.18,27.7
2026-08-11 12:15:00,585.83,146.458,Normal,0.18,28.2
2026-08-11 12:30:00,604.12,151.03,Normal,0.18,27.5
2026-08-11 12:45:00,578.81,144.702,Normal,0.18,26.7
2026-08-11 13:00:00,596.55,149.137,Normal,0.18,29.1
2026-08-11 13:15:00,579.06,144.765,Normal,0.18,28.6
2026-08-11 13:30:00,609.79,152.447,Normal,0.18,28.6
2026-08-11 13:45:00,603.03,150.757,Normal,0.18,29.4
2026-08-11 14:00:00,611.51,152.877,Normal,0.18,28.6
2026-08-11 14:15:00,571.12,142.78,Normal,0.18,29.7
2026-08-11 14:30:00,602.65,150.662,Normal,0.18,29.1
2026-08-11 14:45:00,595.18,148.795,Normal,0.18,28.3
2026-08-11 15:00:00,578.99,144.748,Normal,0.18,27.4
2026-08-11 15:15:00,582.52,145.63,Normal,0.18,29.4
2026-08-11 15:30:00,591.14,147.785,Normal,0.18,28.3
2026-08-11 15:45:00,595.88,148.97,Normal,0.18,29.4
2026-08-11 16:00:00,559.69,139.923,Normal,0.18,28.5
2026-08-11 16:15:00,581.49,145.373,Normal,0.18,27.0
2026-08-11 16:30:00,583.58,145.895,Normal,0.18,28.2
2026-08-11 16:45:00,582.57,145.643,Normal,0.18,26.5
2026-08-11 17:00:00,541.53,135.382,Normal,0.18,26.7
2026-08-11 17:15:00,606.98,151.745,Normal,0.18,27.3
2026-08-11 17:30:00,576.22,144.055,Normal,0.18,27.6
2026-08-11 17:45:00,588.59,147.148,Normal,0.18,26.6
2026-08-11 18:00:00,581.45,145.363,Peak,0.35,26.3
2026-08-11 18:15:00,606.34,151.585,Peak,0.35,24.9
2026-08-11 18:30:00,555.73,138.933,Peak,0.35,22.8
2026-08-11 18:45:00,531.19,132.798,Peak,0.35,24.6
2026-08-11 19:00:00,563.39,140.847,Peak,0.35,22.2
2026-08-11 19:15:00,558.35,139.588,Peak,0.35,24.0
2026-08-11 19:30:00,317.48,79.37,Peak,0.35,22.0
2026-08-11 19:45:00,321.03,80.257,Peak,0.35,22.0
2026-08-11 20:00:00,340.24,85.06,Peak,0.35,24.0
2026-08-11 20:15:00,314.59,78.647,Peak,0.35,20.6
2026-08-11 20:30:00,324.9,81.225,Peak,0.35,21.2
2026-08-11 20:45:00,330.78,82.695,Peak,0.35,22.2
2026-08-11 21:00:00,313.91,78.478,Peak,0.35,19.8
2026-08-11 21:15:00,302.33,75.582,Peak,0.35,18.7
2026-08-11 21:30:00,306.13,76.532,Peak,0.35,19.5
2026-08-11 21:45:00,314.72,78.68,Peak,0.35,17.7
2026-08-11 22:00:00,180.37,45.093,Off-Peak,0.08,17.5
2026-08-11 22:15:00,192.56,48.14,Off-Peak,0.08,18.1
2026-08-11 22:30:00,180.33,45.083,Off-Peak,0.08,17.4
2026-08-11 22:45:00,192.04,48.01,Off-Peak,0.08,15.7
2026-08-11 23:00:00,193.72,48.43,Off-Peak,0.08,16.2
2026-08-11 23:15:00,173.94,43.485,Off-Peak,0.08,17.1
2026-08-11 23:30:00,192.38,48.095,Off-Peak,0.08,16.4
2026-08-11 23:45:00,187.28,46.82,Off-Peak,0.08,16.9
2026-08-12 00:00:00,198.36,49.59,Off-Peak,0.08,15.6
2026-08-12 00:15:00,193.26,48.315,Off-Peak,0.08,14.3
2026-08-12 00:30:00,183.84,45.96,Off-Peak,0.08,14.4
2026-08-12 00:45:00,194.48,48.62,Off-Peak,0.08,17.5
2026-08-12 01:00:00,190.24,47.56,Off-Peak,0.08,15.4
2026-08-12 01:15:00,204.33,51.083,Off-Peak,0.08,14.3
2026-08-12 01:30:00,186.22,46.555,Off-Peak,0.08,15.3
2026-08-12 01:45:00,186.93,46.733,Off-Peak,0.08,14.8
2026-08-12 02:00:00,201.69,50.422,Off-Peak,0.08,15.0
2026-08-12 02:15:00,190.86,47.715,Off-Peak,0.08,14.5
2026-08-12 02:30:00,194.72,48.68,Off-Peak,0.08,15.7
2026-08-12 02:45:00,201.94,50.485,Off-Peak,0.08,16.4
2026-08-12 03:00:00,188.46,47.115,Off-Peak,0.08,15.9
2026-08-12 03:15:00,187.0,46.75,Off-Peak,0.08,16.4
2026-08-12 03:30:00,183.95,45.987,Off-Peak,0.08,16.4
2026-08-12 03:45:00,193.47,48.367,Off-Peak,0.08,14.6
2026-08-12 04:00:00,179.52,44.88,Off-Peak,0.08,14.7
2026-08-12 04:15:00,189.36,47.34,Off-Peak,0.08,16.5
2026-08-12 04:30:00,197.97,49.492,Off-Peak,0.08,15.4
2026-08-12 04:45:00,195.02,48.755,Off-Peak,0.08,16.9
2026-08-12 05:00:00,186.11,46.528,Off-Peak,0.08,18.3
2026-08-12 05:15:00,184.01,46.002,Off-Peak,0.08,17.1
2026-08-12 05:30:00,206.25,51.562,Off-Peak,0.08,16.6
2026-08-12 05:45:00,193.73,48.432,Off-Peak,0.08,18.6
2026-08-12 06:00:00,283.16,70.79,Off-Peak,0.08,18.3
2026-08-12 06:15:00,288.03,72.007,Off-Peak,0.08,18.5
2026-08-12 06:30:00,290.86,72.715,Off-Peak,0.08,21.5
2026-08-12 06:45:00,291.52,72.88,Off-Peak,0.08,19.8
2026-08-12 07:00:00,311.22,77.805,Off-Peak,0.08,18.3
2026-08-12 07:15:00,332.46,83.115,Off-Peak,0.08,21.5
2026-08-12 07:30:00,318.19,79.547,Off-Peak,0.08,20.7
2026-08-12 07:45:00,335.01,83.752,Off-Peak,0.08,21.6
2026-08-12 08:00:00,568.32,142.08,Normal,0.18,22.5
2026-08-12 08:15:00,551.52,137.88,Normal,0.18,22.0
2026-08-12 08:30:00,566.26,141.565,Normal,0.18,23.4
2026-08-12 08:45:00,556.39,139.097,Normal,0.18,23.1
2026-08-12 09:00:00,571.89,142.972,Normal,0.18,24.3
2026-08-12 09:15:00,585.66,146.415,Normal,0.18,23.9
2026-08-12 09:30:00,569.21,142.303,Normal,0.18,24.3
2026-08-12 09:45:00,542.56,135.64,Normal,0.18,23.4
2026-08-12 10:00:00,584.03,146.007,Normal,0.18,26.1
2026-08-12 10:15:00,599.37,149.843,Normal,0.18,24.5
2026-08-12 10:30:00,589.6,147.4,Normal,0.18,25.2
2026-08-12 10:45:00,626.93,156.732,Normal,0.18,27.5
2026-08-12 11:00:00,610.44,152.61,Normal,0.18,27.1
2026-08-12 11:15:00,567.95,141.988,Normal,0.18,27.1
2026-08-12 11:30:00,578.54,144.635,Normal,0.18,26.9
2026-08-12 11:45:00,617.0,154.25,Normal,0.18,28.1
2026-08-12 12:00:00,605.71,151.428,Normal,0.18,27.6
2026-08-12 12:15:00,578.43,144.607,Normal,0.18,29.0
2026-08-12 12:30:00,591.66,147.915,Normal,0.18,29.6
2026-08-12 12:45:00,596.01,149.002,Normal,0.18,30.2
2026-08-12 13:00:00,564.44,141.11,Normal,0.18,26.4
2026-08-12 13:15:00,581.79,145.447,Normal,0.18,28.3
2026-08-12 13:30:00,575.58,143.895,Normal,0.18,29.8
2026-08-12 13:45:00,602.01,150.502,Normal,0.18,28.1
2026-08-12 14:00:00,611.05,152.762,Normal,0.18,28.6
2026-08-12 14:15:00,639.19,159.798,Normal,0.18,31.3
2026-08-12 14:30:00,609.0,152.25,Normal,0.18,28.9
2026-08-12 14:45:00,568.81,142.202,Normal,0.18,28.5
2026-08-12 15:00:00,613.05,153.262,Normal,0.18,28.4
2026-08-12 15:15:00,593.45,148.363,Normal,0.18,28.0
2026-08-12 15:30:00,581.89,145.472,Normal,0.18,27.4
2026-08-12 15:45:00,606.07,151.518,Normal,0.18,28.6
2026-08-12 16:00:00,596.5,149.125,Normal,0.18,27.9
2026-08-12 16:15:00,561.33,140.333,Normal,0.18,26.8
2026-08-12 16:30:00,585.75,146.438,Normal,0.18,27.0
2026-08-12 16:45:00,589.23,147.308,Normal,0.18,25.8
2026-08-12 17:00:00,580.8,145.2,Normal,0.18,27.6
2026-08-12 17:15:00,555.1,138.775,Normal,0.18,25.2
2026-08-12 17:30:00,581.45,145.363,Normal,0.18,26.6
2026-08-12 17:45:00,600.65,150.162,Normal,0.18,27.3
2026-08-12 18:00:00,579.97,144.993,Peak,0.35,26.1
2026-08-12 18:15:00,570.08,142.52,Peak,0.35,24.3
2026-08-12 18:30:00,562.38,140.595,Peak,0.35,23.7
2026-08-12 18:45:00,590.38,147.595,Peak,0.35,25.0
2026-08-12 19:00:00,563.57,140.893,Peak,0.35,22.0
2026-08-12 19:15:00,557.1,139.275,Peak,0.35,22.9
2026-08-12 19:30:00,319.48,79.87,Peak,0.35,22.7
2026-08-12 19:45:00,314.98,78.745,Peak,0.35,22.0
2026-08-12 20:00:00,310.46,77.615,Peak,0.35,22.6
2026-08-12 20:15:00,339.06,84.765,Peak,0.35,20.9
2026-08-12 20:30:00,318.2,79.55,Peak,0.35,20.1
2026-08-12 20:45:00,321.95,80.487,Peak,0.35,21.4
2026-08-12 21:00:00,307.46,76.865,Peak,0.35,21.0
2026-08-12 21:15:00,298.51,74.627,Peak,0.35,19.8
2026-08-12 21:30:00,318.58,79.645,Peak,0.35,18.7
2026-08-12 21:45:00,316.29,79.073,Peak,0.35,19.8
2026-08-12 22:00:00,182.16,45.54,Off-Peak,0.08,18.8
2026-08-12 22:15:00,179.88,44.97,Off-Peak,0.08,19.2
2026-08-12 22:30:00,178.09,44.523,Off-Peak,0.08,18.5
2026-08-12 22:45:00,190.06,47.515,Off-Peak,0.08,18.3
2026-08-12 23:00:00,177.98,44.495,Off-Peak,0.08,16.5
2026-08-12 23:15:00,195.59,48.898,Off-Peak,0.08,17.7
2026-08-12 23:30:00,192.17,48.042,Off-Peak,0.08,15.6
2026-08-12 23:45:00,184.73,46.182,Off-Peak,0.08,15.6
2026-08-13 00:00:00,185.49,46.373,Off-Peak,0.08,16.7
2026-08-13 00:15:00,183.22,45.805,Off-Peak,0.08,16.0
2026-08-13 00:30:00,185.39,46.347,Off-Peak,0.08,15.7
2026-08-13 00:45:00,184.91,46.227,Off-Peak,0.08,15.5
2026-08-13 01:00:00,206.07,51.517,Off-Peak,0.08,14.6
2026-08-13 01:15:00,193.0,48.25,Off-Peak,0.08,13.8
2026-08-13 01:30:00,182.28,45.57,Off-Peak,0.08,16.5
2026-08-13 01:45:00,188.94,47.235,Off-Peak,0.08,13.4
2026-08-13 02:00:00,182.77,45.693,Off-Peak,0.08,13.5
2026-08-13 02:15:00,188.22,47.055,Off-Peak,0.08,15.0
2026-08-13 02:30:00,195.47,48.867,Off-Peak,0.08,15.7
2026-08-13 02:45:00,184.36,46.09,Off-Peak,0.08,15.8
2026-08-13 03:00:00,185.65,46.413,Off-Peak,0.08,15.8
2026-08-13 03:15:00,182.17,45.542,Off-Peak,0.08,15.2
2026-08-13 03:30:00,198.12,49.53,Off-Peak,0.08,15.4
2026-08-13 03:45:00,190.75,47.688,Off-Peak,0.08,15.5
2026-08-13 04:00:00,189.49,47.373,Off-Peak,0.08,16.4
2026-08-13 04:15:00,190.58,47.645,Off-Peak,0.08,16.9
2026-08-13 04:30:00,180.1,45.025,Off-Peak,0.08,17.7
2026-08-13 04:45:00,199.34,49.835,Off-Peak,0.08,16.5
2026-08-13 05:00:00,197.04,49.26,Off-Peak,0.08,16.8
2026-08-13 05:15:00,179.31,44.828,Off-Peak,0.08,18.7
2026-08-13 05:30:00,184.02,46.005,Off-Peak,0.08,19.0
2026-08-13 05:45:00,194.7,48.675,Off-Peak,0.08,20.3
2026-08-13 06:00:00,292.76,73.19,Off-Peak,0.08,18.0
2026-08-13 06:15:00,298.14,74.535,Off-Peak,0.08,19.5
2026-08-13 06:30:00,293.62,73.405,Off-Peak,0.08,19.4
2026-08-13 06:45:00,303.25,75.812,Off-Peak,0.08,20.8
2026-08-13 07:00:00,338.35,84.588,Off-Peak,0.08,22.3
2026-08-13 07:15:00,330.13,82.532,Off-Peak,0.08,20.4
2026-08-13 07:30:00,334.39,83.597,Off-Peak,0.08,20.9
2026-08-13 07:45:00,328.51,82.127,Off-Peak,0.08,21.7
2026-08-13 08:00:00,555.87,138.968,Normal,0.18,22.1
2026-08-13 08:15:00,530.2,132.55,Normal,0.18,21.4
2026-08-13 08:30:00,594.09,148.523,Normal,0.18,22.8
2026-08-13 08:45:00,568.62,142.155,Normal,0.18,23.5
2026-08-13 09:00:00,583.61,145.903,Normal,0.18,24.3
2026-08-13 09:15:00,559.01,139.752,Normal,0.18,24.2
2026-08-13 09:30:00,568.29,142.072,Normal,0.18,25.2
2026-08-13 09:45:00,583.53,145.882,Normal,0.18,25.0
2026-08-13 10:00:00,585.15,146.287,Normal,0.18,25.0
2026-08-13 10:15:00,550.59,137.648,Normal,0.18,25.1
2026-08-13 10:30:00,564.88,141.22,Normal,0.18,25.1
2026-08-13 10:45:00,599.55,149.887,Normal,0.18,27.8
2026-08-13 11:00:00,578.14,144.535,Normal,0.18,26.5
2026-08-13 11:15:00,591.09,147.773,Normal,0.18,28.2
2026-08-13 11:30:00,580.83,145.208,Normal,0.18,26.0
2026-08-13 11:45:00,593.02,148.255,Normal,0.18,28.1
2026-08-13 12:00:00,598.63,149.657,Normal,0.18,28.3
2026-08-13 12:15:00,614.27,153.567,Normal,0.18,27.7
2026-08-13 12:30:00,574.82,143.705,Normal,0.18,27.7
2026-08-13 12:45:00,606.35,151.588,Normal,0.18,28.5
2026-08-13 13:00:00,585.53,146.382,Normal,0.18,27.2
2026-08-13 13:15:00,599.7,149.925,Normal,0.18,29.6
2026-08-13 13:30:00,593.4,148.35,Normal,0.18,28.9
2026-08-13 13:45:00,593.54,148.385,Normal,0.18,28.5
2026-08-13 14:00:00,595.96,148.99,Normal,0.18,28.5
2026-08-13 14:15:00,616.72,154.18,Normal,0.18,28.2
2026-08-13 14:30:00,609.26,152.315,Normal,0.18,29.2
2026-08-13 14:45:00,631.27,157.817,Normal,0.18,29.1
2026-08-13 15:00:00,623.22,155.805,Normal,0.18,29.8
2026-08-13 15:15:00,605.93,151.482,Normal,0.18,28.5
2026-08-13 15:30:00,571.31,142.827,Normal,0.18,30.2
2026-08-13 15:45:00,583.68,145.92,Normal,0.18,27.4
2026-08-13 16:00:00,568.9,142.225,Normal,0.18,27.8
2026-08-13 16:15:00,598.16,149.54,Normal,0.18,26.7
2026-08-13 16:30:00,572.65,143.162,Normal,0.18,26.7
2026-08-13 16:45:00,591.83,147.958,Normal,0.18,27.3
2026-08-13 17:00:00,594.98,148.745,Normal,0.18,27.0
2026-08-13 17:15:00,607.86,151.965,Normal,0.18,26.5
2026-08-13 17:30:00,563.21,140.803,Normal,0.18,25.1
2026-08-13 17:45:00,625.66,156.415,Normal,0.18,25.8
2026-08-13 18:00:00,526.18,131.545,Peak,0.35,23.6
2026-08-13 18:15:00,534.04,133.51,Peak,0.35,26.0
2026-08-13 18:30:00,567.2,141.8,Peak,0.35,24.0
2026-08-13 18:45:00,582.04,145.51,Peak,0.35,24.6
2026-08-13 19:00:00,590.11,147.528,Peak,0.35,23.6
2026-08-13 19:15:00,539.43,134.857,Peak,0.35,22.1
2026-08-13 19:30:00,328.66,82.165,Peak,0.35,23.4
2026-08-13 19:45:00,324.38,81.095,Peak,0.35,22.1
2026-08-13 20:00:00,331.56,82.89,Peak,0.35,22.3
2026-08-13 20:15:00,325.32,81.33,Peak,0.35,20.1
2026-08-13 20:30:00,317.28,79.32,Peak,0.35,20.7
2026-08-13 20:45:00,317.3,79.325,Peak,0.35,21.9
2026-08-13 21:00:00,313.05,78.263,Peak,0.35,20.2
2026-08-13 21:15:00,317.36,79.34,Peak,0.35,20.3
2026-08-13 21:30:00,332.8,83.2,Peak,0.35,19.4
2026-08-13 21:45:00,287.01,71.752,Peak,0.35,15.8
2026-08-13 22:00:00,191.65,47.913,Off-Peak,0.08,19.0
2026-08-13 22:15:00,186.51,46.627,Off-Peak,0.08,17.5
2026-08-13 22:30:00,192.32,48.08,Off-Peak,0.08,17.6
2026-08-13 22:45:00,201.34,50.335,Off-Peak,0.08,18.1
2026-08-13 23:00:00,185.45,46.362,Off-Peak,0.08,17.1
2026-08-13 23:15:00,190.42,47.605,Off-Peak,0.08,17.5
2026-08-13 23:30:00,179.98,44.995,Off-Peak,0.08,16.3
2026-08-13 23:45:00,176.66,44.165,Off-Peak,0.08,18.9
2026-08-14 00:00:00,194.67,48.667,Off-Peak,0.08,16.0
2026-08-14 00:15:00,183.98,45.995,Off-Peak,0.08,15.3
2026-08-14 00:30:00,191.93,47.983,Off-Peak,0.08,16.2
2026-08-14 00:45:00,195.78,48.945,Off-Peak,0.08,14.9
2026-08-14 01:00:00,188.71,47.178,Off-Peak,0.08,14.5
2026-08-14 01:15:00,178.35,44.587,Off-Peak,0.08,14.3
2026-08-14 01:30:00,208.21,52.053,Off-Peak,0.08,15.0
2026-08-14 01:45:00,196.07,49.017,Off-Peak,0.08,16.6
2026-08-14 02:00:00,199.37,49.843,Off-Peak,0.08,14.4
2026-08-14 02:15:00,198.71,49.678,Off-Peak,0.08,14.5
2026-08-14 02:30:00,190.51,47.627,Off-Peak,0.08,15.8
2026-08-14 02:45:00,208.75,52.188,Off-Peak,0.08,13.5
2026-08-14 03:00:00,192.54,48.135,Off-Peak,0.08,15.1
2026-08-14 03:15:00,189.04,47.26,Off-Peak,0.08,15.5
2026-08-14 03:30:00,191.36,47.84,Off-Peak,0.08,15.7
2026-08-14 03:45:00,195.47,48.867,Off-Peak,0.08,14.1
2026-08-14 04:00:00,202.39,50.597,Off-Peak,0.08,14.7
2026-08-14 04:15:00,187.43,46.858,Off-Peak,0.08,16.1
2026-08-14 04:30:00,196.68,49.17,Off-Peak,0.08,15.4
2026-08-14 04:45:00,177.44,44.36,Off-Peak,0.08,18.0
2026-08-14 05:00:00,183.58,45.895,Off-Peak,0.08,16.9
2026-08-14 05:15:00,192.36,48.09,Off-Peak,0.08,17.5
2026-08-14 05:30:00,182.41,45.602,Off-Peak,0.08,19.0
2026-08-14 05:45:00,194.32,48.58,Off-Peak,0.08,19.4
2026-08-14 06:00:00,301.9,75.475,Off-Peak,0.08,19.0
2026-08-14 06:15:00,295.65,73.912,Off-Peak,0.08,20.0
2026-08-14 06:30:00,289.99,72.498,Off-Peak,0.08,19.2
2026-08-14 06:45:00,294.64,73.66,Off-Peak,0.08,19.7
2026-08-14 07:00:00,320.71,80.177,Off-Peak,0.08,19.7
2026-08-14 07:15:00,312.83,78.207,Off-Peak,0.08,19.2
2026-08-14 07:30:00,327.76,81.94,Off-Peak,0.08,20.9
2026-08-14 07:45:00,317.08,79.27,Off-Peak,0.08,20.9
2026-08-14 08:00:00,566.87,141.718,Normal,0.18,22.5
2026-08-14 08:15:00,571.09,142.773,Normal,0.18,21.7
2026-08-14 08:30:00,550.2,137.55,Normal,0.18,22.3
2026-08-14 08:45:00,584.5,146.125,Normal,0.18,22.4
2026-08-14 09:00:00,560.2,140.05,Normal,0.18,23.9
2026-08-14 09:15:00,568.51,142.127,Normal,0.18,25.8
2026-08-14 09:30:00,586.26,146.565,Normal,0.18,24.6
2026-08-14 09:45:00,585.7,146.425,Normal,0.18,27.1
2026-08-14 10:00:00,589.38,147.345,Normal,0.18,26.3
2026-08-14 10:15:00,596.45,149.113,Normal,0.18,25.5
2026-08-14 10:30:00,554.93,138.732,Normal,0.18,25.9
2026-08-14 10:45:00,608.55,152.137,Normal,0.18,25.9
2026-08-14 11:00:00,596.15,149.037,Normal,0.18,27.5
2026-08-14 11:15:00,605.09,151.273,Normal,0.18,27.3
2026-08-14 11:30:00,603.0,150.75,Normal,0.18,28.0
2026-08-14 11:45:00,590.16,147.54,Normal,0.18,27.5
2026-08-14 12:00:00,596.93,149.232,Normal,0.18,28.4
2026-08-14 12:15:00,583.98,145.995,Normal,0.18,28.3
2026-08-14 12:30:00,566.8,141.7,Normal,0.18,28.3
2026-08-14 12:45:00,597.79,149.447,Normal,0.18,30.2
2026-08-14 13:00:00,615.64,153.91,Normal,0.18,28.5
2026-08-14 13:15:00,591.36,147.84,Normal,0.18,26.9
2026-08-14 13:30:00,602.98,150.745,Normal,0.18,28.9
2026-08-14 13:45:00,613.03,153.257,Normal,0.18,28.4
2026-08-14 14:00:00,592.46,148.115,Normal,0.18,29.5
2026-08-14 14:15:00,592.5,148.125,Normal,0.18,30.0
2026-08-14 14:30:00,574.93,143.732,Normal,0.18,29.1
2026-08-14 14:45:00,585.41,146.352,Normal,0.18,29.3
2026-08-14 15:00:00,628.97,157.243,Normal,0.18,30.6
2026-08-14 15:15:00,627.47,156.868,Normal,0.18,28.9
2026-08-14 15:30:00,568.06,142.015,Normal,0.18,28.6
2026-08-14 15:45:00,615.8,153.95,Normal,0.18,29.0
2026-08-14 16:00:00,595.28,148.82,Normal,0.18,28.5
2026-08-14 16:15:00,583.39,145.847,Normal,0.18,27.7
2026-08-14 16:30:00,602.9,150.725,Normal,0.18,28.9
2026-08-14 16:45:00,598.4,149.6,Normal,0.18,26.3
2026-08-14 17:00:00,588.74,147.185,Normal,0.18,26.7
2026-08-14 17:15:00,575.28,143.82,Normal,0.18,26.9
2026-08-14 17:30:00,569.46,142.365,Normal,0.18,26.4
2026-08-14 17:45:00,574.17,143.542,Normal,0.18,27.5
2026-08-14 18:00:00,592.13,148.032,Peak,0.35,26.0
2026-08-14 18:15:00,577.62,144.405,Peak,0.35,25.9
2026-08-14 18:30:00,592.5,148.125,Peak,0.35,24.7
2026-08-14 18:45:00,571.77,142.942,Peak,0.35,24.0
2026-08-14 19:00:00,561.39,140.347,Peak,0.35,22.8
2026-08-14 19:15:00,533.5,133.375,Peak,0.35,23.4
2026-08-14 19:30:00,326.18,81.545,Peak,0.35,23.9
2026-08-14 19:45:00,326.78,81.695,Peak,0.35,22.8
2026-08-14 20:00:00,329.51,82.377,Peak,0.35,22.1
2026-08-14 20:15:00,329.9,82.475,Peak,0.35,21.3
2026-08-14 20:30:00,316.19,79.047,Peak,0.35,21.3
2026-08-14 20:45:00,316.14,79.035,Peak,0.35,21.0
2026-08-14 21:00:00,314.95,78.737,Peak,0.35,20.8
2026-08-14 21:15:00,308.63,77.157,Peak,0.35,19.2
2026-08-14 21:30:00,314.9,78.725,Peak,0.35,19.0
2026-08-14 21:45:00,301.03,75.257,Peak,0.35,17.6
2026-08-14 22:00:00,185.74,46.435,Off-Peak,0.08,17.2
2026-08-14 22:15:00,182.59,45.648,Off-Peak,0.08,18.5
2026-08-14 22:30:00,183.12,45.78,Off-Peak,0.08,18.6
2026-08-14 22:45:00,183.03,45.758,Off-Peak,0.08,17.2
2026-08-14 23:00:00,197.65,49.413,Off-Peak,0.08,17.8
2026-08-14 23:15:00,186.65,46.663,Off-Peak,0.08,16.7
2026-08-14 23:30:00,192.87,48.218,Off-Peak,0.08,15.5
2026-08-14 23:45:00,184.73,46.182,Off-Peak,0.08,16.1
2026-08-15 00:00:00,190.9,47.725,Off-Peak,0.08,16.5
2026-08-15 00:15:00,193.71,48.428,Off-Peak,0.08,15.5
2026-08-15 00:30:00,194.47,48.617,Off-Peak,0.08,14.2
2026-08-15 00:45:00,182.82,45.705,Off-Peak,0.08,14.5
2026-08-15 01:00:00,186.24,46.56,Off-Peak,0.08,14.9
2026-08-15 01:15:00,199.02,49.755,Off-Peak,0.08,14.3
2026-08-15 01:30:00,186.46,46.615,Off-Peak,0.08,14.9
2026-08-15 01:45:00,181.14,45.285,Off-Peak,0.08,15.3
2026-08-15 02:00:00,185.73,46.432,Off-Peak,0.08,14.8
2026-08-15 02:15:00,186.33,46.583,Off-Peak,0.08,15.4
2026-08-15 02:30:00,202.72,50.68,Off-Peak,0.08,14.8
2026-08-15 02:45:00,188.35,47.087,Off-Peak,0.08,14.6
2026-08-15 03:00:00,198.21,49.553,Off-Peak,0.08,15.7
2026-08-15 03:15:00,186.61,46.653,Off-Peak,0.08,15.2
2026-08-15 03:30:00,180.74,45.185,Off-Peak,0.08,16.8
2026-08-15 03:45:00,196.7,49.175,Off-Peak,0.08,16.7
2026-08-15 04:00:00,186.29,46.572,Off-Peak,0.08,16.3
2026-08-15 04:15:00,179.94,44.985,Off-Peak,0.08,16.4
2026-08-15 04:30:00,182.83,45.708,Off-Peak,0.08,16.3
2026-08-15 04:45:00,193.48,48.37,Off-Peak,0.08,16.9
2026-08-15 05:00:00,186.75,46.688,Off-Peak,0.08,16.7
2026-08-15 05:15:00,196.0,49.0,Off-Peak,0.08,17.8
2026-08-15 05:30:00,187.46,46.865,Off-Peak,0.08,18.4
2026-08-15 05:45:00,195.83,48.958,Off-Peak,0.08,17.9
2026-08-15 06:00:00,200.81,50.203,Off-Peak,0.08,18.8
2026-08-15 06:15:00,211.12,52.78,Off-Peak,0.08,18.8
2026-08-15 06:30:00,208.56,52.14,Off-Peak,0.08,19.6
2026-08-15 06:45:00,209.84,52.46,Off-Peak,0.08,20.9
2026-08-15 07:00:00,194.97,48.742,Off-Peak,0.08,21.8
2026-08-15 07:15:00,214.0,53.5,Off-Peak,0.08,20.5
2026-08-15 07:30:00,207.77,51.943,Off-Peak,0.08,22.7
2026-08-15 07:45:00,206.95,51.737,Off-Peak,0.08,20.6
2026-08-15 08:00:00,220.42,55.105,Off-Peak,0.08,22.1
2026-08-15 08:15:00,220.38,55.095,Off-Peak,0.08,21.7
2026-08-15 08:30:00,214.34,53.585,Off-Peak,0.08,24.4
2026-08-15 08:45:00,205.79,51.447,Off-Peak,0.08,24.7
2026-08-15 09:00:00,211.41,52.852,Off-Peak,0.08,24.4
2026-08-15 09:15:00,225.28,56.32,Off-Peak,0.08,24.7
2026-08-15 09:30:00,215.23,53.807,Off-Peak,0.08,23.5
2026-08-15 09:45:00,202.39,50.597,Off-Peak,0.08,25.1
2026-08-15 10:00:00,213.21,53.303,Off-Peak,0.08,25.3
2026-08-15 10:15:00,209.46,52.365,Off-Peak,0.08,26.7
2026-08-15 10:30:00,213.08,53.27,Off-Peak,0.08,27.4
2026-08-15 10:45:00,203.09,50.773,Off-Peak,0.08,27.4
2026-08-15 11:00:00,208.32,52.08,Off-Peak,0.08,26.1
2026-08-15 11:15:00,203.18,50.795,Off-Peak,0.08,28.3
2026-08-15 11:30:00,205.2,51.3,Off-Peak,0.08,27.4
2026-08-15 11:45:00,201.03,50.258,Off-Peak,0.08,27.7
2026-08-15 12:00:00,212.85,53.212,Off-Peak,0.08,27.3
2026-08-15 12:15:00,198.64,49.66,Off-Peak,0.08,29.6
2026-08-15 12:30:00,208.05,52.013,Off-Peak,0.08,29.3
2026-08-15 12:45:00,218.59,54.648,Off-Peak,0.08,29.6
2026-08-15 13:00:00,208.14,52.035,Off-Peak,0.08,28.0
2026-08-15 13:15:00,200.14,50.035,Off-Peak,0.08,27.7
2026-08-15 13:30:00,209.14,52.285,Off-Peak,0.08,28.9
2026-08-15 13:45:00,203.57,50.892,Off-Peak,0.08,29.4
2026-08-15 14:00:00,203.46,50.865,Off-Peak,0.08,29.0
2026-08-15 14:15:00,210.72,52.68,Off-Peak,0.08,30.0
2026-08-15 14:30:00,209.56,52.39,Off-Peak,0.08,29.1
2026-08-15 14:45:00,207.22,51.805,Off-Peak,0.08,27.3
2026-08-15 15:00:00,221.51,55.377,Off-Peak,0.08,28.6
2026-08-15 15:15:00,198.63,49.657,Off-Peak,0.08,27.8
2026-08-15 15:30:00,213.54,53.385,Off-Peak,0.08,28.1
2026-08-15 15:45:00,215.98,53.995,Off-Peak,0.08,28.4
2026-08-15 16:00:00,210.21,52.553,Off-Peak,0.08,27.5
2026-08-15 16:15:00,208.88,52.22,Off-Peak,0.08,27.2
2026-08-15 16:30:00,221.28,55.32,Off-Peak,0.08,28.0
2026-08-15 16:45:00,213.98,53.495,Off-Peak,0.08,27.4
2026-08-15 17:00:00,199.47,49.867,Off-Peak,0.08,26.8
2026-08-15 17:15:00,198.97,49.742,Off-Peak,0.08,26.3
2026-08-15 17:30:00,217.01,54.252,Off-Peak,0.08,25.6
2026-08-15 17:45:00,214.13,53.532,Off-Peak,0.08,25.4
2026-08-15 18:00:00,213.11,53.278,Off-Peak,0.08,25.5
2026-08-15 18:15:00,215.57,53.892,Off-Peak,0.08,25.1
2026-08-15 18:30:00,202.78,50.695,Off-Peak,0.08,24.9
2026-08-15 18:45:00,218.87,54.718,Off-Peak,0.08,24.8
2026-08-15 19:00:00,208.87,52.218,Off-Peak,0.08,23.8
2026-08-15 19:15:00,204.46,51.115,Off-Peak,0.08,24.1
2026-08-15 19:30:00,209.19,52.297,Off-Peak,0.08,22.3
2026-08-15 19:45:00,200.13,50.032,Off-Peak,0.08,22.5
2026-08-15 20:00:00,221.31,55.328,Off-Peak,0.08,21.4
2026-08-15 20:15:00,214.5,53.625,Off-Peak,0.08,21.4
2026-08-15 20:30:00,204.8,51.2,Off-Peak,0.08,20.7
2026-08-15 20:45:00,207.17,51.792,Off-Peak,0.08,21.1
2026-08-15 21:00:00,203.3,50.825,Off-Peak,0.08,20.2
2026-08-15 21:15:00,210.79,52.697,Off-Peak,0.08,21.1
2026-08-15 21:30:00,207.95,51.987,Off-Peak,0.08,19.6
2026-08-15 21:45:00,205.68,51.42,Off-Peak,0.08,17.3
2026-08-15 22:00:00,191.14,47.785,Off-Peak,0.08,19.7
2026-08-15 22:15:00,185.13,46.282,Off-Peak,0.08,16.7
2026-08-15 22:30:00,193.46,48.365,Off-Peak,0.08,17.1
2026-08-15 22:45:00,190.39,47.597,Off-Peak,0.08,16.9
2026-08-15 23:00:00,191.53,47.883,Off-Peak,0.08,17.9
2026-08-15 23:15:00,183.35,45.837,Off-Peak,0.08,17.2
2026-08-15 23:30:00,177.73,44.432,Off-Peak,0.08,16.8
2026-08-15 23:45:00,195.44,48.86,Off-Peak,0.08,16.4
2026-08-16 00:00:00,195.26,48.815,Off-Peak,0.08,14.8
2026-08-16 00:15:00,190.71,47.678,Off-Peak,0.08,15.3
2026-08-16 00:30:00,202.49,50.623,Off-Peak,0.08,14.8
2026-08-16 00:45:00,192.07,48.017,Off-Peak,0.08,15.2
2026-08-16 01:00:00,185.09,46.273,Off-Peak,0.08,15.1
2026-08-16 01:15:00,191.16,47.79,Off-Peak,0.08,15.9
2026-08-16 01:30:00,211.42,52.855,Off-Peak,0.08,14.9
2026-08-16 01:45:00,188.54,47.135,Off-Peak,0.08,14.3
2026-08-16 02:00:00,182.68,45.67,Off-Peak,0.08,15.6
2026-08-16 02:15:00,183.56,45.89,Off-Peak,0.08,14.4
2026-08-16 02:30:00,197.18,49.295,Off-Peak,0.08,15.7
2026-08-16 02:45:00,191.88,47.97,Off-Peak,0.08,14.6
2026-08-16 03:00:00,187.1,46.775,Off-Peak,0.08,14.9
2026-08-16 03:15:00,199.92,49.98,Off-Peak,0.08,15.1
2026-08-16 03:30:00,192.13,48.032,Off-Peak,0.08,14.7
2026-08-16 03:45:00,186.03,46.508,Off-Peak,0.08,15.3
2026-08-16 04:00:00,185.1,46.275,Off-Peak,0.08,15.1
2026-08-16 04:15:00,192.41,48.102,Off-Peak,0.08,17.1
2026-08-16 04:30:00,198.29,49.572,Off-Peak,0.08,17.1
2026-08-16 04:45:00,189.5,47.375,Off-Peak,0.08,16.0
2026-08-16 05:00:00,195.89,48.972,Off-Peak,0.08,17.2
2026-08-16 05:15:00,186.94,46.735,Off-Peak,0.08,16.2
2026-08-16 05:30:00,187.3,46.825,Off-Peak,0.08,17.4
2026-08-16 05:45:00,190.51,47.627,Off-Peak,0.08,18.4
2026-08-16 06:00:00,223.33,55.833,Off-Peak,0.08,18.6
2026-08-16 06:15:00,207.02,51.755,Off-Peak,0.08,18.7
2026-08-16 06:30:00,207.75,51.938,Off-Peak,0.08,18.8
2026-08-16 06:45:00,212.95,53.237,Off-Peak,0.08,19.6
2026-08-16 07:00:00,223.35,55.837,Off-Peak,0.08,21.1
2026-08-16 07:15:00,215.28,53.82,Off-Peak,0.08,21.1
2026-08-16 07:30:00,213.11,53.278,Off-Peak,0.08,20.8
2026-08-16 07:45:00,204.62,51.155,Off-Peak,0.08,20.8
2026-08-16 08:00:00,215.7,53.925,Off-Peak,0.08,22.5
2026-08-16 08:15:00,209.72,52.43,Off-Peak,0.08,22.1
2026-08-16 08:30:00,211.96,52.99,Off-Peak,0.08,21.4
2026-08-16 08:45:00,207.54,51.885,Off-Peak,0.08,25.4
2026-08-16 09:00:00,213.28,53.32,Off-Peak,0.08,24.8
2026-08-16 09:15:00,212.38,53.095,Off-Peak,0.08,24.7
2026-08-16 09:30:00,205.66,51.415,Off-Peak,0.08,23.8
2026-08-16 09:45:00,208.46,52.115,Off-Peak,0.08,25.3
2026-08-16 10:00:00,202.13,50.532,Off-Peak,0.08,25.6
2026-08-16 10:15:00,212.02,53.005,Off-Peak,0.08,25.5
2026-08-16 10:30:00,212.76,53.19,Off-Peak,0.08,27.3
2026-08-16 10:45:00,210.23,52.557,Off-Peak,0.08,26.0
2026-08-16 11:00:00,212.69,53.172,Off-Peak,0.08,26.9
2026-08-16 11:15:00,214.69,53.672,Off-Peak,0.08,26.4
2026-08-16 11:30:00,203.02,50.755,Off-Peak,0.08,27.5
2026-08-16 11:45:00,209.91,52.477,Off-Peak,0.08,27.9
2026-08-16 12:00:00,208.52,52.13,Off-Peak,0.08,24.9
2026-08-16 12:15:00,216.19,54.047,Off-Peak,0.08,28.6
2026-08-16 12:30:00,211.99,52.998,Off-Peak,0.08,27.6
2026-08-16 12:45:00,211.82,52.955,Off-Peak,0.08,27.4
2026-08-16 13:00:00,207.83,51.958,Off-Peak,0.08,28.3
2026-08-16 13:15:00,210.37,52.593,Off-Peak,0.08,29.6
2026-08-16 13:30:00,198.96,49.74,Off-Peak,0.08,29.1
2026-08-16 13:45:00,210.98,52.745,Off-Peak,0.08,29.3
2026-08-16 14:00:00,209.06,52.265,Off-Peak,0.08,28.1
2026-08-16 14:15:00,201.54,50.385,Off-Peak,0.08,28.8
2026-08-16 14:30:00,216.53,54.133,Off-Peak,0.08,28.1
2026-08-16 14:45:00,201.57,50.392,Off-Peak,0.08,29.7
2026-08-16 15:00:00,209.07,52.267,Off-Peak,0.08,28.3
2026-08-16 15:15:00,207.44,51.86,Off-Peak,0.08,28.0
2026-08-16 15:30:00,213.33,53.333,Off-Peak,0.08,28.0
2026-08-16 15:45:00,206.48,51.62,Off-Peak,0.08,28.8
2026-08-16 16:00:00,206.07,51.517,Off-Peak,0.08,28.3
2026-08-16 16:15:00,212.46,53.115,Off-Peak,0.08,27.6
2026-08-16 16:30:00,206.67,51.667,Off-Peak,0.08,26.7
2026-08-16 16:45:00,205.31,51.328,Off-Peak,0.08,27.7
2026-08-16 17:00:00,205.08,51.27,Off-Peak,0.08,28.0
2026-08-16 17:15:00,223.49,55.873,Off-Peak,0.08,26.3
2026-08-16 17:30:00,215.5,53.875,Off-Peak,0.08,25.4
2026-08-16 17:45:00,215.73,53.932,Off-Peak,0.08,26.7
2026-08-16 18:00:00,210.98,52.745,Off-Peak,0.08,26.0
2026-08-16 18:15:00,208.66,52.165,Off-Peak,0.08,24.3
2026-08-16 18:30:00,210.15,52.538,Off-Peak,0.08,24.0
2026-08-16 18:45:00,214.31,53.578,Off-Peak,0.08,24.8
2026-08-16 19:00:00,228.87,57.218,Off-Peak,0.08,22.8
2026-08-16 19:15:00,203.21,50.803,Off-Peak,0.08,23.2
2026-08-16 19:30:00,205.38,51.345,Off-Peak,0.08,23.6
2026-08-16 19:45:00,208.52,52.13,Off-Peak,0.08,22.8
2026-08-16 20:00:00,215.78,53.945,Off-Peak,0.08,22.6
2026-08-16 20:15:00,215.12,53.78,Off-Peak,0.08,21.6
2026-08-16 20:30:00,202.2,50.55,Off-Peak,0.08,22.3
2026-08-16 20:45:00,208.04,52.01,Off-Peak,0.08,20.3
2026-08-16 21:00:00,208.08,52.02,Off-Peak,0.08,19.9
2026-08-16 21:15:00,211.98,52.995,Off-Peak,0.08,20.3
2026-08-16 21:30:00,204.98,51.245,Off-Peak,0.08,19.7
2026-08-16 21:45:00,209.01,52.252,Off-Peak,0.08,19.9
2026-08-16 22:00:00,185.49,46.373,Off-Peak,0.08,19.2
2026-08-16 22:15:00,201.73,50.432,Off-Peak,0.08,17.3
2026-08-16 22:30:00,199.41,49.852,Off-Peak,0.08,18.8
2026-08-16 22:45:00,196.58,49.145,Off-Peak,0.08,16.0
2026-08-16 23:00:00,194.72,48.68,Off-Peak,0.08,15.5
2026-08-16 23:15:00,188.55,47.138,Off-Peak,0.08,16.8
2026-08-16 23:30:00,191.91,47.977,Off-Peak,0.08,16.8
2026-08-16 23:45:00,183.36,45.84,Off-Peak,0.08,15.6
2026-08-17 00:00:00,198.73,49.682,Off-Peak,0.08,16.3
2026-08-17 00:15:00,190.71,47.678,Off-Peak,0.08,14.6
2026-08-17 00:30:00,196.16,49.04,Off-Peak,0.08,15.2
2026-08-17 00:45:00,185.65,46.413,Off-Peak,0.08,14.8
2026-08-17 01:00:00,186.59,46.648,Off-Peak,0.08,15.5
2026-08-17 01:15:00,175.13,43.782,Off-Peak,0.08,15.8
2026-08-17 01:30:00,191.0,47.75,Off-Peak,0.08,15.0
2026-08-17 01:45:00,176.97,44.242,Off-Peak,0.08,16.1
2026-08-17 02:00:00,200.54,50.135,Off-Peak,0.08,15.5
2026-08-17 02:15:00,191.96,47.99,Off-Peak,0.08,14.5
2026-08-17 02:30:00,191.67,47.917,Off-Peak,0.08,14.5
2026-08-17 02:45:00,174.69,43.672,Off-Peak,0.08,14.9
2026-08-17 03:00:00,182.53,45.633,Off-Peak,0.08,15.5
2026-08-17 03:15:00,188.47,47.117,Off-Peak,0.08,14.4
2026-08-17 03:30:00,193.48,48.37,Off-Peak,0.08,15.0
2026-08-17 03:45:00,180.69,45.172,Off-Peak,0.08,14.3
2026-08-17 04:00:00,188.24,47.06,Off-Peak,0.08,16.0
2026-08-17 04:15:00,186.89,46.722,Off-Peak,0.08,15.0
2026-08-17 04:30:00,190.61,47.653,Off-Peak,0.08,17.7
2026-08-17 04:45:00,188.51,47.127,Off-Peak,0.08,17.2
2026-08-17 05:00:00,190.19,47.547,Off-Peak,0.08,18.3
2026-08-17 05:15:00,187.57,46.892,Off-Peak,0.08,16.9
2026-08-17 05:30:00,194.17,48.542,Off-Peak,0.08,17.1
2026-08-17 05:45:00,196.64,49.16,Off-Peak,0.08,18.3
2026-08-17 06:00:00,299.0,74.75,Off-Peak,0.08,18.9
2026-08-17 06:15:00,294.76,73.69,Off-Peak,0.08,18.9
2026-08-17 06:30:00,283.89,70.972,Off-Peak,0.08,17.8
2026-08-17 06:45:00,298.94,74.735,Off-Peak,0.08,20.8
2026-08-17 07:00:00,311.78,77.945,Off-Peak,0.08,19.7
2026-08-17 07:15:00,314.93,78.733,Off-Peak,0.08,19.9
2026-08-17 07:30:00,326.99,81.748,Off-Peak,0.08,19.9
2026-08-17 07:45:00,330.57,82.642,Off-Peak,0.08,22.8
2026-08-17 08:00:00,551.19,137.798,Normal,0.18,21.6
2026-08-17 08:15:00,568.23,142.058,Normal,0.18,23.0
2026-08-17 08:30:00,578.14,144.535,Normal,0.18,23.4
2026-08-17 08:45:00,571.61,142.903,Normal,0.18,23.2
2026-08-17 09:00:00,592.59,148.148,Normal,0.18,23.9
2026-08-17 09:15:00,570.68,142.67,Normal,0.18,24.3
2026-08-17 09:30:00,567.07,141.768,Normal,0.18,24.0
2026-08-17 09:45:00,574.35,143.588,Normal,0.18,26.6
2026-08-17 10:00:00,589.27,147.317,Normal,0.18,25.6
2026-08-17 10:15:00,599.71,149.928,Normal,0.18,26.8
2026-08-17 10:30:00,598.76,149.69,Normal,0.18,26.4
2026-08-17 10:45:00,600.28,150.07,Normal,0.18,26.8
2026-08-17 11:00:00,563.51,140.877,Normal,0.18,26.6
2026-08-17 11:15:00,564.27,141.067,Normal,0.18,27.9
2026-08-17 11:30:00,585.2,146.3,Normal,0.18,28.0
2026-08-17 11:45:00,592.07,148.018,Normal,0.18,28.0
2026-08-17 12:00:00,583.16,145.79,Normal,0.18,27.4
2026-08-17 12:15:00,614.31,153.577,Normal,0.18,28.1
2026-08-17 12:30:00,601.71,150.428,Normal,0.18,27.5
2026-08-17 12:45:00,607.72,151.93,Normal,0.18,29.2
2026-08-17 13:00:00,601.3,150.325,Normal,0.18,28.7
2026-08-17 13:15:00,595.83,148.958,Normal,0.18,29.8
2026-08-17 13:30:00,608.23,152.058,Normal,0.18,29.6
2026-08-17 13:45:00,582.1,145.525,Normal,0.18,29.0
2026-08-17 14:00:00,585.52,146.38,Normal,0.18,29.2
2026-08-17 14:15:00,597.69,149.423,Normal,0.18,28.9
2026-08-17 14:30:00,612.24,153.06,Normal,0.18,29.3
2026-08-17 14:45:00,568.31,142.077,Normal,0.18,28.5
2026-08-17 15:00:00,614.47,153.618,Normal,0.18,28.1
2026-08-17 15:15:00,611.12,152.78,Normal,0.18,28.9
2026-08-17 15:30:00,594.47,148.618,Normal,0.18,27.4
2026-08-17 15:45:00,569.17,142.292,Normal,0.18,27.5
2026-08-17 16:00:00,624.34,156.085,Normal,0.18,29.1
2026-08-17 16:15:00,567.29,141.822,Normal,0.18,27.5
2026-08-17 16:30:00,604.64,151.16,Normal,0.18,27.7
2026-08-17 16:45:00,575.39,143.847,Normal,0.18,25.7
2026-08-17 17:00:00,590.49,147.623,Normal,0.18,28.2
2026-08-17 17:15:00,600.35,150.088,Normal,0.18,27.5
2026-08-17 17:30:00,597.81,149.452,Normal,0.18,26.0
2026-08-17 17:45:00,556.03,139.007,Normal,0.18,24.9
2026-08-17 18:00:00,573.66,143.415,Peak,0.35,25.1
2026-08-17 18:15:00,551.75,137.938,Peak,0.35,24.7
2026-08-17 18:30:00,573.44,143.36,Peak,0.35,24.5
2026-08-17 18:45:00,547.6,136.9,Peak,0.35,23.9
2026-08-17 19:00:00,580.78,145.195,Peak,0.35,23.6
2026-08-17 19:15:00,575.34,143.835,Peak,0.35,23.8
2026-08-17 19:30:00,331.92,82.98,Peak,0.35,23.1
2026-08-17 19:45:00,330.27,82.567,Peak,0.35,22.3
2026-08-17 20:00:00,322.38,80.595,Peak,0.35,22.3
2026-08-17 20:15:00,329.91,82.478,Peak,0.35,21.9
2026-08-17 20:30:00,324.26,81.065,Peak,0.35,21.8
2026-08-17 20:45:00,307.59,76.897,Peak,0.35,20.9
2026-08-17 21:00:00,319.45,79.862,Peak,0.35,20.4
2026-08-17 21:15:00,311.54,77.885,Peak,0.35,21.3
2026-08-17 21:30:00,315.21,78.802,Peak,0.35,19.0
2026-08-17 21:45:00,318.44,79.61,Peak,0.35,19.4
2026-08-17 22:00:00,195.46,48.865,Off-Peak,0.08,19.0
2026-08-17 22:15:00,178.3,44.575,Off-Peak,0.08,18.7
2026-08-17 22:30:00,191.06,47.765,Off-Peak,0.08,18.6
2026-08-17 22:45:00,176.96,44.24,Off-Peak,0.08,17.2
2026-08-17 23:00:00,194.7,48.675,Off-Peak,0.08,18.0
2026-08-17 23:15:00,199.67,49.917,Off-Peak,0.08,17.3
2026-08-17 23:30:00,194.15,48.538,Off-Peak,0.08,16.0
2026-08-17 23:45:00,195.38,48.845,Off-Peak,0.08,16.2
2026-08-18 00:00:00,184.01,46.002,Off-Peak,0.08,14.8
2026-08-18 00:15:00,179.79,44.947,Off-Peak,0.08,16.9
2026-08-18 00:30:00,173.4,43.35,Off-Peak,0.08,16.0
2026-08-18 00:45:00,174.09,43.523,Off-Peak,0.08,14.1
2026-08-18 01:00:00,183.86,45.965,Off-Peak,0.08,16.4
2026-08-18 01:15:00,191.48,47.87,Off-Peak,0.08,14.5
2026-08-18 01:30:00,188.6,47.15,Off-Peak,0.08,13.5
2026-08-18 01:45:00,187.06,46.765,Off-Peak,0.08,14.6
2026-08-18 02:00:00,202.96,50.74,Off-Peak,0.08,15.7
2026-08-18 02:15:00,209.63,52.407,Off-Peak,0.08,12.6
2026-08-18 02:30:00,193.0,48.25,Off-Peak,0.08,15.8
2026-08-18 02:45:00,179.05,44.763,Off-Peak,0.08,15.4
2026-08-18 03:00:00,187.92,46.98,Off-Peak,0.08,16.5
2026-08-18 03:15:00,193.24,48.31,Off-Peak,0.08,15.2
2026-08-18 03:30:00,196.65,49.163,Off-Peak,0.08,14.0
2026-08-18 03:45:00,188.3,47.075,Off-Peak,0.08,16.0
2026-08-18 04:00:00,189.44,47.36,Off-Peak,0.08,15.4
2026-08-18 04:15:00,196.41,49.102,Off-Peak,0.08,15.8
2026-08-18 04:30:00,184.07,46.017,Off-Peak,0.08,15.7
2026-08-18 04:45:00,189.09,47.273,Off-Peak,0.08,16.4
2026-08-18 05:00:00,190.33,47.583,Off-Peak,0.08,16.6
2026-08-18 05:15:00,180.66,45.165,Off-Peak,0.08,16.9
2026-08-18 05:30:00,197.83,49.458,Off-Peak,0.08,17.4
2026-08-18 05:45:00,183.52,45.88,Off-Peak,0.08,17.4
2026-08-18 06:00:00,289.48,72.37,Off-Peak,0.08,18.8
2026-08-18 06:15:00,298.04,74.51,Off-Peak,0.08,18.9
2026-08-18 06:30:00,304.56,76.14,Off-Peak,0.08,18.8
2026-08-18 06:45:00,301.35,75.338,Off-Peak,0.08,20.9
2026-08-18 07:00:00,322.08,80.52,Off-Peak,0.08,19.5
2026-08-18 07:15:00,330.77,82.692,Off-Peak,0.08,20.0
2026-08-18 07:30:00,319.0,79.75,Off-Peak,0.08,21.1
2026-08-18 07:45:00,314.33,78.582,Off-Peak,0.08,21.0
2026-08-18 08:00:00,558.61,139.653,Normal,0.18,21.9
2026-08-18 08:15:00,551.7,137.925,Normal,0.18,21.8
2026-08-18 08:30:00,553.38,138.345,Normal,0.18,24.3
2026-08-18 08:45:00,565.01,141.252,Normal,0.18,23.0
2026-08-18 09:00:00,544.98,136.245,Normal,0.18,21.8
2026-08-18 09:15:00,604.01,151.002,Normal,0.18,23.7
2026-08-18 09:30:00,567.72,141.93,Normal,0.18,24.1
2026-08-18 09:45:00,573.63,143.407,Normal,0.18,24.5
2026-08-18 10:00:00,594.95,148.738,Normal,0.18,25.8
2026-08-18 10:15:00,587.89,146.972,Normal,0.18,26.5
2026-08-18 10:30:00,594.54,148.635,Normal,0.18,25.9
2026-08-18 10:45:00,572.79,143.197,Normal,0.18,26.5
2026-08-18 11:00:00,586.15,146.537,Normal,0.18,27.2
2026-08-18 11:15:00,576.6,144.15,Normal,0.18,28.1
2026-08-18 11:30:00,589.98,147.495,Normal,0.18,27.4
2026-08-18 11:45:00,611.78,152.945,Normal,0.18,28.3
2026-08-18 12:00:00,595.74,148.935,Normal,0.18,28.4
2026-08-18 12:15:00,591.46,147.865,Normal,0.18,27.6
2026-08-18 12:30:00,608.62,152.155,Normal,0.18,28.3
2026-08-18 12:45:00,577.22,144.305,Normal,0.18,28.5
2026-08-18 13:00:00,593.8,148.45,Normal,0.18,28.1
2026-08-18 13:15:00,608.49,152.123,Normal,0.18,29.9
2026-08-18 13:30:00,585.59,146.398,Normal,0.18,28.0
2026-08-18 13:45:00,622.91,155.727,Normal,0.18,28.0
2026-08-18 14:00:00,606.84,151.71,Normal,0.18,29.2
2026-08-18 14:15:00,590.64,147.66,Normal,0.18,28.5
2026-08-18 14:30:00,566.5,141.625,Normal,0.18,28.2
2026-08-18 14:45:00,587.92,146.98,Normal,0.18,28.2
2026-08-18 15:00:00,603.9,150.975,Normal,0.18,29.6
2026-08-18 15:15:00,595.21,148.803,Normal,0.18,27.8
2026-08-18 15:30:00,568.98,142.245,Normal,0.18,28.8
2026-08-18 15:45:00,609.16,152.29,Normal,0.18,27.3
2026-08-18 16:00:00,569.54,142.385,Normal,0.18,27.0
2026-08-18 16:15:00,618.64,154.66,Normal,0.18,27.5
2026-08-18 16:30:00,602.52,150.63,Normal,0.18,29.4
2026-08-18 16:45:00,596.48,149.12,Normal,0.18,26.3
2026-08-18 17:00:00,561.41,140.352,Normal,0.18,26.7
2026-08-18 17:15:00,564.23,141.058,Normal,0.18,27.4
2026-08-18 17:30:00,600.28,150.07,Normal,0.18,26.0
2026-08-18 17:45:00,583.42,145.855,Normal,0.18,25.4
2026-08-18 18:00:00,595.23,148.808,Peak,0.35,26.3
2026-08-18 18:15:00,561.37,140.343,Peak,0.35,25.6
2026-08-18 18:30:00,578.81,144.702,Peak,0.35,26.9
2026-08-18 18:45:00,563.69,140.923,Peak,0.35,24.2
2026-08-18 19:00:00,571.53,142.882,Peak,0.35,23.5
2026-08-18 19:15:00,573.92,143.48,Peak,0.35,24.4
2026-08-18 19:30:00,308.83,77.207,Peak,0.35,22.7
2026-08-18 19:45:00,322.04,80.51,Peak,0.35,22.0
2026-08-18 20:00:00,340.78,85.195,Peak,0.35,22.2
2026-08-18 20:15:00,332.47,83.118,Peak,0.35,21.0
2026-08-18 20:30:00,328.45,82.112,Peak,0.35,21.4
2026-08-18 20:45:00,309.58,77.395,Peak,0.35,20.1
2026-08-18 21:00:00,324.55,81.138,Peak,0.35,20.8
2026-08-18 21:15:00,308.01,77.002,Peak,0.35,19.1
2026-08-18 21:30:00,297.5,74.375,Peak,0.35,18.7
2026-08-18 21:45:00,295.83,73.957,Peak,0.35,18.5
2026-08-18 22:00:00,192.22,48.055,Off-Peak,0.08,18.4
2026-08-18 22:15:00,202.11,50.528,Off-Peak,0.08,18.4
2026-08-18 22:30:00,187.04,46.76,Off-Peak,0.08,17.8
2026-08-18 22:45:00,179.14,44.785,Off-Peak,0.08,17.8
2026-08-18 23:00:00,186.32,46.58,Off-Peak,0.08,19.8
2026-08-18 23:15:00,199.43,49.858,Off-Peak,0.08,16.8
2026-08-18 23:30:00,207.25,51.812,Off-Peak,0.08,15.4
2026-08-18 23:45:00,190.31,47.578,Off-Peak,0.08,16.2
2026-08-19 00:00:00,196.81,49.203,Off-Peak,0.08,15.2
2026-08-19 00:15:00,178.44,44.61,Off-Peak,0.08,14.7
2026-08-19 00:30:00,196.19,49.047,Off-Peak,0.08,14.6
2026-08-19 00:45:00,177.72,44.43,Off-Peak,0.08,15.8
2026-08-19 01:00:00,188.89,47.222,Off-Peak,0.08,15.9
2026-08-19 01:15:00,181.87,45.468,Off-Peak,0.08,15.6
2026-08-19 01:30:00,181.42,45.355,Off-Peak,0.08,15.0
2026-08-19 01:45:00,199.25,49.812,Off-Peak,0.08,15.3
2026-08-19 02:00:00,190.59,47.648,Off-Peak,0.08,14.5
2026-08-19 02:15:00,195.5,48.875,Off-Peak,0.08,15.0
2026-08-19 02:30:00,176.28,44.07,Off-Peak,0.08,14.9
2026-08-19 02:45:00,186.4,46.6,Off-Peak,0.08,15.1
2026-08-19 03:00:00,196.62,49.155,Off-Peak,0.08,13.9
2026-08-19 03:15:00,189.51,47.377,Off-Peak,0.08,15.4
2026-08-19 03:30:00,180.79,45.197,Off-Peak,0.08,15.2
2026-08-19 03:45:00,206.69,51.672,Off-Peak,0.08,14.3
2026-08-19 04:00:00,188.27,47.068,Off-Peak,0.08,15.3
2026-08-19 04:15:00,189.47,47.367,Off-Peak,0.08,18.8
2026-08-19 04:30:00,189.05,47.263,Off-Peak,0.08,17.5
2026-08-19 04:45:00,181.07,45.267,Off-Peak,0.08,17.7
2026-08-19 05:00:00,180.04,45.01,Off-Peak,0.08,16.8
2026-08-19 05:15:00,192.81,48.203,Off-Peak,0.08,16.9
2026-08-19 05:30:00,183.47,45.867,Off-Peak,0.08,18.7
2026-08-19 05:45:00,202.17,50.542,Off-Peak,0.08,18.6
2026-08-19 06:00:00,309.25,77.312,Off-Peak,0.08,19.4
2026-08-19 06:15:00,298.93,74.733,Off-Peak,0.08,18.4
2026-08-19 06:30:00,282.84,70.71,Off-Peak,0.08,20.0
2026-08-19 06:45:00,296.34,74.085,Off-Peak,0.08,19.1
2026-08-19 07:00:00,314.05,78.513,Off-Peak,0.08,19.2
2026-08-19 07:15:00,339.88,84.97,Off-Peak,0.08,21.9
2026-08-19 07:30:00,331.12,82.78,Off-Peak,0.08,21.3
2026-08-19 07:45:00,343.23,85.808,Off-Peak,0.08,22.7
2026-08-19 08:00:00,535.33,133.833,Normal,0.18,22.3
2026-08-19 08:15:00,570.01,142.502,Normal,0.18,21.5
2026-08-19 08:30:00,569.09,142.273,Normal,0.18,23.4
2026-08-19 08:45:00,565.56,141.39,Normal,0.18,22.9
2026-08-19 09:00:00,554.65,138.662,Normal,0.18,24.3
2026-08-19 09:15:00,599.31,149.827,Normal,0.18,26.1
2026-08-19 09:30:00,568.97,142.243,Normal,0.18,24.2
2026-08-19 09:45:00,567.78,141.945,Normal,0.18,24.5
2026-08-19 10:00:00,580.07,145.018,Normal,0.18,25.9
2026-08-19 10:15:00,567.95,141.988,Normal,0.18,25.6
2026-08-19 10:30:00,603.97,150.993,Normal,0.18,28.3
2026-08-19 10:45:00,585.03,146.257,Normal,0.18,27.4
2026-08-19 11:00:00,602.84,150.71,Normal,0.18,28.2
2026-08-19 11:15:00,609.63,152.407,Normal,0.18,28.5
2026-08-19 11:30:00,578.97,144.743,Normal,0.18,28.0
2026-08-19 11:45:00,579.61,144.903,Normal,0.18,27.9
2026-08-19 12:00:00,564.65,141.162,Normal,0.18,27.0
2026-08-19 12:15:00,583.42,145.855,Normal,0.18,27.4
2026-08-19 12:30:00,613.36,153.34,Normal,0.18,29.4
2026-08-19 12:45:00,565.16,141.29,Normal,0.18,28.2
2026-08-19 13:00:00,603.13,150.782,Normal,0.18,27.4
2026-08-19 13:15:00,607.27,151.817,Normal,0.18,30.5
2026-08-19 13:30:00,571.95,142.988,Normal,0.18,28.3
2026-08-19 13:45:00,607.36,151.84,Normal,0.18,29.4
2026-08-19 14:00:00,616.08,154.02,Normal,0.18,28.4
2026-08-19 14:15:00,550.51,137.627,Normal,0.18,29.7
2026-08-19 14:30:00,611.68,152.92,Normal,0.18,28.2
2026-08-19 14:45:00,595.07,148.768,Normal,0.18,27.5
2026-08-19 15:00:00,599.89,149.972,Normal,0.18,27.2
2026-08-19 15:15:00,573.73,143.433,Normal,0.18,28.4
2026-08-19 15:30:00,609.39,152.347,Normal,0.18,27.9
2026-08-19 15:45:00,574.25,143.562,Normal,0.18,29.3
2026-08-19 16:00:00,591.2,147.8,Normal,0.18,28.1
2026-08-19 16:15:00,607.92,151.98,Normal,0.18,27.6
2026-08-19 16:30:00,604.96,151.24,Normal,0.18,27.1
2026-08-19 16:45:00,568.27,142.067,Normal,0.18,26.6
2026-08-19 17:00:00,595.05,148.762,Normal,0.18,26.9
2026-08-19 17:15:00,561.38,140.345,Normal,0.18,26.7
2026-08-19 17:30:00,589.54,147.385,Normal,0.18,25.8
2026-08-19 17:45:00,559.8,139.95,Normal,0.18,26.4
2026-08-19 18:00:00,564.26,141.065,Peak,0.35,26.8
2026-08-19 18:15:00,568.67,142.167,Peak,0.35,25.3
2026-08-19 18:30:00,564.01,141.002,Peak,0.35,24.6
2026-08-19 18:45:00,568.24,142.06,Peak,0.35,23.9
2026-08-19 19:00:00,592.68,148.17,Peak,0.35,22.0
2026-08-19 19:15:00,541.65,135.412,Peak,0.35,22.8
2026-08-19 19:30:00,334.35,83.588,Peak,0.35,23.5
2026-08-19 19:45:00,332.65,83.162,Peak,0.35,22.6
2026-08-19 20:00:00,331.75,82.938,Peak,0.35,21.5
2026-08-19 20:15:00,324.74,81.185,Peak,0.35,21.2
2026-08-19 20:30:00,335.85,83.963,Peak,0.35,21.9
2026-08-19 20:45:00,305.97,76.493,Peak,0.35,21.1
2026-08-19 21:00:00,313.13,78.282,Peak,0.35,19.9
2026-08-19 21:15:00,304.57,76.142,Peak,0.35,19.1
2026-08-19 21:30:00,310.12,77.53,Peak,0.35,18.7
2026-08-19 21:45:00,296.01,74.002,Peak,0.35,19.1
2026-08-19 22:00:00,198.74,49.685,Off-Peak,0.08,18.7
2026-08-19 22:15:00,198.35,49.587,Off-Peak,0.08,16.1
2026-08-19 22:30:00,177.52,44.38,Off-Peak,0.08,19.8
2026-08-19 22:45:00,190.93,47.733,Off-Peak,0.08,17.7
2026-08-19 23:00:00,189.38,47.345,Off-Peak,0.08,18.0
2026-08-19 23:15:00,188.0,47.0,Off-Peak,0.08,17.2
2026-08-19 23:30:00,186.51,46.627,Off-Peak,0.08,15.9
2026-08-19 23:45:00,195.42,48.855,Off-Peak,0.08,16.7
2026-08-20 00:00:00,198.9,49.725,Off-Peak,0.08,16.7
2026-08-20 00:15:00,189.7,47.425,Off-Peak,0.08,16.1
2026-08-20 00:30:00,190.2,47.55,Off-Peak,0.08,15.3
2026-08-20 00:45:00,198.57,49.642,Off-Peak,0.08,15.3
2026-08-20 01:00:00,198.96,49.74,Off-Peak,0.08,16.1
2026-08-20 01:15:00,194.69,48.672,Off-Peak,0.08,15.0
2026-08-20 01:30:00,191.12,47.78,Off-Peak,0.08,14.6
2026-08-20 01:45:00,202.74,50.685,Off-Peak,0.08,15.3
2026-08-20 02:00:00,190.44,47.61,Off-Peak,0.08,15.2
2026-08-20 02:15:00,192.46,48.115,Off-Peak,0.08,16.4
2026-08-20 02:30:00,191.39,47.847,Off-Peak,0.08,14.4
2026-08-20 02:45:00,190.43,47.608,Off-Peak,0.08,15.6
2026-08-20 03:00:00,186.91,46.727,Off-Peak,0.08,16.3
2026-08-20 03:15:00,191.33,47.833,Off-Peak,0.08,15.3
2026-08-20 03:30:00,195.89,48.972,Off-Peak,0.08,15.6
2026-08-20 03:45:00,188.94,47.235,Off-Peak,0.08,15.5
2026-08-20 04:00:00,189.3,47.325,Off-Peak,0.08,16.7
2026-08-20 04:15:00,195.76,48.94,Off-Peak,0.08,16.1
2026-08-20 04:30:00,191.16,47.79,Off-Peak,0.08,15.6
2026-08-20 04:45:00,186.53,46.633,Off-Peak,0.08,16.0
2026-08-20 05:00:00,193.4,48.35,Off-Peak,0.08,16.8
2026-08-20 05:15:00,186.46,46.615,Off-Peak,0.08,15.6
2026-08-20 05:30:00,190.16,47.54,Off-Peak,0.08,17.8
2026-08-20 05:45:00,196.35,49.087,Off-Peak,0.08,18.3
2026-08-20 06:00:00,297.95,74.487,Off-Peak,0.08,18.4
2026-08-20 06:15:00,268.93,67.233,Off-Peak,0.08,17.4
2026-08-20 06:30:00,294.68,73.67,Off-Peak,0.08,19.3
2026-08-20 06:45:00,290.35,72.588,Off-Peak,0.08,20.1
2026-08-20 07:00:00,327.91,81.978,Off-Peak,0.08,20.4
2026-08-20 07:15:00,328.11,82.028,Off-Peak,0.08,20.0
2026-08-20 07:30:00,338.85,84.713,Off-Peak,0.08,22.3
2026-08-20 07:45:00,320.52,80.13,Off-Peak,0.08,20.4
2026-08-20 08:00:00,566.31,141.577,Normal,0.18,21.7
2026-08-20 08:15:00,558.91,139.727,Normal,0.18,22.0
2026-08-20 08:30:00,561.0,140.25,Normal,0.18,22.2
2026-08-20 08:45:00,597.54,149.385,Normal,0.18,22.5
2026-08-20 09:00:00,568.14,142.035,Normal,0.18,24.2
2026-08-20 09:15:00,576.77,144.192,Normal,0.18,24.9
2026-08-20 09:30:00,573.51,143.377,Normal,0.18,25.6
2026-08-20 09:45:00,556.68,139.17,Normal,0.18,23.5
2026-08-20 10:00:00,586.19,146.548,Normal,0.18,25.7
2026-08-20 10:15:00,563.82,140.955,Normal,0.18,26.1
2026-08-20 10:30:00,609.66,152.415,Normal,0.18,27.2
2026-08-20 10:45:00,588.01,147.002,Normal,0.18,26.0
2026-08-20 11:00:00,627.08,156.77,Normal,0.18,27.5
2026-08-20 11:15:00,605.3,151.325,Normal,0.18,27.0
2026-08-20 11:30:00,579.52,144.88,Normal,0.18,26.0
2026-08-20 11:45:00,588.59,147.148,Normal,0.18,27.1
2026-08-20 12:00:00,586.21,146.553,Normal,0.18,28.5
2026-08-20 12:15:00,565.6,141.4,Normal,0.18,28.4
2026-08-20 12:30:00,593.15,148.287,Normal,0.18,29.2
2026-08-20 12:45:00,573.38,143.345,Normal,0.18,29.0
2026-08-20 13:00:00,594.21,148.553,Normal,0.18,29.4
2026-08-20 13:15:00,612.53,153.132,Normal,0.18,29.0
2026-08-20 13:30:00,568.18,142.045,Normal,0.18,28.6
2026-08-20 13:45:00,596.48,149.12,Normal,0.18,30.1
2026-08-20 14:00:00,600.6,150.15,Normal,0.18,29.6
2026-08-20 14:15:00,588.49,147.123,Normal,0.18,28.3
2026-08-20 14:30:00,588.95,147.238,Normal,0.18,28.5
2026-08-20 14:45:00,578.43,144.607,Normal,0.18,27.9
2026-08-20 15:00:00,593.15,148.287,Normal,0.18,29.8
2026-08-20 15:15:00,579.82,144.955,Normal,0.18,28.8
2026-08-20 15:30:00,591.01,147.752,Normal,0.18,27.8
2026-08-20 15:45:00,582.98,145.745,Normal,0.18,27.9
2026-08-20 16:00:00,583.89,145.972,Normal,0.18,27.3
2026-08-20 16:15:00,587.91,146.977,Normal,0.18,29.0
2026-08-20 16:30:00,579.81,144.952,Normal,0.18,27.8
2026-08-20 16:45:00,582.45,145.613,Normal,0.18,26.5
2026-08-20 17:00:00,558.95,139.738,Normal,0.18,27.5
2026-08-20 17:15:00,563.03,140.757,Normal,0.18,26.5
2026-08-20 17:30:00,579.68,144.92,Normal,0.18,26.3
2026-08-20 17:45:00,615.86,153.965,Normal,0.18,25.8
2026-08-20 18:00:00,561.36,140.34,Peak,0.35,25.5
2026-08-20 18:15:00,571.36,142.84,Peak,0.35,25.7
2026-08-20 18:30:00,552.23,138.058,Peak,0.35,25.2
2026-08-20 18:45:00,570.68,142.67,Peak,0.35,23.7
2026-08-20 19:00:00,544.44,136.11,Peak,0.35,24.2
2026-08-20 19:15:00,556.88,139.22,Peak,0.35,23.3
2026-08-20 19:30:00,314.06,78.515,Peak,0.35,21.6
2026-08-20 19:45:00,329.18,82.295,Peak,0.35,23.1
2026-08-20 20:00:00,330.92,82.73,Peak,0.35,22.3
2026-08-20 20:15:00,322.28,80.57,Peak,0.35,22.7
2026-08-20 20:30:00,322.6,80.65,Peak,0.35,20.4
2026-08-20 20:45:00,324.18,81.045,Peak,0.35,21.3
2026-08-20 21:00:00,319.15,79.787,Peak,0.35,20.9
2026-08-20 21:15:00,316.5,79.125,Peak,0.35,19.9
2026-08-20 21:30:00,319.66,79.915,Peak,0.35,20.7
2026-08-20 21:45:00,296.58,74.145,Peak,0.35,18.3
2026-08-20 22:00:00,192.09,48.023,Off-Peak,0.08,18.7
2026-08-20 22:15:00,197.4,49.35,Off-Peak,0.08,18.1
2026-08-20 22:30:00,199.99,49.998,Off-Peak,0.08,16.6
2026-08-20 22:45:00,190.16,47.54,Off-Peak,0.08,18.3
2026-08-20 23:00:00,203.2,50.8,Off-Peak,0.08,18.3
2026-08-20 23:15:00,185.72,46.43,Off-Peak,0.08,17.1
2026-08-20 23:30:00,184.93,46.233,Off-Peak,0.08,16.2
2026-08-20 23:45:00,186.11,46.528,Off-Peak,0.08,16.1
2026-08-21 00:00:00,195.55,48.888,Off-Peak,0.08,16.5
2026-08-21 00:15:00,189.91,47.477,Off-Peak,0.08,16.3
2026-08-21 00:30:00,188.82,47.205,Off-Peak,0.08,16.5
2026-08-21 00:45:00,189.26,47.315,Off-Peak,0.08,14.8
2026-08-21 01:00:00,186.97,46.742,Off-Peak,0.08,15.1
2026-08-21 01:15:00,205.84,51.46,Off-Peak,0.08,14.6
2026-08-21 01:30:00,186.37,46.593,Off-Peak,0.08,15.0
2026-08-21 01:45:00,182.78,45.695,Off-Peak,0.08,16.6
2026-08-21 02:00:00,192.24,48.06,Off-Peak,0.08,15.6
2026-08-21 02:15:00,194.47,48.617,Off-Peak,0.08,13.6
2026-08-21 02:30:00,202.94,50.735,Off-Peak,0.08,14.4
2026-08-21 02:45:00,192.4,48.1,Off-Peak,0.08,16.1
2026-08-21 03:00:00,194.96,48.74,Off-Peak,0.08,15.4
2026-08-21 03:15:00,187.51,46.877,Off-Peak,0.08,14.0
2026-08-21 03:30:00,190.85,47.712,Off-Peak,0.08,16.5
2026-08-21 03:45:00,194.38,48.595,Off-Peak,0.08,15.7
2026-08-21 04:00:00,192.77,48.193,Off-Peak,0.08,16.5
2026-08-21 04:15:00,185.36,46.34,Off-Peak,0.08,14.0
2026-08-21 04:30:00,181.4,45.35,Off-Peak,0.08,16.2
2026-08-21 04:45:00,198.42,49.605,Off-Peak,0.08,17.1
2026-08-21 05:00:00,191.41,47.852,Off-Peak,0.08,16.3
2026-08-21 05:15:00,176.96,44.24,Off-Peak,0.08,17.2
2026-08-21 05:30:00,195.29,48.822,Off-Peak,0.08,17.4
2026-08-21 05:45:00,194.56,48.64,Off-Peak,0.08,18.6
2026-08-21 06:00:00,299.54,74.885,Off-Peak,0.08,19.6
2026-08-21 06:15:00,290.26,72.565,Off-Peak,0.08,19.0
2026-08-21 06:30:00,287.23,71.808,Off-Peak,0.08,19.2
2026-08-21 06:45:00,288.13,72.032,Off-Peak,0.08,20.1
2026-08-21 07:00:00,323.35,80.838,Off-Peak,0.08,21.9
2026-08-21 07:15:00,314.52,78.63,Off-Peak,0.08,21.6
2026-08-21 07:30:00,324.33,81.082,Off-Peak,0.08,21.7
2026-08-21 07:45:00,328.73,82.183,Off-Peak,0.08,22.0
2026-08-21 08:00:00,567.77,141.942,Normal,0.18,22.4
2026-08-21 08:15:00,571.75,142.938,Normal,0.18,20.7
2026-08-21 08:30:00,563.75,140.938,Normal,0.18,22.1
2026-08-21 08:45:00,556.5,139.125,Normal,0.18,24.2
2026-08-21 09:00:00,574.85,143.713,Normal,0.18,23.3
2026-08-21 09:15:00,574.39,143.597,Normal,0.18,24.2
2026-08-21 09:30:00,566.52,141.63,Normal,0.18,24.5
2026-08-21 09:45:00,579.14,144.785,Normal,0.18,24.7
2026-08-21 10:00:00,580.39,145.097,Normal,0.18,24.9
2026-08-21 10:15:00,584.42,146.105,Normal,0.18,24.3
2026-08-21 10:30:00,594.86,148.715,Normal,0.18,26.9
2026-08-21 10:45:00,594.25,148.562,Normal,0.18,27.4
2026-08-21 11:00:00,567.02,141.755,Normal,0.18,26.2
2026-08-21 11:15:00,600.01,150.002,Normal,0.18,27.5
2026-08-21 11:30:00,574.66,143.665,Normal,0.18,28.2
2026-08-21 11:45:00,563.31,140.827,Normal,0.18,28.5
2026-08-21 12:00:00,587.55,146.887,Normal,0.18,29.1
2026-08-21 12:15:00,567.43,141.857,Normal,0.18,28.3
2026-08-21 12:30:00,586.36,146.59,Normal,0.18,29.0
2026-08-21 12:45:00,585.99,146.498,Normal,0.18,27.2
2026-08-21 13:00:00,598.19,149.548,Normal,0.18,28.9
2026-08-21 13:15:00,622.86,155.715,Normal,0.18,29.0
2026-08-21 13:30:00,585.26,146.315,Normal,0.18,28.2
2026-08-21 13:45:00,625.9,156.475,Normal,0.18,28.9
2026-08-21 14:00:00,605.15,151.287,Normal,0.18,28.7
2026-08-21 14:15:00,611.49,152.873,Normal,0.18,29.0
2026-08-21 14:30:00,594.22,148.555,Normal,0.18,29.5
2026-08-21 14:45:00,580.99,145.248,Normal,0.18,29.7
2026-08-21 15:00:00,590.47,147.618,Normal,0.18,28.1
2026-08-21 15:15:00,593.99,148.498,Normal,0.18,29.9
2026-08-21 15:30:00,588.12,147.03,Normal,0.18,28.8
2026-08-21 15:45:00,602.79,150.697,Normal,0.18,29.0
2026-08-21 16:00:00,577.96,144.49,Normal,0.18,28.3
2026-08-21 16:15:00,602.42,150.605,Normal,0.18,28.7
2026-08-21 16:30:00,589.19,147.298,Normal,0.18,27.2
2026-08-21 16:45:00,597.1,149.275,Normal,0.18,26.8
2026-08-21 17:00:00,588.99,147.248,Normal,0.18,26.2
2026-08-21 17:15:00,587.72,146.93,Normal,0.18,26.6
2026-08-21 17:30:00,595.32,148.83,Normal,0.18,25.8
2026-08-21 17:45:00,580.3,145.075,Normal,0.18,25.7
2026-08-21 18:00:00,589.22,147.305,Peak,0.35,25.2
2026-08-21 18:15:00,549.71,137.428,Peak,0.35,24.7
2026-08-21 18:30:00,568.48,142.12,Peak,0.35,24.8
2026-08-21 18:45:00,570.66,142.665,Peak,0.35,24.4
2026-08-21 19:00:00,581.16,145.29,Peak,0.35,23.4
2026-08-21 19:15:00,621.44,155.36,Peak,0.35,24.1
2026-08-21 19:30:00,338.44,84.61,Peak,0.35,21.6
2026-08-21 19:45:00,315.56,78.89,Peak,0.35,20.7
2026-08-21 20:00:00,323.17,80.793,Peak,0.35,21.1
2026-08-21 20:15:00,320.44,80.11,Peak,0.35,22.6
2026-08-21 20:30:00,333.33,83.332,Peak,0.35,20.9
2026-08-21 20:45:00,326.14,81.535,Peak,0.35,21.1
2026-08-21 21:00:00,312.21,78.052,Peak,0.35,20.0
2026-08-21 21:15:00,310.49,77.623,Peak,0.35,20.8
2026-08-21 21:30:00,304.71,76.177,Peak,0.35,18.7
2026-08-21 21:45:00,315.05,78.763,Peak,0.35,18.6
2026-08-21 22:00:00,201.38,50.345,Off-Peak,0.08,19.9
2026-08-21 22:15:00,179.76,44.94,Off-Peak,0.08,18.6
2026-08-21 22:30:00,175.86,43.965,Off-Peak,0.08,17.3
2026-08-21 22:45:00,190.74,47.685,Off-Peak,0.08,18.6
2026-08-21 23:00:00,196.17,49.042,Off-Peak,0.08,17.6
2026-08-21 23:15:00,199.88,49.97,Off-Peak,0.08,16.1
2026-08-21 23:30:00,188.42,47.105,Off-Peak,0.08,14.6
2026-08-21 23:45:00,197.15,49.288,Off-Peak,0.08,16.6
2026-08-22 00:00:00,178.57,44.642,Off-Peak,0.08,15.3
2026-08-22 00:15:00,181.4,45.35,Off-Peak,0.08,15.8
2026-08-22 00:30:00,198.53,49.633,Off-Peak,0.08,14.8
2026-08-22 00:45:00,186.35,46.587,Off-Peak,0.08,15.0
2026-08-22 01:00:00,188.01,47.002,Off-Peak,0.08,14.6
2026-08-22 01:15:00,186.82,46.705,Off-Peak,0.08,15.0
2026-08-22 01:30:00,190.72,47.68,Off-Peak,0.08,15.0
2026-08-22 01:45:00,193.67,48.417,Off-Peak,0.08,15.7
2026-08-22 02:00:00,190.88,47.72,Off-Peak,0.08,14.9
2026-08-22 02:15:00,188.33,47.083,Off-Peak,0.08,15.4
2026-08-22 02:30:00,179.54,44.885,Off-Peak,0.08,14.6
2026-08-22 02:45:00,185.93,46.483,Off-Peak,0.08,14.4
2026-08-22 03:00:00,199.35,49.837,Off-Peak,0.08,14.6
2026-08-22 03:15:00,191.09,47.773,Off-Peak,0.08,13.7
2026-08-22 03:30:00,192.45,48.112,Off-Peak,0.08,15.0
2026-08-22 03:45:00,195.14,48.785,Off-Peak,0.08,15.4
2026-08-22 04:00:00,186.28,46.57,Off-Peak,0.08,14.9
2026-08-22 04:15:00,202.29,50.572,Off-Peak,0.08,17.2
2026-08-22 04:30:00,188.43,47.108,Off-Peak,0.08,17.0
2026-08-22 04:45:00,186.57,46.642,Off-Peak,0.08,15.8
2026-08-22 05:00:00,187.92,46.98,Off-Peak,0.08,17.7
2026-08-22 05:15:00,194.65,48.663,Off-Peak,0.08,17.6
2026-08-22 05:30:00,188.56,47.14,Off-Peak,0.08,18.3
2026-08-22 05:45:00,194.4,48.6,Off-Peak,0.08,17.8
2026-08-22 06:00:00,213.82,53.455,Off-Peak,0.08,19.7
2026-08-22 06:15:00,210.41,52.602,Off-Peak,0.08,19.1
2026-08-22 06:30:00,211.9,52.975,Off-Peak,0.08,19.5
2026-08-22 06:45:00,221.2,55.3,Off-Peak,0.08,20.1
2026-08-22 07:00:00,212.84,53.21,Off-Peak,0.08,20.9
2026-08-22 07:15:00,202.74,50.685,Off-Peak,0.08,19.2
2026-08-22 07:30:00,207.04,51.76,Off-Peak,0.08,23.2
2026-08-22 07:45:00,216.03,54.008,Off-Peak,0.08,21.0
2026-08-22 08:00:00,225.21,56.303,Off-Peak,0.08,22.5
2026-08-22 08:15:00,197.1,49.275,Off-Peak,0.08,21.7
2026-08-22 08:30:00,216.66,54.165,Off-Peak,0.08,22.4
2026-08-22 08:45:00,213.93,53.483,Off-Peak,0.08,25.1
2026-08-22 09:00:00,204.61,51.153,Off-Peak,0.08,22.6
2026-08-22 09:15:00,198.46,49.615,Off-Peak,0.08,24.3
2026-08-22 09:30:00,193.6,48.4,Off-Peak,0.08,25.2
2026-08-22 09:45:00,216.1,54.025,Off-Peak,0.08,25.2
2026-08-22 10:00:00,200.66,50.165,Off-Peak,0.08,24.0
2026-08-22 10:15:00,208.82,52.205,Off-Peak,0.08,26.5
2026-08-22 10:30:00,210.1,52.525,Off-Peak,0.08,25.5
2026-08-22 10:45:00,213.16,53.29,Off-Peak,0.08,26.7
2026-08-22 11:00:00,222.28,55.57,Off-Peak,0.08,28.4
2026-08-22 11:15:00,200.79,50.197,Off-Peak,0.08,26.9
2026-08-22 11:30:00,196.99,49.248,Off-Peak,0.08,29.5
2026-08-22 11:45:00,217.88,54.47,Off-Peak,0.08,29.0
2026-08-22 12:00:00,194.78,48.695,Off-Peak,0.08,27.6
2026-08-22 12:15:00,199.13,49.782,Off-Peak,0.08,29.2
2026-08-22 12:30:00,198.67,49.667,Off-Peak,0.08,29.8
2026-08-22 12:45:00,197.72,49.43,Off-Peak,0.08,29.7
2026-08-22 13:00:00,213.34,53.335,Off-Peak,0.08,29.1
2026-08-22 13:15:00,217.58,54.395,Off-Peak,0.08,30.5
2026-08-22 13:30:00,218.71,54.678,Off-Peak,0.08,30.2
2026-08-22 13:45:00,223.04,55.76,Off-Peak,0.08,29.0
2026-08-22 14:00:00,213.65,53.413,Off-Peak,0.08,28.8
2026-08-22 14:15:00,218.74,54.685,Off-Peak,0.08,27.6
2026-08-22 14:30:00,215.85,53.962,Off-Peak,0.08,29.7
2026-08-22 14:45:00,213.81,53.453,Off-Peak,0.08,30.3
2026-08-22 15:00:00,195.46,48.865,Off-Peak,0.08,28.0
2026-08-22 15:15:00,205.7,51.425,Off-Peak,0.08,29.0
2026-08-22 15:30:00,201.86,50.465,Off-Peak,0.08,28.0
2026-08-22 15:45:00,204.01,51.002,Off-Peak,0.08,29.0
2026-08-22 16:00:00,214.46,53.615,Off-Peak,0.08,27.7
2026-08-22 16:15:00,211.15,52.788,Off-Peak,0.08,28.0
2026-08-22 16:30:00,211.8,52.95,Off-Peak,0.08,28.4
2026-08-22 16:45:00,198.37,49.593,Off-Peak,0.08,27.2
2026-08-22 17:00:00,218.92,54.73,Off-Peak,0.08,25.0
2026-08-22 17:15:00,206.27,51.568,Off-Peak,0.08,26.3
2026-08-22 17:30:00,215.58,53.895,Off-Peak,0.08,26.8
2026-08-22 17:45:00,196.29,49.072,Off-Peak,0.08,25.9
2026-08-22 18:00:00,210.02,52.505,Off-Peak,0.08,25.7
2026-08-22 18:15:00,213.65,53.413,Off-Peak,0.08,24.8
2026-08-22 18:30:00,204.72,51.18,Off-Peak,0.08,24.4
2026-08-22 18:45:00,213.09,53.273,Off-Peak,0.08,24.9
2026-08-22 19:00:00,209.15,52.288,Off-Peak,0.08,23.2
2026-08-22 19:15:00,217.12,54.28,Off-Peak,0.08,23.5
2026-08-22 19:30:00,225.53,56.383,Off-Peak,0.08,22.3
2026-08-22 19:45:00,201.81,50.453,Off-Peak,0.08,22.7
2026-08-22 20:00:00,221.4,55.35,Off-Peak,0.08,22.4
2026-08-22 20:15:00,208.66,52.165,Off-Peak,0.08,23.2
2026-08-22 20:30:00,216.49,54.123,Off-Peak,0.08,21.5
2026-08-22 20:45:00,216.82,54.205,Off-Peak,0.08,21.4
2026-08-22 21:00:00,217.8,54.45,Off-Peak,0.08,20.3
2026-08-22 21:15:00,208.66,52.165,Off-Peak,0.08,19.9
2026-08-22 21:30:00,205.44,51.36,Off-Peak,0.08,19.2
2026-08-22 21:45:00,214.56,53.64,Off-Peak,0.08,19.9
2026-08-22 22:00:00,194.09,48.523,Off-Peak,0.08,19.1
2026-08-22 22:15:00,184.61,46.153,Off-Peak,0.08,19.3
2026-08-22 22:30:00,189.58,47.395,Off-Peak,0.08,18.0
2026-08-22 22:45:00,186.7,46.675,Off-Peak,0.08,18.5
2026-08-22 23:00:00,191.93,47.983,Off-Peak,0.08,17.6
2026-08-22 23:15:00,183.94,45.985,Off-Peak,0.08,17.7
2026-08-22 23:30:00,173.51,43.377,Off-Peak,0.08,16.4
2026-08-22 23:45:00,191.9,47.975,Off-Peak,0.08,15.6
2026-08-23 00:00:00,181.65,45.413,Off-Peak,0.08,16.0
2026-08-23 00:15:00,200.89,50.222,Off-Peak,0.08,16.4
2026-08-23 00:30:00,188.72,47.18,Off-Peak,0.08,13.9
2026-08-23 00:45:00,184.2,46.05,Off-Peak,0.08,14.8
2026-08-23 01:00:00,179.87,44.968,Off-Peak,0.08,16.2
2026-08-23 01:15:00,210.51,52.627,Off-Peak,0.08,14.4
2026-08-23 01:30:00,204.1,51.025,Off-Peak,0.08,14.6
2026-08-23 01:45:00,194.6,48.65,Off-Peak,0.08,13.9
2026-08-23 02:00:00,193.87,48.468,Off-Peak,0.08,15.3
2026-08-23 02:15:00,191.29,47.822,Off-Peak,0.08,14.2
2026-08-23 02:30:00,194.37,48.593,Off-Peak,0.08,15.3
2026-08-23 02:45:00,189.75,47.438,Off-Peak,0.08,16.2
2026-08-23 03:00:00,174.45,43.612,Off-Peak,0.08,15.3
2026-08-23 03:15:00,191.87,47.968,Off-Peak,0.08,15.8
2026-08-23 03:30:00,195.17,48.792,Off-Peak,0.08,15.7
2026-08-23 03:45:00,187.17,46.792,Off-Peak,0.08,17.7
2026-08-23 04:00:00,180.13,45.032,Off-Peak,0.08,15.5
2026-08-23 04:15:00,184.7,46.175,Off-Peak,0.08,16.9
2026-08-23 04:30:00,189.6,47.4,Off-Peak,0.08,15.7
2026-08-23 04:45:00,192.89,48.222,Off-Peak,0.08,17.3
2026-08-23 05:00:00,195.05,48.763,Off-Peak,0.08,16.6
2026-08-23 05:15:00,187.91,46.977,Off-Peak,0.08,16.7
2026-08-23 05:30:00,180.89,45.222,Off-Peak,0.08,17.5
2026-08-23 05:45:00,195.32,48.83,Off-Peak,0.08,17.5
2026-08-23 06:00:00,204.8,51.2,Off-Peak,0.08,20.2
2026-08-23 06:15:00,201.57,50.392,Off-Peak,0.08,18.9
2026-08-23 06:30:00,213.77,53.443,Off-Peak,0.08,19.2
2026-08-23 06:45:00,215.01,53.752,Off-Peak,0.08,19.4
2026-08-23 07:00:00,205.98,51.495,Off-Peak,0.08,20.5
2026-08-23 07:15:00,202.92,50.73,Off-Peak,0.08,20.1
2026-08-23 07:30:00,217.11,54.278,Off-Peak,0.08,21.0
2026-08-23 07:45:00,215.52,53.88,Off-Peak,0.08,19.8
2026-08-23 08:00:00,198.51,49.627,Off-Peak,0.08,23.5
2026-08-23 08:15:00,210.72,52.68,Off-Peak,0.08,22.3
2026-08-23 08:30:00,201.36,50.34,Off-Peak,0.08,22.3
2026-08-23 08:45:00,198.55,49.638,Off-Peak,0.08,25.1
2026-08-23 09:00:00,211.15,52.788,Off-Peak,0.08,24.4
2026-08-23 09:15:00,202.4,50.6,Off-Peak,0.08,24.6
2026-08-23 09:30:00,200.18,50.045,Off-Peak,0.08,25.3
2026-08-23 09:45:00,210.25,52.562,Off-Peak,0.08,25.7
2026-08-23 10:00:00,221.52,55.38,Off-Peak,0.08,26.0
2026-08-23 10:15:00,215.99,53.998,Off-Peak,0.08,26.7
2026-08-23 10:30:00,219.57,54.892,Off-Peak,0.08,26.6
2026-08-23 10:45:00,199.74,49.935,Off-Peak,0.08,27.6
2026-08-23 11:00:00,216.16,54.04,Off-Peak,0.08,25.7
2026-08-23 11:15:00,201.82,50.455,Off-Peak,0.08,27.5
2026-08-23 11:30:00,210.56,52.64,Off-Peak,0.08,28.7
2026-08-23 11:45:00,205.71,51.428,Off-Peak,0.08,27.9
2026-08-23 12:00:00,208.82,52.205,Off-Peak,0.08,27.0
2026-08-23 12:15:00,221.13,55.282,Off-Peak,0.08,27.6
2026-08-23 12:30:00,214.89,53.722,Off-Peak,0.08,29.0
2026-08-23 12:45:00,217.21,54.303,Off-Peak,0.08,29.3
2026-08-23 13:00:00,213.0,53.25,Off-Peak,0.08,30.2
2026-08-23 13:15:00,215.52,53.88,Off-Peak,0.08,27.9
2026-08-23 13:30:00,201.92,50.48,Off-Peak,0.08,29.7
2026-08-23 13:45:00,217.09,54.273,Off-Peak,0.08,29.5
2026-08-23 14:00:00,215.74,53.935,Off-Peak,0.08,30.9
2026-08-23 14:15:00,211.34,52.835,Off-Peak,0.08,29.7
2026-08-23 14:30:00,213.35,53.337,Off-Peak,0.08,29.3
2026-08-23 14:45:00,203.77,50.943,Off-Peak,0.08,29.2
2026-08-23 15:00:00,209.47,52.367,Off-Peak,0.08,30.0
2026-08-23 15:15:00,201.32,50.33,Off-Peak,0.08,27.4
2026-08-23 15:30:00,209.87,52.468,Off-Peak,0.08,28.9
2026-08-23 15:45:00,208.68,52.17,Off-Peak,0.08,27.6
2026-08-23 16:00:00,206.73,51.682,Off-Peak,0.08,29.4
2026-08-23 16:15:00,202.57,50.642,Off-Peak,0.08,27.6
2026-08-23 16:30:00,209.72,52.43,Off-Peak,0.08,27.6
2026-08-23 16:45:00,213.88,53.47,Off-Peak,0.08,27.9
2026-08-23 17:00:00,193.09,48.273,Off-Peak,0.08,28.4
2026-08-23 17:15:00,202.78,50.695,Off-Peak,0.08,27.7
2026-08-23 17:30:00,207.73,51.932,Off-Peak,0.08,25.5
2026-08-23 17:45:00,208.54,52.135,Off-Peak,0.08,27.1
2026-08-23 18:00:00,215.93,53.983,Off-Peak,0.08,25.0
2026-08-23 18:15:00,218.48,54.62,Off-Peak,0.08,25.5
2026-08-23 18:30:00,205.84,51.46,Off-Peak,0.08,24.2
2026-08-23 18:45:00,207.45,51.862,Off-Peak,0.08,23.2
2026-08-23 19:00:00,229.43,57.358,Off-Peak,0.08,23.2
2026-08-23 19:15:00,213.95,53.487,Off-Peak,0.08,22.9
2026-08-23 19:30:00,211.34,52.835,Off-Peak,0.08,24.2
2026-08-23 19:45:00,211.46,52.865,Off-Peak,0.08,22.5
2026-08-23 20:00:00,210.29,52.572,Off-Peak,0.08,22.2
2026-08-23 20:15:00,216.43,54.108,Off-Peak,0.08,21.5
2026-08-23 20:30:00,212.36,53.09,Off-Peak,0.08,21.4
2026-08-23 20:45:00,202.63,50.657,Off-Peak,0.08,19.9
2026-08-23 21:00:00,204.08,51.02,Off-Peak,0.08,21.0
2026-08-23 21:15:00,205.48,51.37,Off-Peak,0.08,19.4
2026-08-23 21:30:00,222.53,55.633,Off-Peak,0.08,18.0
2026-08-23 21:45:00,208.97,52.242,Off-Peak,0.08,19.1
2026-08-23 22:00:00,181.31,45.328,Off-Peak,0.08,19.4
2026-08-23 22:15:00,192.47,48.117,Off-Peak,0.08,18.2
2026-08-23 22:30:00,195.32,48.83,Off-Peak,0.08,17.2
2026-08-23 22:45:00,190.6,47.65,Off-Peak,0.08,16.5
2026-08-23 23:00:00,184.42,46.105,Off-Peak,0.08,18.5
2026-08-23 23:15:00,188.27,47.068,Off-Peak,0.08,15.6
2026-08-23 23:30:00,180.71,45.178,Off-Peak,0.08,15.9
2026-08-23 23:45:00,189.85,47.462,Off-Peak,0.08,16.4
2026-08-24 00:00:00,186.18,46.545,Off-Peak,0.08,16.3
2026-08-24 00:15:00,197.53,49.383,Off-Peak,0.08,15.2
2026-08-24 00:30:00,188.59,47.148,Off-Peak,0.08,16.2
2026-08-24 00:45:00,182.81,45.703,Off-Peak,0.08,15.4
2026-08-24 01:00:00,196.01,49.002,Off-Peak,0.08,15.1
2026-08-24 01:15:00,203.34,50.835,Off-Peak,0.08,15.5
2026-08-24 01:30:00,190.32,47.58,Off-Peak,0.08,15.1
2026-08-24 01:45:00,179.5,44.875,Off-Peak,0.08,15.7
2026-08-24 02:00:00,198.5,49.625,Off-Peak,0.08,13.8
2026-08-24 02:15:00,191.18,47.795,Off-Peak,0.08,16.0
2026-08-24 02:30:00,194.21,48.553,Off-Peak,0.08,14.4
2026-08-24 02:45:00,183.31,45.828,Off-Peak,0.08,13.8
2026-08-24 03:00:00,185.19,46.297,Off-Peak,0.08,16.4
2026-08-24 03:15:00,179.4,44.85,Off-Peak,0.08,14.9
2026-08-24 03:30:00,188.5,47.125,Off-Peak,0.08,15.1
2026-08-24 03:45:00,188.22,47.055,Off-Peak,0.08,15.7
2026-08-24 04:00:00,183.34,45.835,Off-Peak,0.08,16.9
2026-08-24 04:15:00,178.29,44.572,Off-Peak,0.08,17.2
2026-08-24 04:30:00,205.61,51.403,Off-Peak,0.08,15.2
2026-08-24 04:45:00,187.63,46.907,Off-Peak,0.08,15.0
2026-08-24 05:00:00,195.56,48.89,Off-Peak,0.08,18.8
2026-08-24 05:15:00,207.32,51.83,Off-Peak,0.08,16.9
2026-08-24 05:30:00,198.16,49.54,Off-Peak,0.08,17.6
2026-08-24 05:45:00,179.93,44.983,Off-Peak,0.08,17.5
2026-08-24 06:00:00,291.21,72.802,Off-Peak,0.08,19.0
2026-08-24 06:15:00,293.0,73.25,Off-Peak,0.08,20.5
2026-08-24 06:30:00,309.63,77.407,Off-Peak,0.08,20.1
2026-08-24 06:45:00,280.06,70.015,Off-Peak,0.08,17.8
2026-08-24 07:00:00,328.63,82.157,Off-Peak,0.08,20.6
2026-08-24 07:15:00,334.46,83.615,Off-Peak,0.08,21.3
2026-08-24 07:30:00,328.35,82.088,Off-Peak,0.08,21.4
2026-08-24 07:45:00,325.01,81.252,Off-Peak,0.08,21.2
2026-08-24 08:00:00,571.1,142.775,Normal,0.18,22.8
2026-08-24 08:15:00,572.28,143.07,Normal,0.18,22.7
2026-08-24 08:30:00,575.75,143.938,Normal,0.18,23.8
2026-08-24 08:45:00,593.52,148.38,Normal,0.18,22.2
2026-08-24 09:00:00,532.54,133.135,Normal,0.18,25.1
2026-08-24 09:15:00,559.56,139.89,Normal,0.18,25.0
2026-08-24 09:30:00,566.04,141.51,Normal,0.18,25.0
2026-08-24 09:45:00,564.84,141.21,Normal,0.18,25.4
2026-08-24 10:00:00,545.69,136.423,Normal,0.18,25.9
2026-08-24 10:15:00,592.88,148.22,Normal,0.18,25.9
2026-08-24 10:30:00,569.95,142.488,Normal,0.18,25.7
2026-08-24 10:45:00,586.66,146.665,Normal,0.18,24.7
2026-08-24 11:00:00,581.86,145.465,Normal,0.18,27.9
2026-08-24 11:15:00,586.23,146.558,Normal,0.18,27.4
2026-08-24 11:30:00,595.33,148.833,Normal,0.18,27.6
2026-08-24 11:45:00,579.92,144.98,Normal,0.18,27.7
2026-08-24 12:00:00,589.49,147.373,Normal,0.18,27.5
2026-08-24 12:15:00,589.52,147.38,Normal,0.18,26.8
2026-08-24 12:30:00,623.75,155.938,Normal,0.18,29.6
2026-08-24 12:45:00,586.08,146.52,Normal,0.18,29.0
2026-08-24 13:00:00,605.53,151.382,Normal,0.18,28.7
2026-08-24 13:15:00,564.05,141.012,Normal,0.18,29.9
2026-08-24 13:30:00,581.28,145.32,Normal,0.18,28.2
2026-08-24 13:45:00,629.49,157.373,Normal,0.18,29.7
2026-08-24 14:00:00,596.8,149.2,Normal,0.18,29.1
2026-08-24 14:15:00,611.67,152.917,Normal,0.18,29.1
2026-08-24 14:30:00,582.98,145.745,Normal,0.18,28.8
2026-08-24 14:45:00,582.95,145.738,Normal,0.18,28.3
2026-08-24 15:00:00,604.75,151.188,Normal,0.18,28.4
2026-08-24 15:15:00,601.38,150.345,Normal,0.18,28.3
2026-08-24 15:30:00,558.29,139.572,Normal,0.18,28.4
2026-08-24 15:45:00,583.41,145.852,Normal,0.18,27.0
2026-08-24 16:00:00,585.17,146.292,Normal,0.18,28.2
2026-08-24 16:15:00,588.37,147.093,Normal,0.18,27.8
2026-08-24 16:30:00,593.62,148.405,Normal,0.18,28.1
2026-08-24 16:45:00,588.6,147.15,Normal,0.18,27.8
2026-08-24 17:00:00,588.02,147.005,Normal,0.18,27.2
2026-08-24 17:15:00,578.74,144.685,Normal,0.18,25.8
2026-08-24 17:30:00,599.28,149.82,Normal,0.18,24.9
2026-08-24 17:45:00,573.54,143.385,Normal,0.18,26.1
2026-08-24 18:00:00,573.39,143.347,Peak,0.35,24.8
2026-08-24 18:15:00,564.24,141.06,Peak,0.35,24.5
2026-08-24 18:30:00,597.0,149.25,Peak,0.35,24.4
2026-08-24 18:45:00,571.51,142.877,Peak,0.35,23.5
2026-08-24 19:00:00,566.82,141.705,Peak,0.35,23.9
2026-08-24 19:15:00,538.39,134.597,Peak,0.35,22.6
2026-08-24 19:30:00,322.05,80.513,Peak,0.35,21.6
2026-08-24 19:45:00,330.28,82.57,Peak,0.35,23.3
2026-08-24 20:00:00,313.73,78.433,Peak,0.35,21.8
2026-08-24 20:15:00,330.61,82.653,Peak,0.35,22.8
2026-08-24 20:30:00,314.82,78.705,Peak,0.35,21.6
2026-08-24 20:45:00,317.48,79.37,Peak,0.35,21.5
2026-08-24 21:00:00,308.43,77.108,Peak,0.35,18.8
2026-08-24 21:15:00,289.56,72.39,Peak,0.35,17.8
2026-08-24 21:30:00,320.53,80.132,Peak,0.35,18.7
2026-08-24 21:45:00,306.87,76.718,Peak,0.35,18.8
2026-08-24 22:00:00,199.92,49.98,Off-Peak,0.08,19.2
2026-08-24 22:15:00,194.15,48.538,Off-Peak,0.08,18.6
2026-08-24 22:30:00,191.49,47.873,Off-Peak,0.08,17.0
2026-08-24 22:45:00,194.09,48.523,Off-Peak,0.08,16.6
2026-08-24 23:00:00,177.04,44.26,Off-Peak,0.08,17.4
2026-08-24 23:15:00,201.23,50.307,Off-Peak,0.08,16.2
2026-08-24 23:30:00,184.17,46.042,Off-Peak,0.08,16.7
2026-08-24 23:45:00,188.79,47.197,Off-Peak,0.08,15.8
2026-08-25 00:00:00,187.68,46.92,Off-Peak,0.08,16.4
2026-08-25 00:15:00,185.57,46.392,Off-Peak,0.08,15.4
2026-08-25 00:30:00,184.08,46.02,Off-Peak,0.08,12.6
2026-08-25 00:45:00,196.4,49.1,Off-Peak,0.08,15.9
2026-08-25 01:00:00,196.01,49.002,Off-Peak,0.08,17.0
2026-08-25 01:15:00,182.65,45.663,Off-Peak,0.08,14.8
2026-08-25 01:30:00,182.11,45.528,Off-Peak,0.08,16.0
2026-08-25 01:45:00,187.68,46.92,Off-Peak,0.08,15.1
2026-08-25 02:00:00,196.08,49.02,Off-Peak,0.08,16.3
2026-08-25 02:15:00,198.91,49.727,Off-Peak,0.08,15.3
2026-08-25 02:30:00,202.81,50.703,Off-Peak,0.08,15.8
2026-08-25 02:45:00,199.26,49.815,Off-Peak,0.08,14.4
2026-08-25 03:00:00,191.54,47.885,Off-Peak,0.08,14.7
2026-08-25 03:15:00,186.94,46.735,Off-Peak,0.08,15.1
2026-08-25 03:30:00,204.48,51.12,Off-Peak,0.08,16.2
2026-08-25 03:45:00,192.66,48.165,Off-Peak,0.08,16.1
2026-08-25 04:00:00,187.57,46.892,Off-Peak,0.08,16.2
2026-08-25 04:15:00,191.92,47.98,Off-Peak,0.08,16.6
2026-08-25 04:30:00,192.7,48.175,Off-Peak,0.08,15.5
2026-08-25 04:45:00,197.62,49.405,Off-Peak,0.08,17.0
2026-08-25 05:00:00,186.9,46.725,Off-Peak,0.08,16.9
2026-08-25 05:15:00,189.42,47.355,Off-Peak,0.08,16.3
2026-08-25 05:30:00,184.28,46.07,Off-Peak,0.08,18.3
2026-08-25 05:45:00,189.04,47.26,Off-Peak,0.08,19.5
2026-08-25 06:00:00,275.54,68.885,Off-Peak,0.08,16.8
2026-08-25 06:15:00,285.86,71.465,Off-Peak,0.08,17.0
2026-08-25 06:30:00,277.03,69.257,Off-Peak,0.08,19.4
2026-08-25 06:45:00,291.49,72.873,Off-Peak,0.08,20.9
2026-08-25 07:00:00,333.99,83.498,Off-Peak,0.08,19.8
2026-08-25 07:15:00,313.9,78.475,Off-Peak,0.08,20.3
2026-08-25 07:30:00,312.85,78.213,Off-Peak,0.08,20.6
2026-08-25 07:45:00,321.39,80.347,Off-Peak,0.08,20.3
2026-08-25 08:00:00,579.85,144.963,Normal,0.18,22.6
2026-08-25 08:15:00,558.77,139.692,Normal,0.18,22.1
2026-08-25 08:30:00,558.61,139.653,Normal,0.18,22.3
2026-08-25 08:45:00,555.86,138.965,Normal,0.18,24.8
2026-08-25 09:00:00,576.82,144.205,Normal,0.18,23.9
2026-08-25 09:15:00,577.44,144.36,Normal,0.18,24.8
2026-08-25 09:30:00,584.5,146.125,Normal,0.18,23.4
2026-08-25 09:45:00,578.49,144.623,Normal,0.18,25.1
2026-08-25 10:00:00,586.03,146.507,Normal,0.18,24.4
2026-08-25 10:15:00,584.44,146.11,Normal,0.18,25.9
2026-08-25 10:30:00,581.98,145.495,Normal,0.18,26.0
2026-08-25 10:45:00,602.63,150.657,Normal,0.18,27.0
2026-08-25 11:00:00,613.15,153.287,Normal,0.18,26.0
2026-08-25 11:15:00,589.82,147.455,Normal,0.18,28.5
2026-08-25 11:30:00,613.75,153.438,Normal,0.18,29.0
2026-08-25 11:45:00,591.4,147.85,Normal,0.18,27.8
2026-08-25 12:00:00,583.54,145.885,Normal,0.18,28.2
2026-08-25 12:15:00,592.1,148.025,Normal,0.18,29.1
2026-08-25 12:30:00,577.09,144.273,Normal,0.18,28.2
2026-08-25 12:45:00,586.29,146.572,Normal,0.18,28.8
2026-08-25 13:00:00,606.51,151.627,Normal,0.18,30.3
2026-08-25 13:15:00,594.5,148.625,Normal,0.18,30.2
2026-08-25 13:30:00,583.59,145.898,Normal,0.18,29.7
2026-08-25 13:45:00,572.9,143.225,Normal,0.18,29.5
2026-08-25 14:00:00,605.95,151.488,Normal,0.18,28.9
2026-08-25 14:15:00,578.28,144.57,Normal,0.18,28.7
2026-08-25 14:30:00,583.5,145.875,Normal,0.18,29.0
2026-08-25 14:45:00,569.45,142.363,Normal,0.18,27.5
2026-08-25 15:00:00,569.38,142.345,Normal,0.18,29.3
2026-08-25 15:15:00,607.76,151.94,Normal,0.18,30.2
2026-08-25 15:30:00,604.96,151.24,Normal,0.18,28.7
2026-08-25 15:45:00,590.07,147.518,Normal,0.18,28.4
2026-08-25 16:00:00,559.01,139.752,Normal,0.18,27.8
2026-08-25 16:15:00,556.33,139.083,Normal,0.18,28.0
2026-08-25 16:30:00,594.26,148.565,Normal,0.18,29.3
2026-08-25 16:45:00,596.13,149.032,Normal,0.18,26.7
2026-08-25 17:00:00,584.93,146.232,Normal,0.18,29.0
2026-08-25 17:15:00,581.86,145.465,Normal,0.18,26.4
2026-08-25 17:30:00,581.12,145.28,Normal,0.18,26.3
2026-08-25 17:45:00,578.26,144.565,Normal,0.18,25.5
2026-08-25 18:00:00,582.97,145.743,Peak,0.35,25.5
2026-08-25 18:15:00,557.7,139.425,Peak,0.35,24.0
2026-08-25 18:30:00,601.7,150.425,Peak,0.35,25.2
2026-08-25 18:45:00,548.07,137.018,Peak,0.35,23.7
2026-08-25 19:00:00,607.6,151.9,Peak,0.35,23.2
2026-08-25 19:15:00,555.0,138.75,Peak,0.35,22.9
2026-08-25 19:30:00,322.68,80.67,Peak,0.35,22.7
2026-08-25 19:45:00,324.27,81.067,Peak,0.35,22.7
2026-08-25 20:00:00,313.39,78.347,Peak,0.35,21.1
2026-08-25 20:15:00,322.63,80.657,Peak,0.35,21.7
2026-08-25 20:30:00,320.39,80.097,Peak,0.35,20.6
2026-08-25 20:45:00,309.4,77.35,Peak,0.35,20.8
2026-08-25 21:00:00,318.24,79.56,Peak,0.35,17.9
2026-08-25 21:15:00,298.61,74.653,Peak,0.35,20.1
2026-08-25 21:30:00,321.65,80.412,Peak,0.35,19.8
2026-08-25 21:45:00,322.37,80.593,Peak,0.35,19.7
2026-08-25 22:00:00,196.48,49.12,Off-Peak,0.08,18.4
2026-08-25 22:15:00,196.71,49.178,Off-Peak,0.08,18.7
2026-08-25 22:30:00,185.55,46.388,Off-Peak,0.08,17.7
2026-08-25 22:45:00,190.82,47.705,Off-Peak,0.08,16.7
2026-08-25 23:00:00,184.99,46.248,Off-Peak,0.08,16.3
2026-08-25 23:15:00,182.57,45.642,Off-Peak,0.08,17.3
2026-08-25 23:30:00,184.9,46.225,Off-Peak,0.08,17.4
2026-08-25 23:45:00,193.5,48.375,Off-Peak,0.08,15.9
2026-08-26 00:00:00,188.21,47.053,Off-Peak,0.08,16.5
2026-08-26 00:15:00,191.08,47.77,Off-Peak,0.08,16.4
2026-08-26 00:30:00,191.46,47.865,Off-Peak,0.08,15.7
2026-08-26 00:45:00,184.72,46.18,Off-Peak,0.08,15.3
2026-08-26 01:00:00,198.47,49.617,Off-Peak,0.08,14.3
2026-08-26 01:15:00,201.54,50.385,Off-Peak,0.08,14.9
2026-08-26 01:30:00,197.99,49.498,Off-Peak,0.08,15.7
2026-08-26 01:45:00,203.82,50.955,Off-Peak,0.08,15.8
2026-08-26 02:00:00,180.73,45.182,Off-Peak,0.08,16.5
2026-08-26 02:15:00,204.06,51.015,Off-Peak,0.08,14.6
2026-08-26 02:30:00,186.8,46.7,Off-Peak,0.08,14.7
2026-08-26 02:45:00,188.14,47.035,Off-Peak,0.08,15.2
2026-08-26 03:00:00,190.23,47.557,Off-Peak,0.08,16.0
2026-08-26 03:15:00,193.73,48.432,Off-Peak,0.08,14.8
2026-08-26 03:30:00,203.7,50.925,Off-Peak,0.08,17.1
2026-08-26 03:45:00,186.68,46.67,Off-Peak,0.08,16.2
2026-08-26 04:00:00,196.58,49.145,Off-Peak,0.08,15.3
2026-08-26 04:15:00,195.01,48.752,Off-Peak,0.08,15.1
2026-08-26 04:30:00,186.2,46.55,Off-Peak,0.08,15.7
2026-08-26 04:45:00,183.61,45.903,Off-Peak,0.08,15.5
2026-08-26 05:00:00,189.39,47.347,Off-Peak,0.08,18.2
2026-08-26 05:15:00,187.52,46.88,Off-Peak,0.08,17.3
2026-08-26 05:30:00,183.11,45.778,Off-Peak,0.08,18.3
2026-08-26 05:45:00,196.63,49.157,Off-Peak,0.08,17.8
2026-08-26 06:00:00,300.85,75.213,Off-Peak,0.08,19.4
2026-08-26 06:15:00,297.7,74.425,Off-Peak,0.08,18.2
2026-08-26 06:30:00,288.76,72.19,Off-Peak,0.08,20.1
2026-08-26 06:45:00,300.73,75.183,Off-Peak,0.08,19.4
2026-08-26 07:00:00,341.83,85.457,Off-Peak,0.08,21.8
2026-08-26 07:15:00,315.68,78.92,Off-Peak,0.08,21.3
2026-08-26 07:30:00,323.27,80.817,Off-Peak,0.08,22.1
2026-08-26 07:45:00,325.14,81.285,Off-Peak,0.08,21.8
2026-08-26 08:00:00,569.42,142.355,Normal,0.18,21.8
2026-08-26 08:15:00,592.64,148.16,Normal,0.18,21.7
2026-08-26 08:30:00,563.7,140.925,Normal,0.18,24.1
2026-08-26 08:45:00,612.99,153.248,Normal,0.18,23.9
2026-08-26 09:00:00,601.31,150.327,Normal,0.18,24.1
2026-08-26 09:15:00,574.81,143.702,Normal,0.18,23.8
2026-08-26 09:30:00,576.3,144.075,Normal,0.18,24.0
2026-08-26 09:45:00,566.34,141.585,Normal,0.18,26.1
2026-08-26 10:00:00,596.29,149.072,Normal,0.18,25.3
2026-08-26 10:15:00,576.38,144.095,Normal,0.18,26.6
2026-08-26 10:30:00,579.83,144.958,Normal,0.18,26.4
2026-08-26 10:45:00,603.52,150.88,Normal,0.18,26.9
2026-08-26 11:00:00,608.72,152.18,Normal,0.18,27.1
2026-08-26 11:15:00,595.69,148.923,Normal,0.18,26.3
2026-08-26 11:30:00,589.07,147.268,Normal,0.18,27.6
2026-08-26 11:45:00,588.41,147.102,Normal,0.18,29.0
2026-08-26 12:00:00,602.99,150.748,Normal,0.18,28.6
2026-08-26 12:15:00,550.67,137.667,Normal,0.18,28.4
2026-08-26 12:30:00,583.55,145.887,Normal,0.18,28.9
2026-08-26 12:45:00,622.16,155.54,Normal,0.18,29.7
2026-08-26 13:00:00,607.35,151.838,Normal,0.18,28.7
2026-08-26 13:15:00,588.2,147.05,Normal,0.18,29.0
2026-08-26 13:30:00,590.94,147.735,Normal,0.18,28.9
2026-08-26 13:45:00,614.0,153.5,Normal,0.18,29.4
2026-08-26 14:00:00,598.46,149.615,Normal,0.18,29.3
2026-08-26 14:15:00,583.52,145.88,Normal,0.18,27.9
2026-08-26 14:30:00,634.98,158.745,Normal,0.18,30.1
2026-08-26 14:45:00,617.41,154.352,Normal,0.18,30.2
2026-08-26 15:00:00,590.2,147.55,Normal,0.18,27.6
2026-08-26 15:15:00,605.35,151.338,Normal,0.18,29.2
2026-08-26 15:30:00,569.94,142.485,Normal,0.18,29.3
2026-08-26 15:45:00,559.15,139.787,Normal,0.18,29.9
2026-08-26 16:00:00,561.75,140.438,Normal,0.18,28.4
2026-08-26 16:15:00,593.65,148.412,Normal,0.18,26.9
2026-08-26 16:30:00,605.12,151.28,Normal,0.18,28.0
2026-08-26 16:45:00,574.93,143.732,Normal,0.18,26.3
2026-08-26 17:00:00,589.78,147.445,Normal,0.18,26.0
2026-08-26 17:15:00,570.68,142.67,Normal,0.18,26.8
2026-08-26 17:30:00,582.64,145.66,Normal,0.18,26.1
2026-08-26 17:45:00,556.05,139.012,Normal,0.18,25.5
2026-08-26 18:00:00,588.1,147.025,Peak,0.35,23.9
2026-08-26 18:15:00,579.91,144.977,Peak,0.35,25.8
2026-08-26 18:30:00,571.94,142.985,Peak,0.35,24.5
2026-08-26 18:45:00,559.05,139.762,Peak,0.35,24.5
2026-08-26 19:00:00,571.48,142.87,Peak,0.35,23.2
2026-08-26 19:15:00,558.62,139.655,Peak,0.35,23.7
2026-08-26 19:30:00,312.13,78.032,Peak,0.35,22.1
2026-08-26 19:45:00,326.52,81.63,Peak,0.35,23.3
2026-08-26 20:00:00,324.56,81.14,Peak,0.35,22.2
2026-08-26 20:15:00,312.6,78.15,Peak,0.35,20.5
2026-08-26 20:30:00,319.05,79.763,Peak,0.35,20.5
2026-08-26 20:45:00,323.01,80.752,Peak,0.35,20.0
2026-08-26 21:00:00,319.63,79.907,Peak,0.35,19.0
2026-08-26 21:15:00,318.9,79.725,Peak,0.35,20.5
2026-08-26 21:30:00,320.19,80.047,Peak,0.35,19.5
2026-08-26 21:45:00,296.18,74.045,Peak,0.35,19.2
2026-08-26 22:00:00,193.3,48.325,Off-Peak,0.08,18.5
2026-08-26 22:15:00,185.27,46.318,Off-Peak,0.08,17.8
2026-08-26 22:30:00,183.32,45.83,Off-Peak,0.08,17.3
2026-08-26 22:45:00,190.73,47.682,Off-Peak,0.08,17.2
2026-08-26 23:00:00,194.52,48.63,Off-Peak,0.08,16.7
2026-08-26 23:15:00,187.88,46.97,Off-Peak,0.08,17.3
2026-08-26 23:30:00,200.39,50.097,Off-Peak,0.08,17.3
2026-08-26 23:45:00,178.99,44.748,Off-Peak,0.08,16.6
2026-08-27 00:00:00,202.11,50.528,Off-Peak,0.08,15.7
2026-08-27 00:15:00,202.0,50.5,Off-Peak,0.08,15.0
2026-08-27 00:30:00,187.23,46.807,Off-Peak,0.08,14.4
2026-08-27 00:45:00,208.02,52.005,Off-Peak,0.08,15.0
2026-08-27 01:00:00,190.78,47.695,Off-Peak,0.08,14.4
2026-08-27 01:15:00,187.74,46.935,Off-Peak,0.08,15.6
2026-08-27 01:30:00,192.6,48.15,Off-Peak,0.08,15.5
2026-08-27 01:45:00,192.21,48.053,Off-Peak,0.08,14.1
2026-08-27 02:00:00,205.87,51.468,Off-Peak,0.08,14.8
2026-08-27 02:15:00,175.47,43.867,Off-Peak,0.08,15.3
2026-08-27 02:30:00,203.03,50.758,Off-Peak,0.08,15.4
2026-08-27 02:45:00,184.26,46.065,Off-Peak,0.08,14.2
2026-08-27 03:00:00,186.54,46.635,Off-Peak,0.08,15.2
2026-08-27 03:15:00,199.19,49.797,Off-Peak,0.08,14.9
2026-08-27 03:30:00,190.58,47.645,Off-Peak,0.08,14.3
2026-08-27 03:45:00,186.73,46.682,Off-Peak,0.08,16.4
2026-08-27 04:00:00,197.96,49.49,Off-Peak,0.08,14.8
2026-08-27 04:15:00,188.69,47.172,Off-Peak,0.08,16.5
2026-08-27 04:30:00,206.96,51.74,Off-Peak,0.08,15.3
2026-08-27 04:45:00,167.69,41.922,Off-Peak,0.08,16.4
2026-08-27 05:00:00,189.44,47.36,Off-Peak,0.08,18.2
2026-08-27 05:15:00,183.84,45.96,Off-Peak,0.08,17.1
2026-08-27 05:30:00,190.15,47.538,Off-Peak,0.08,18.1
2026-08-27 05:45:00,185.9,46.475,Off-Peak,0.08,17.3
2026-08-27 06:00:00,297.63,74.407,Off-Peak,0.08,18.2
2026-08-27 06:15:00,293.6,73.4,Off-Peak,0.08,19.0
2026-08-27 06:30:00,291.36,72.84,Off-Peak,0.08,20.0
2026-08-27 06:45:00,299.56,74.89,Off-Peak,0.08,20.0
2026-08-27 07:00:00,325.96,81.49,Off-Peak,0.08,21.8
2026-08-27 07:15:00,337.35,84.338,Off-Peak,0.08,20.8
2026-08-27 07:30:00,334.33,83.582,Off-Peak,0.08,21.4
2026-08-27 07:45:00,331.41,82.853,Off-Peak,0.08,23.0
2026-08-27 08:00:00,578.27,144.567,Normal,0.18,20.8
2026-08-27 08:15:00,546.31,136.577,Normal,0.18,22.5
2026-08-27 08:30:00,563.98,140.995,Normal,0.18,22.2
2026-08-27 08:45:00,584.71,146.178,Normal,0.18,25.4
2026-08-27 09:00:00,588.92,147.23,Normal,0.18,23.9
2026-08-27 09:15:00,588.25,147.062,Normal,0.18,25.5
2026-08-27 09:30:00,589.8,147.45,Normal,0.18,25.5
2026-08-27 09:45:00,587.88,146.97,Normal,0.18,24.4
2026-08-27 10:00:00,591.5,147.875,Normal,0.18,24.8
2026-08-27 10:15:00,562.22,140.555,Normal,0.18,25.6
2026-08-27 10:30:00,571.25,142.812,Normal,0.18,26.6
2026-08-27 10:45:00,587.16,146.79,Normal,0.18,26.6
2026-08-27 11:00:00,582.14,145.535,Normal,0.18,28.7
2026-08-27 11:15:00,605.32,151.33,Normal,0.18,27.7
2026-08-27 11:30:00,586.0,146.5,Normal,0.18,26.7
2026-08-27 11:45:00,604.5,151.125,Normal,0.18,28.9
2026-08-27 12:00:00,607.17,151.792,Normal,0.18,28.9
2026-08-27 12:15:00,595.76,148.94,Normal,0.18,28.0
2026-08-27 12:30:00,579.54,144.885,Normal,0.18,27.3
2026-08-27 12:45:00,587.72,146.93,Normal,0.18,28.7
2026-08-27 13:00:00,580.33,145.083,Normal,0.18,28.9
2026-08-27 13:15:00,560.24,140.06,Normal,0.18,27.3
2026-08-27 13:30:00,608.21,152.053,Normal,0.18,28.0
2026-08-27 13:45:00,586.98,146.745,Normal,0.18,29.5
2026-08-27 14:00:00,596.28,149.07,Normal,0.18,27.8
2026-08-27 14:15:00,606.54,151.635,Normal,0.18,29.4
2026-08-27 14:30:00,608.27,152.067,Normal,0.18,28.8
2026-08-27 14:45:00,599.42,149.855,Normal,0.18,28.4
2026-08-27 15:00:00,567.09,141.773,Normal,0.18,27.1
2026-08-27 15:15:00,590.26,147.565,Normal,0.18,27.9
2026-08-27 15:30:00,601.03,150.257,Normal,0.18,28.2
2026-08-27 15:45:00,620.47,155.118,Normal,0.18,29.0
2026-08-27 16:00:00,631.67,157.917,Normal,0.18,28.3
2026-08-27 16:15:00,587.71,146.928,Normal,0.18,28.0
2026-08-27 16:30:00,587.53,146.882,Normal,0.18,28.3
2026-08-27 16:45:00,598.64,149.66,Normal,0.18,26.8
2026-08-27 17:00:00,614.7,153.675,Normal,0.18,26.6
2026-08-27 17:15:00,584.86,146.215,Normal,0.18,26.5
2026-08-27 17:30:00,589.5,147.375,Normal,0.18,25.8
2026-08-27 17:45:00,597.36,149.34,Normal,0.18,26.6
2026-08-27 18:00:00,557.26,139.315,Peak,0.35,24.1
2026-08-27 18:15:00,553.67,138.417,Peak,0.35,24.3
2026-08-27 18:30:00,562.54,140.635,Peak,0.35,24.3
2026-08-27 18:45:00,559.73,139.933,Peak,0.35,24.4
2026-08-27 19:00:00,605.37,151.343,Peak,0.35,23.3
2026-08-27 19:15:00,543.6,135.9,Peak,0.35,24.5
2026-08-27 19:30:00,328.92,82.23,Peak,0.35,22.6
2026-08-27 19:45:00,326.34,81.585,Peak,0.35,21.5
2026-08-27 20:00:00,323.55,80.888,Peak,0.35,22.4
2026-08-27 20:15:00,318.3,79.575,Peak,0.35,21.3
2026-08-27 20:30:00,316.53,79.132,Peak,0.35,21.1
2026-08-27 20:45:00,311.18,77.795,Peak,0.35,20.4
2026-08-27 21:00:00,315.05,78.763,Peak,0.35,20.6
2026-08-27 21:15:00,336.89,84.222,Peak,0.35,21.7
2026-08-27 21:30:00,314.27,78.567,Peak,0.35,19.3
2026-08-27 21:45:00,300.13,75.032,Peak,0.35,17.8
2026-08-27 22:00:00,192.46,48.115,Off-Peak,0.08,19.3
2026-08-27 22:15:00,194.09,48.523,Off-Peak,0.08,18.7
2026-08-27 22:30:00,185.54,46.385,Off-Peak,0.08,17.3
2026-08-27 22:45:00,185.83,46.458,Off-Peak,0.08,18.3
2026-08-27 23:00:00,193.34,48.335,Off-Peak,0.08,17.2
2026-08-27 23:15:00,193.91,48.477,Off-Peak,0.08,17.1
2026-08-27 23:30:00,176.16,44.04,Off-Peak,0.08,16.2
2026-08-27 23:45:00,187.57,46.892,Off-Peak,0.08,16.0
2026-08-28 00:00:00,187.88,46.97,Off-Peak,0.08,16.3
2026-08-28 00:15:00,183.24,45.81,Off-Peak,0.08,14.0
2026-08-28 00:30:00,189.6,47.4,Off-Peak,0.08,15.2
2026-08-28 00:45:00,208.69,52.172,Off-Peak,0.08,15.9
2026-08-28 01:00:00,189.33,47.333,Off-Peak,0.08,14.7
2026-08-28 01:15:00,199.27,49.818,Off-Peak,0.08,15.2
2026-08-28 01:30:00,185.84,46.46,Off-Peak,0.08,15.9
2026-08-28 01:45:00,184.73,46.182,Off-Peak,0.08,16.0
2026-08-28 02:00:00,198.59,49.648,Off-Peak,0.08,14.2
2026-08-28 02:15:00,188.03,47.008,Off-Peak,0.08,14.1
2026-08-28 02:30:00,185.12,46.28,Off-Peak,0.08,16.0
2026-08-28 02:45:00,186.21,46.553,Off-Peak,0.08,16.6
2026-08-28 03:00:00,185.95,46.487,Off-Peak,0.08,15.6
2026-08-28 03:15:00,193.11,48.278,Off-Peak,0.08,16.3
2026-08-28 03:30:00,191.12,47.78,Off-Peak,0.08,14.7
2026-08-28 03:45:00,191.23,47.807,Off-Peak,0.08,15.0
2026-08-28 04:00:00,190.21,47.553,Off-Peak,0.08,17.9
2026-08-28 04:15:00,195.67,48.917,Off-Peak,0.08,17.2
2026-08-28 04:30:00,201.08,50.27,Off-Peak,0.08,15.3
2026-08-28 04:45:00,188.94,47.235,Off-Peak,0.08,15.8
2026-08-28 05:00:00,195.72,48.93,Off-Peak,0.08,16.6
2026-08-28 05:15:00,188.38,47.095,Off-Peak,0.08,17.7
2026-08-28 05:30:00,194.09,48.523,Off-Peak,0.08,16.3
2026-08-28 05:45:00,196.51,49.127,Off-Peak,0.08,17.4
2026-08-28 06:00:00,309.29,77.323,Off-Peak,0.08,18.6
2026-08-28 06:15:00,293.67,73.418,Off-Peak,0.08,19.5
2026-08-28 06:30:00,294.22,73.555,Off-Peak,0.08,19.2
2026-08-28 06:45:00,296.81,74.203,Off-Peak,0.08,19.9
2026-08-28 07:00:00,319.56,79.89,Off-Peak,0.08,19.7
2026-08-28 07:15:00,330.71,82.677,Off-Peak,0.08,21.0
2026-08-28 07:30:00,304.58,76.145,Off-Peak,0.08,20.2
2026-08-28 07:45:00,339.63,84.907,Off-Peak,0.08,22.4
2026-08-28 08:00:00,578.67,144.667,Normal,0.18,21.6
2026-08-28 08:15:00,589.04,147.26,Normal,0.18,23.3
2026-08-28 08:30:00,606.04,151.51,Normal,0.18,22.5
2026-08-28 08:45:00,552.66,138.165,Normal,0.18,22.4
2026-08-28 09:00:00,564.8,141.2,Normal,0.18,23.3
2026-08-28 09:15:00,570.19,142.548,Normal,0.18,23.2
2026-08-28 09:30:00,588.61,147.153,Normal,0.18,25.2
2026-08-28 09:45:00,579.51,144.877,Normal,0.18,25.7
2026-08-28 10:00:00,574.29,143.572,Normal,0.18,25.7
2026-08-28 10:15:00,582.37,145.593,Normal,0.18,28.3
2026-08-28 10:30:00,601.89,150.472,Normal,0.18,27.6
2026-08-28 10:45:00,586.85,146.713,Normal,0.18,26.6
2026-08-28 11:00:00,579.02,144.755,Normal,0.18,26.7
2026-08-28 11:15:00,554.14,138.535,Normal,0.18,25.8
2026-08-28 11:30:00,579.58,144.895,Normal,0.18,26.0
2026-08-28 11:45:00,616.92,154.23,Normal,0.18,27.6
2026-08-28 12:00:00,573.43,143.357,Normal,0.18,27.3
2026-08-28 12:15:00,608.15,152.037,Normal,0.18,28.2
2026-08-28 12:30:00,589.1,147.275,Normal,0.18,28.4
2026-08-28 12:45:00,577.3,144.325,Normal,0.18,28.8
2026-08-28 13:00:00,596.12,149.03,Normal,0.18,28.5
2026-08-28 13:15:00,584.37,146.093,Normal,0.18,29.5
2026-08-28 13:30:00,591.68,147.92,Normal,0.18,29.1
2026-08-28 13:45:00,573.81,143.452,Normal,0.18,27.5
2026-08-28 14:00:00,614.09,153.523,Normal,0.18,29.2
2026-08-28 14:15:00,593.84,148.46,Normal,0.18,28.6
2026-08-28 14:30:00,606.88,151.72,Normal,0.18,29.3
2026-08-28 14:45:00,609.87,152.468,Normal,0.18,29.4
2026-08-28 15:00:00,605.6,151.4,Normal,0.18,28.7
2026-08-28 15:15:00,608.34,152.085,Normal,0.18,27.8
2026-08-28 15:30:00,572.16,143.04,Normal,0.18,29.9
2026-08-28 15:45:00,610.55,152.637,Normal,0.18,28.3
2026-08-28 16:00:00,634.36,158.59,Normal,0.18,28.5
2026-08-28 16:15:00,566.16,141.54,Normal,0.18,29.0
2026-08-28 16:30:00,577.72,144.43,Normal,0.18,27.4
2026-08-28 16:45:00,600.04,150.01,Normal,0.18,28.4
2026-08-28 17:00:00,593.57,148.393,Normal,0.18,27.0
2026-08-28 17:15:00,560.84,140.21,Normal,0.18,24.8
2026-08-28 17:30:00,566.06,141.515,Normal,0.18,26.3
2026-08-28 17:45:00,570.58,142.645,Normal,0.18,25.9
2026-08-28 18:00:00,600.06,150.015,Peak,0.35,25.5
2026-08-28 18:15:00,581.83,145.458,Peak,0.35,26.3
2026-08-28 18:30:00,558.67,139.667,Peak,0.35,23.9
2026-08-28 18:45:00,572.65,143.162,Peak,0.35,23.8
2026-08-28 19:00:00,556.96,139.24,Peak,0.35,23.4
2026-08-28 19:15:00,537.8,134.45,Peak,0.35,22.9
2026-08-28 19:30:00,333.71,83.427,Peak,0.35,23.9
2026-08-28 19:45:00,333.44,83.36,Peak,0.35,22.8
2026-08-28 20:00:00,320.86,80.215,Peak,0.35,21.3
2026-08-28 20:15:00,309.89,77.472,Peak,0.35,22.4
2026-08-28 20:30:00,326.34,81.585,Peak,0.35,21.9
2026-08-28 20:45:00,303.11,75.778,Peak,0.35,19.9
2026-08-28 21:00:00,327.43,81.858,Peak,0.35,21.2
2026-08-28 21:15:00,325.76,81.44,Peak,0.35,19.9
2026-08-28 21:30:00,317.66,79.415,Peak,0.35,19.1
2026-08-28 21:45:00,297.15,74.287,Peak,0.35,18.0
2026-08-28 22:00:00,179.49,44.873,Off-Peak,0.08,19.0
2026-08-28 22:15:00,198.3,49.575,Off-Peak,0.08,18.3
2026-08-28 22:30:00,193.3,48.325,Off-Peak,0.08,17.6
2026-08-28 22:45:00,186.09,46.523,Off-Peak,0.08,18.4
2026-08-28 23:00:00,192.24,48.06,Off-Peak,0.08,17.1
2026-08-28 23:15:00,184.04,46.01,Off-Peak,0.08,16.9
2026-08-28 23:30:00,190.05,47.513,Off-Peak,0.08,17.0
2026-08-28 23:45:00,192.63,48.157,Off-Peak,0.08,15.1
2026-08-29 00:00:00,189.42,47.355,Off-Peak,0.08,15.0
2026-08-29 00:15:00,191.26,47.815,Off-Peak,0.08,15.7
2026-08-29 00:30:00,178.11,44.528,Off-Peak,0.08,15.8
2026-08-29 00:45:00,191.33,47.833,Off-Peak,0.08,14.8
2026-08-29 01:00:00,193.66,48.415,Off-Peak,0.08,15.2
2026-08-29 01:15:00,185.69,46.422,Off-Peak,0.08,14.6
2026-08-29 01:30:00,193.25,48.312,Off-Peak,0.08,15.7
2026-08-29 01:45:00,174.78,43.695,Off-Peak,0.08,14.6
2026-08-29 02:00:00,197.81,49.453,Off-Peak,0.08,13.9
2026-08-29 02:15:00,180.91,45.227,Off-Peak,0.08,15.7
2026-08-29 02:30:00,193.65,48.413,Off-Peak,0.08,15.4
2026-08-29 02:45:00,193.48,48.37,Off-Peak,0.08,15.3
2026-08-29 03:00:00,179.16,44.79,Off-Peak,0.08,14.7
2026-08-29 03:15:00,201.38,50.345,Off-Peak,0.08,15.2
2026-08-29 03:30:00,184.05,46.013,Off-Peak,0.08,16.2
2026-08-29 03:45:00,182.61,45.653,Off-Peak,0.08,14.8
2026-08-29 04:00:00,193.63,48.407,Off-Peak,0.08,15.4
2026-08-29 04:15:00,180.65,45.163,Off-Peak,0.08,15.9
2026-08-29 04:30:00,194.09,48.523,Off-Peak,0.08,16.7
2026-08-29 04:45:00,179.56,44.89,Off-Peak,0.08,14.9
2026-08-29 05:00:00,195.05,48.763,Off-Peak,0.08,14.7
2026-08-29 05:15:00,183.72,45.93,Off-Peak,0.08,16.9
2026-08-29 05:30:00,190.46,47.615,Off-Peak,0.08,18.1
2026-08-29 05:45:00,197.07,49.267,Off-Peak,0.08,17.9
2026-08-29 06:00:00,205.55,51.388,Off-Peak,0.08,18.6
2026-08-29 06:15:00,210.13,52.532,Off-Peak,0.08,17.9
2026-08-29 06:30:00,211.65,52.913,Off-Peak,0.08,18.4
2026-08-29 06:45:00,214.82,53.705,Off-Peak,0.08,20.9
2026-08-29 07:00:00,208.4,52.1,Off-Peak,0.08,19.8
2026-08-29 07:15:00,216.27,54.068,Off-Peak,0.08,20.1
2026-08-29 07:30:00,201.58,50.395,Off-Peak,0.08,20.8
2026-08-29 07:45:00,207.92,51.98,Off-Peak,0.08,22.5
2026-08-29 08:00:00,198.53,49.633,Off-Peak,0.08,21.0
2026-08-29 08:15:00,212.7,53.175,Off-Peak,0.08,22.8
2026-08-29 08:30:00,218.11,54.528,Off-Peak,0.08,23.9
2026-08-29 08:45:00,211.96,52.99,Off-Peak,0.08,24.2
2026-08-29 09:00:00,209.32,52.33,Off-Peak,0.08,24.6
2026-08-29 09:15:00,210.33,52.583,Off-Peak,0.08,23.6
2026-08-29 09:30:00,202.77,50.693,Off-Peak,0.08,25.2
2026-08-29 09:45:00,224.18,56.045,Off-Peak,0.08,24.8
2026-08-29 10:00:00,194.88,48.72,Off-Peak,0.08,25.3
2026-08-29 10:15:00,213.01,53.252,Off-Peak,0.08,25.9
2026-08-29 10:30:00,201.82,50.455,Off-Peak,0.08,26.5
2026-08-29 10:45:00,209.16,52.29,Off-Peak,0.08,27.4
2026-08-29 11:00:00,200.65,50.163,Off-Peak,0.08,27.7
2026-08-29 11:15:00,201.68,50.42,Off-Peak,0.08,27.1
2026-08-29 11:30:00,221.07,55.267,Off-Peak,0.08,27.7
2026-08-29 11:45:00,212.82,53.205,Off-Peak,0.08,27.5
2026-08-29 12:00:00,220.96,55.24,Off-Peak,0.08,27.6
2026-08-29 12:15:00,210.46,52.615,Off-Peak,0.08,28.4
2026-08-29 12:30:00,207.83,51.958,Off-Peak,0.08,27.9
2026-08-29 12:45:00,210.63,52.657,Off-Peak,0.08,28.7
2026-08-29 13:00:00,212.05,53.013,Off-Peak,0.08,29.3
2026-08-29 13:15:00,214.46,53.615,Off-Peak,0.08,28.5
2026-08-29 13:30:00,205.85,51.462,Off-Peak,0.08,28.5
2026-08-29 13:45:00,199.26,49.815,Off-Peak,0.08,29.7
2026-08-29 14:00:00,221.99,55.498,Off-Peak,0.08,29.1
2026-08-29 14:15:00,201.71,50.428,Off-Peak,0.08,27.4
2026-08-29 14:30:00,215.06,53.765,Off-Peak,0.08,28.3
2026-08-29 14:45:00,219.09,54.773,Off-Peak,0.08,29.0
2026-08-29 15:00:00,210.05,52.513,Off-Peak,0.08,29.7
2026-08-29 15:15:00,223.53,55.883,Off-Peak,0.08,29.8
2026-08-29 15:30:00,217.51,54.377,Off-Peak,0.08,28.9
2026-08-29 15:45:00,201.71,50.428,Off-Peak,0.08,27.6
2026-08-29 16:00:00,200.1,50.025,Off-Peak,0.08,28.8
2026-08-29 16:15:00,212.04,53.01,Off-Peak,0.08,26.9
2026-08-29 16:30:00,212.17,53.042,Off-Peak,0.08,27.9
2026-08-29 16:45:00,221.35,55.337,Off-Peak,0.08,29.0
2026-08-29 17:00:00,209.34,52.335,Off-Peak,0.08,26.5
2026-08-29 17:15:00,209.07,52.267,Off-Peak,0.08,26.2
2026-08-29 17:30:00,205.06,51.265,Off-Peak,0.08,26.6
2026-08-29 17:45:00,210.31,52.578,Off-Peak,0.08,26.7
2026-08-29 18:00:00,212.48,53.12,Off-Peak,0.08,25.6
2026-08-29 18:15:00,201.81,50.453,Off-Peak,0.08,25.7
2026-08-29 18:30:00,219.59,54.898,Off-Peak,0.08,24.5
2026-08-29 18:45:00,216.91,54.227,Off-Peak,0.08,24.6
2026-08-29 19:00:00,216.17,54.042,Off-Peak,0.08,23.4
2026-08-29 19:15:00,205.51,51.377,Off-Peak,0.08,22.1
2026-08-29 19:30:00,205.32,51.33,Off-Peak,0.08,22.9
2026-08-29 19:45:00,208.09,52.023,Off-Peak,0.08,21.4
2026-08-29 20:00:00,216.79,54.197,Off-Peak,0.08,21.7
2026-08-29 20:15:00,212.31,53.078,Off-Peak,0.08,21.7
2026-08-29 20:30:00,209.03,52.258,Off-Peak,0.08,19.7
2026-08-29 20:45:00,206.71,51.678,Off-Peak,0.08,19.2
2026-08-29 21:00:00,204.15,51.038,Off-Peak,0.08,19.2
2026-08-29 21:15:00,214.93,53.733,Off-Peak,0.08,21.2
2026-08-29 21:30:00,209.25,52.312,Off-Peak,0.08,19.7
2026-08-29 21:45:00,212.66,53.165,Off-Peak,0.08,18.7
2026-08-29 22:00:00,186.83,46.708,Off-Peak,0.08,17.4
2026-08-29 22:15:00,191.62,47.905,Off-Peak,0.08,19.0
2026-08-29 22:30:00,199.54,49.885,Off-Peak,0.08,18.2
2026-08-29 22:45:00,186.04,46.51,Off-Peak,0.08,17.5
2026-08-29 23:00:00,197.13,49.282,Off-Peak,0.08,16.7
2026-08-29 23:15:00,190.63,47.657,Off-Peak,0.08,16.1
2026-08-29 23:30:00,195.47,48.867,Off-Peak,0.08,18.2
2026-08-29 23:45:00,193.28,48.32,Off-Peak,0.08,14.8
2026-08-30 00:00:00,200.0,50.0,Off-Peak,0.08,15.7
2026-08-30 00:15:00,200.23,50.057,Off-Peak,0.08,17.0
2026-08-30 00:30:00,188.24,47.06,Off-Peak,0.08,16.2
2026-08-30 00:45:00,179.16,44.79,Off-Peak,0.08,15.0
2026-08-30 01:00:00,186.86,46.715,Off-Peak,0.08,16.0
2026-08-30 01:15:00,184.06,46.015,Off-Peak,0.08,15.2
2026-08-30 01:30:00,192.26,48.065,Off-Peak,0.08,15.1
2026-08-30 01:45:00,195.1,48.775,Off-Peak,0.08,13.7
2026-08-30 02:00:00,174.08,43.52,Off-Peak,0.08,14.4
2026-08-30 02:15:00,191.79,47.947,Off-Peak,0.08,15.6
2026-08-30 02:30:00,182.86,45.715,Off-Peak,0.08,15.9
2026-08-30 02:45:00,194.33,48.583,Off-Peak,0.08,16.5
2026-08-30 03:00:00,188.98,47.245,Off-Peak,0.08,16.3
2026-08-30 03:15:00,195.69,48.922,Off-Peak,0.08,15.3
2026-08-30 03:30:00,191.66,47.915,Off-Peak,0.08,15.2
2026-08-30 03:45:00,192.72,48.18,Off-Peak,0.08,13.7
2026-08-30 04:00:00,189.67,47.417,Off-Peak,0.08,16.7
2026-08-30 04:15:00,193.62,48.405,Off-Peak,0.08,15.6
2026-08-30 04:30:00,189.48,47.37,Off-Peak,0.08,16.5
2026-08-30 04:45:00,189.98,47.495,Off-Peak,0.08,17.9
2026-08-30 05:00:00,185.41,46.352,Off-Peak,0.08,16.2
2026-08-30 05:15:00,199.48,49.87,Off-Peak,0.08,17.9
2026-08-30 05:30:00,195.06,48.765,Off-Peak,0.08,17.7
2026-08-30 05:45:00,181.68,45.42,Off-Peak,0.08,18.0
2026-08-30 06:00:00,216.76,54.19,Off-Peak,0.08,17.3
2026-08-30 06:15:00,213.81,53.453,Off-Peak,0.08,18.9
2026-08-30 06:30:00,210.73,52.682,Off-Peak,0.08,19.4
2026-08-30 06:45:00,215.82,53.955,Off-Peak,0.08,20.1
2026-08-30 07:00:00,208.24,52.06,Off-Peak,0.08,20.2
2026-08-30 07:15:00,196.61,49.153,Off-Peak,0.08,21.1
2026-08-30 07:30:00,208.75,52.188,Off-Peak,0.08,21.7
2026-08-30 07:45:00,204.53,51.133,Off-Peak,0.08,20.6
2026-08-30 08:00:00,225.44,56.36,Off-Peak,0.08,21.5
2026-08-30 08:15:00,213.56,53.39,Off-Peak,0.08,21.9
2026-08-30 08:30:00,215.47,53.867,Off-Peak,0.08,24.4
2026-08-30 08:45:00,207.11,51.778,Off-Peak,0.08,22.9
2026-08-30 09:00:00,216.27,54.068,Off-Peak,0.08,23.8
2026-08-30 09:15:00,207.31,51.828,Off-Peak,0.08,23.6
2026-08-30 09:30:00,212.5,53.125,Off-Peak,0.08,25.8
2026-08-30 09:45:00,209.52,52.38,Off-Peak,0.08,26.2
2026-08-30 10:00:00,213.2,53.3,Off-Peak,0.08,27.3
2026-08-30 10:15:00,202.6,50.65,Off-Peak,0.08,25.3
2026-08-30 10:30:00,207.09,51.773,Off-Peak,0.08,25.9
2026-08-30 10:45:00,206.37,51.593,Off-Peak,0.08,27.6
2026-08-30 11:00:00,210.32,52.58,Off-Peak,0.08,26.6
2026-08-30 11:15:00,197.63,49.407,Off-Peak,0.08,28.5
2026-08-30 11:30:00,201.23,50.307,Off-Peak,0.08,26.2
2026-08-30 11:45:00,205.3,51.325,Off-Peak,0.08,27.9
2026-08-30 12:00:00,216.62,54.155,Off-Peak,0.08,28.0
2026-08-30 12:15:00,211.21,52.803,Off-Peak,0.08,27.9
2026-08-30 12:30:00,208.78,52.195,Off-Peak,0.08,30.8
2026-08-30 12:45:00,206.51,51.627,Off-Peak,0.08,27.8
2026-08-30 13:00:00,198.9,49.725,Off-Peak,0.08,28.2
2026-08-30 13:15:00,217.99,54.498,Off-Peak,0.08,29.9
2026-08-30 13:30:00,201.42,50.355,Off-Peak,0.08,27.5
2026-08-30 13:45:00,213.73,53.432,Off-Peak,0.08,29.1
2026-08-30 14:00:00,203.07,50.767,Off-Peak,0.08,28.8
2026-08-30 14:15:00,215.55,53.888,Off-Peak,0.08,29.6
2026-08-30 14:30:00,210.61,52.653,Off-Peak,0.08,28.5
2026-08-30 14:45:00,207.25,51.812,Off-Peak,0.08,28.1
2026-08-30 15:00:00,214.92,53.73,Off-Peak,0.08,29.2
2026-08-30 15:15:00,211.54,52.885,Off-Peak,0.08,28.4
2026-08-30 15:30:00,210.91,52.727,Off-Peak,0.08,28.0
2026-08-30 15:45:00,206.57,51.642,Off-Peak,0.08,28.9
2026-08-30 16:00:00,203.97,50.992,Off-Peak,0.08,27.2
2026-08-30 16:15:00,218.09,54.523,Off-Peak,0.08,26.8
2026-08-30 16:30:00,215.23,53.807,Off-Peak,0.08,27.8
2026-08-30 16:45:00,203.74,50.935,Off-Peak,0.08,26.8
2026-08-30 17:00:00,206.01,51.502,Off-Peak,0.08,26.7
2026-08-30 17:15:00,210.99,52.748,Off-Peak,0.08,27.4
2026-08-30 17:30:00,203.76,50.94,Off-Peak,0.08,26.3
2026-08-30 17:45:00,202.09,50.523,Off-Peak,0.08,25.4
2026-08-30 18:00:00,222.74,55.685,Off-Peak,0.08,26.3
2026-08-30 18:15:00,228.16,57.04,Off-Peak,0.08,26.1
2026-08-30 18:30:00,204.76,51.19,Off-Peak,0.08,25.5
2026-08-30 18:45:00,206.38,51.595,Off-Peak,0.08,24.0
2026-08-30 19:00:00,212.71,53.178,Off-Peak,0.08,25.1
2026-08-30 19:15:00,235.37,58.843,Off-Peak,0.08,22.7
2026-08-30 19:30:00,216.91,54.227,Off-Peak,0.08,22.6
2026-08-30 19:45:00,205.89,51.472,Off-Peak,0.08,23.1
2026-08-30 20:00:00,206.41,51.602,Off-Peak,0.08,21.3
2026-08-30 20:15:00,200.98,50.245,Off-Peak,0.08,20.0
2026-08-30 20:30:00,214.7,53.675,Off-Peak,0.08,22.3
2026-08-30 20:45:00,230.85,57.712,Off-Peak,0.08,19.1
2026-08-30 21:00:00,203.89,50.972,Off-Peak,0.08,19.7
2026-08-30 21:15:00,210.96,52.74,Off-Peak,0.08,19.7
2026-08-30 21:30:00,213.88,53.47,Off-Peak,0.08,20.1
2026-08-30 21:45:00,213.78,53.445,Off-Peak,0.08,18.7
2026-08-30 22:00:00,175.93,43.983,Off-Peak,0.08,19.1
2026-08-30 22:15:00,190.73,47.682,Off-Peak,0.08,16.6
2026-08-30 22:30:00,196.21,49.053,Off-Peak,0.08,17.7
2026-08-30 22:45:00,189.3,47.325,Off-Peak,0.08,18.4
2026-08-30 23:00:00,177.08,44.27,Off-Peak,0.08,17.5
2026-08-30 23:15:00,176.91,44.227,Off-Peak,0.08,17.0
2026-08-30 23:30:00,184.99,46.248,Off-Peak,0.08,16.6
2026-08-30 23:45:00,174.0,43.5,Off-Peak,0.08,16.2
2026-08-31 00:00:00,121.85,30.462,Off-Peak,0.08,14.6
2026-08-31 00:15:00,130.31,32.578,Off-Peak,0.08,15.1
2026-08-31 00:30:00,122.72,30.68,Off-Peak,0.08,16.6
2026-08-31 00:45:00,125.35,31.337,Off-Peak,0.08,15.4
2026-08-31 01:00:00,126.27,31.567,Off-Peak,0.08,14.8
2026-08-31 01:15:00,120.96,30.24,Off-Peak,0.08,15.3
2026-08-31 01:30:00,132.43,33.108,Off-Peak,0.08,14.8
2026-08-31 01:45:00,134.38,33.595,Off-Peak,0.08,14.3
2026-08-31 02:00:00,134.52,33.63,Off-Peak,0.08,16.1
2026-08-31 02:15:00,118.13,29.532,Off-Peak,0.08,15.4
2026-08-31 02:30:00,129.78,32.445,Off-Peak,0.08,15.2
2026-08-31 02:45:00,126.49,31.622,Off-Peak,0.08,15.5
2026-08-31 03:00:00,123.62,30.905,Off-Peak,0.08,15.5
2026-08-31 03:15:00,134.75,33.688,Off-Peak,0.08,16.9
2026-08-31 03:30:00,121.79,30.448,Off-Peak,0.08,14.3
2026-08-31 03:45:00,129.79,32.447,Off-Peak,0.08,16.0
2026-08-31 04:00:00,126.51,31.628,Off-Peak,0.08,15.8
2026-08-31 04:15:00,134.03,33.508,Off-Peak,0.08,16.2
2026-08-31 04:30:00,133.71,33.428,Off-Peak,0.08,16.9
2026-08-31 04:45:00,124.36,31.09,Off-Peak,0.08,17.8
2026-08-31 05:00:00,131.47,32.867,Off-Peak,0.08,17.4
2026-08-31 05:15:00,136.67,34.167,Off-Peak,0.08,17.3
2026-08-31 05:30:00,121.25,30.312,Off-Peak,0.08,19.6
2026-08-31 05:45:00,131.53,32.883,Off-Peak,0.08,18.9
2026-08-31 06:00:00,220.01,55.002,Off-Peak,0.08,17.6
2026-08-31 06:15:00,220.45,55.112,Off-Peak,0.08,19.9
2026-08-31 06:30:00,273.72,68.43,Off-Peak,0.08,19.7
2026-08-31 06:45:00,251.05,62.763,Off-Peak,0.08,18.4
2026-08-31 07:00:00,300.18,75.045,Off-Peak,0.08,21.5
2026-08-31 07:15:00,301.74,75.435,Off-Peak,0.08,21.3
2026-08-31 07:30:00,296.14,74.035,Off-Peak,0.08,19.6
2026-08-31 07:45:00,294.57,73.642,Off-Peak,0.08,21.6
2026-08-31 08:00:00,544.14,136.035,Normal,0.18,21.1
2026-08-31 08:15:00,541.98,135.495,Normal,0.18,22.6
2026-08-31 08:30:00,558.65,139.662,Normal,0.18,22.1
2026-08-31 08:45:00,566.44,141.61,Normal,0.18,22.4
2026-08-31 09:00:00,545.58,136.395,Normal,0.18,22.6
2026-08-31 09:15:00,531.43,132.857,Normal,0.18,22.9
2026-08-31 09:30:00,542.25,135.562,Normal,0.18,22.9
2026-08-31 09:45:00,553.36,138.34,Normal,0.18,24.2
2026-08-31 10:00:00,584.49,146.123,Normal,0.18,25.2
2026-08-31 10:15:00,590.82,147.705,Normal,0.18,25.5
2026-08-31 10:30:00,582.83,145.708,Normal,0.18,27.0
2026-08-31 10:45:00,566.78,141.695,Normal,0.18,26.8
2026-08-31 11:00:00,560.57,140.143,Normal,0.18,25.8
2026-08-31 11:15:00,585.02,146.255,Normal,0.18,27.7
2026-08-31 11:30:00,561.82,140.455,Normal,0.18,27.4
2026-08-31 11:45:00,589.75,147.438,Normal,0.18,27.9
2026-08-31 12:00:00,578.96,144.74,Normal,0.18,28.8
2026-08-31 12:15:00,557.42,139.355,Normal,0.18,27.5
2026-08-31 12:30:00,567.75,141.938,Normal,0.18,28.4
2026-08-31 12:45:00,560.5,140.125,Normal,0.18,28.2
2026-08-31 13:00:00,557.86,139.465,Normal,0.18,29.5
2026-08-31 13:15:00,583.14,145.785,Normal,0.18,30.0
2026-08-31 13:30:00,572.68,143.17,Normal,0.18,29.6
2026-08-31 13:45:00,578.89,144.722,Normal,0.18,29.4
2026-08-31 14:00:00,611.29,152.822,Normal,0.18,29.7
2026-08-31 14:15:00,595.59,148.898,Normal,0.18,27.8
2026-08-31 14:30:00,603.39,150.847,Normal,0.18,29.9
2026-08-31 14:45:00,592.31,148.077,Normal,0.18,29.8
2026-08-31 15:00:00,583.7,145.925,Normal,0.18,27.7
2026-08-31 15:15:00,590.0,147.5,Normal,0.18,29.4
2026-08-31 15:30:00,596.71,149.178,Normal,0.18,27.5
2026-08-31 15:45:00,590.06,147.515,Normal,0.18,27.7
2026-08-31 16:00:00,587.78,146.945,Normal,0.18,29.0
2026-08-31 16:15:00,599.85,149.963,Normal,0.18,29.2
2026-08-31 16:30:00,560.28,140.07,Normal,0.18,27.5
2026-08-31 16:45:00,615.06,153.765,Normal,0.18,29.1
2026-08-31 17:00:00,582.28,145.57,Normal,0.18,25.9
2026-08-31 17:15:00,570.71,142.678,Normal,0.18,26.5
2026-08-31 17:30:00,183.15,45.788,Normal,0.18,25.6
2026-08-31 17:45:00,191.62,47.905,Normal,0.18,24.9
2026-08-31 18:00:00,231.07,57.767,Peak,0.35,26.0
2026-08-31 18:15:00,244.96,61.24,Peak,0.35,25.9
2026-08-31 18:30:00,247.66,61.915,Peak,0.35,24.3
2026-08-31 18:45:00,232.85,58.212,Peak,0.35,23.9
2026-08-31 19:00:00,200.44,50.11,Peak,0.35,24.2
2026-08-31 19:15:00,215.88,53.97,Peak,0.35,22.7
2026-08-31 19:30:00,217.72,54.43,Peak,0.35,23.3
2026-08-31 19:45:00,201.01,50.252,Peak,0.35,23.4
2026-08-31 20:00:00,204.62,51.155,Peak,0.35,21.9
2026-08-31 20:15:00,192.81,48.203,Peak,0.35,20.1
2026-08-31 20:30:00,209.38,52.345,Peak,0.35,20.6
2026-08-31 20:45:00,193.55,48.388,Peak,0.35,20.7
2026-08-31 21:00:00,202.21,50.553,Peak,0.35,20.9
2026-08-31 21:15:00,203.54,50.885,Peak,0.35,18.8
2026-08-31 21:30:00,190.1,47.525,Peak,0.35,18.8
2026-08-31 21:45:00,195.07,48.767,Peak,0.35,19.4
2026-08-31 22:00:00,142.11,35.528,Off-Peak,0.08,18.3
2026-08-31 22:15:00,120.1,30.025,Off-Peak,0.08,17.3
2026-08-31 22:30:00,127.6,31.9,Off-Peak,0.08,16.9
2026-08-31 22:45:00,131.07,32.767,Off-Peak,0.08,16.9
2026-08-31 23:00:00,124.77,31.192,Off-Peak,0.08,18.1
2026-08-31 23:15:00,118.51,29.628,Off-Peak,0.08,16.8
2026-08-31 23:30:00,123.7,30.925,Off-Peak,0.08,14.5
2026-08-31 23:45:00,126.11,31.527,Off-Peak,0.08,15.2
2026-09-01 00:00:00,130.06,32.515,Off-Peak,0.08,16.0
2026-09-01 00:15:00,126.19,31.547,Off-Peak,0.08,16.7
2026-09-01 00:30:00,133.03,33.258,Off-Peak,0.08,15.8
2026-09-01 00:45:00,126.32,31.58,Off-Peak,0.08,17.2
2026-09-01 01:00:00,130.26,32.565,Off-Peak,0.08,14.6
2026-09-01 01:15:00,124.4,31.1,Off-Peak,0.08,14.9
2026-09-01 01:30:00,123.27,30.817,Off-Peak,0.08,14.3
2026-09-01 01:45:00,131.09,32.773,Off-Peak,0.08,15.1
2026-09-01 02:00:00,141.57,35.392,Off-Peak,0.08,14.8
2026-09-01 02:15:00,123.47,30.867,Off-Peak,0.08,15.2
2026-09-01 02:30:00,134.73,33.682,Off-Peak,0.08,15.0
2026-09-01 02:45:00,119.62,29.905,Off-Peak,0.08,15.1
2026-09-01 03:00:00,126.48,31.62,Off-Peak,0.08,14.0
2026-09-01 03:15:00,130.43,32.608,Off-Peak,0.08,16.0
2026-09-01 03:30:00,118.95,29.738,Off-Peak,0.08,15.8
2026-09-01 03:45:00,125.16,31.29,Off-Peak,0.08,16.9
2026-09-01 04:00:00,117.82,29.455,Off-Peak,0.08,17.2
2026-09-01 04:15:00,123.67,30.918,Off-Peak,0.08,16.3
2026-09-01 04:30:00,130.78,32.695,Off-Peak,0.08,16.5
2026-09-01 04:45:00,126.29,31.573,Off-Peak,0.08,15.6
2026-09-01 05:00:00,127.56,31.89,Off-Peak,0.08,17.4
2026-09-01 05:15:00,128.63,32.157,Off-Peak,0.08,16.8
2026-09-01 05:30:00,127.88,31.97,Off-Peak,0.08,17.3
2026-09-01 05:45:00,127.81,31.953,Off-Peak,0.08,18.3
2026-09-01 06:00:00,225.4,56.35,Off-Peak,0.08,19.2
2026-09-01 06:15:00,228.64,57.16,Off-Peak,0.08,19.3
2026-09-01 06:30:00,273.94,68.485,Off-Peak,0.08,20.0
2026-09-01 06:45:00,276.82,69.205,Off-Peak,0.08,19.6
2026-09-01 07:00:00,285.29,71.323,Off-Peak,0.08,18.8
2026-09-01 07:15:00,290.74,72.685,Off-Peak,0.08,20.5
2026-09-01 07:30:00,299.5,74.875,Off-Peak,0.08,21.7
2026-09-01 07:45:00,301.6,75.4,Off-Peak,0.08,21.1
2026-09-01 08:00:00,576.4,144.1,Normal,0.18,23.2
2026-09-01 08:15:00,540.61,135.153,Normal,0.18,21.5
2026-09-01 08:30:00,553.72,138.43,Normal,0.18,22.6
2026-09-01 08:45:00,539.2,134.8,Normal,0.18,23.0
2026-09-01 09:00:00,566.66,141.665,Normal,0.18,24.6
2026-09-01 09:15:00,568.16,142.04,Normal,0.18,25.8
2026-09-01 09:30:00,602.44,150.61,Normal,0.18,25.5
2026-09-01 09:45:00,558.04,139.51,Normal,0.18,25.3
2026-09-01 10:00:00,545.39,136.347,Normal,0.18,24.8
2026-09-01 10:15:00,588.9,147.225,Normal,0.18,27.3
2026-09-01 10:30:00,549.53,137.382,Normal,0.18,27.2
2026-09-01 10:45:00,568.82,142.205,Normal,0.18,26.6
2026-09-01 11:00:00,563.39,140.847,Normal,0.18,26.7
2026-09-01 11:15:00,579.02,144.755,Normal,0.18,27.8
2026-09-01 11:30:00,582.76,145.69,Normal,0.18,27.8
2026-09-01 11:45:00,586.91,146.727,Normal,0.18,27.7
2026-09-01 12:00:00,561.72,140.43,Normal,0.18,27.8
2026-09-01 12:15:00,580.62,145.155,Normal,0.18,29.2
2026-09-01 12:30:00,552.09,138.023,Normal,0.18,27.0
2026-09-01 12:45:00,563.38,140.845,Normal,0.18,28.2
2026-09-01 13:00:00,570.25,142.562,Normal,0.18,28.8
2026-09-01 13:15:00,587.84,146.96,Normal,0.18,28.3
2026-09-01 13:30:00,602.38,150.595,Normal,0.18,29.9
2026-09-01 13:45:00,584.35,146.088,Normal,0.18,29.8
2026-09-01 14:00:00,573.28,143.32,Normal,0.18,28.7
2026-09-01 14:15:00,579.58,144.895,Normal,0.18,28.9
2026-09-01 14:30:00,594.88,148.72,Normal,0.18,30.0
2026-09-01 14:45:00,603.34,150.835,Normal,0.18,28.3
2026-09-01 15:00:00,585.69,146.423,Normal,0.18,28.9
2026-09-01 15:15:00,609.71,152.428,Normal,0.18,29.3
2026-09-01 15:30:00,593.25,148.312,Normal,0.18,28.7
2026-09-01 15:45:00,596.65,149.162,Normal,0.18,28.1
2026-09-01 16:00:00,611.02,152.755,Normal,0.18,27.0
2026-09-01 16:15:00,583.55,145.887,Normal,0.18,27.1
2026-09-01 16:30:00,589.45,147.363,Normal,0.18,26.5
2026-09-01 16:45:00,582.09,145.523,Normal,0.18,28.2
2026-09-01 17:00:00,564.16,141.04,Normal,0.18,26.4
2026-09-01 17:15:00,600.85,150.213,Normal,0.18,27.1
2026-09-01 17:30:00,182.59,45.648,Normal,0.18,26.6
2026-09-01 17:45:00,189.4,47.35,Normal,0.18,26.4
2026-09-01 18:00:00,245.72,61.43,Peak,0.35,25.6
2026-09-01 18:15:00,235.5,58.875,Peak,0.35,24.9
2026-09-01 18:30:00,240.96,60.24,Peak,0.35,26.1
2026-09-01 18:45:00,243.34,60.835,Peak,0.35,24.3
2026-09-01 19:00:00,198.2,49.55,Peak,0.35,23.0
2026-09-01 19:15:00,206.74,51.685,Peak,0.35,24.6
2026-09-01 19:30:00,198.96,49.74,Peak,0.35,23.9
2026-09-01 19:45:00,198.86,49.715,Peak,0.35,22.7
2026-09-01 20:00:00,218.23,54.557,Peak,0.35,21.3
2026-09-01 20:15:00,225.49,56.373,Peak,0.35,24.4
2026-09-01 20:30:00,206.87,51.718,Peak,0.35,20.8
2026-09-01 20:45:00,194.32,48.58,Peak,0.35,20.3
2026-09-01 21:00:00,186.05,46.513,Peak,0.35,20.7
2026-09-01 21:15:00,205.69,51.422,Peak,0.35,19.4
2026-09-01 21:30:00,194.87,48.718,Peak,0.35,18.8
2026-09-01 21:45:00,191.6,47.9,Peak,0.35,19.5
2026-09-01 22:00:00,137.47,34.367,Off-Peak,0.08,18.5
2026-09-01 22:15:00,123.93,30.983,Off-Peak,0.08,18.3
2026-09-01 22:30:00,134.24,33.56,Off-Peak,0.08,16.6
2026-09-01 22:45:00,120.45,30.113,Off-Peak,0.08,18.0
2026-09-01 23:00:00,133.25,33.312,Off-Peak,0.08,16.9
2026-09-01 23:15:00,129.05,32.263,Off-Peak,0.08,14.9
2026-09-01 23:30:00,114.83,28.707,Off-Peak,0.08,17.0
2026-09-01 23:45:00,124.65,31.163,Off-Peak,0.08,16.5
2026-09-02 00:00:00,132.33,33.083,Off-Peak,0.08,16.7
2026-09-02 00:15:00,126.23,31.558,Off-Peak,0.08,16.4
2026-09-02 00:30:00,111.3,27.825,Off-Peak,0.08,15.1
2026-09-02 00:45:00,136.81,34.203,Off-Peak,0.08,15.0
2026-09-02 01:00:00,116.66,29.165,Off-Peak,0.08,13.9
2026-09-02 01:15:00,128.19,32.047,Off-Peak,0.08,14.1
2026-09-02 01:30:00,128.86,32.215,Off-Peak,0.08,15.1
2026-09-02 01:45:00,126.82,31.705,Off-Peak,0.08,16.2
2026-09-02 02:00:00,118.37,29.593,Off-Peak,0.08,14.2
2026-09-02 02:15:00,123.16,30.79,Off-Peak,0.08,14.8
2026-09-02 02:30:00,123.33,30.832,Off-Peak,0.08,15.9
2026-09-02 02:45:00,126.12,31.53,Off-Peak,0.08,15.3
2026-09-02 03:00:00,128.82,32.205,Off-Peak,0.08,14.5
2026-09-02 03:15:00,140.47,35.117,Off-Peak,0.08,15.2
2026-09-02 03:30:00,126.75,31.688,Off-Peak,0.08,15.8
2026-09-02 03:45:00,124.93,31.233,Off-Peak,0.08,15.1
2026-09-02 04:00:00,126.53,31.633,Off-Peak,0.08,16.1
2026-09-02 04:15:00,124.46,31.115,Off-Peak,0.08,15.2
2026-09-02 04:30:00,129.35,32.337,Off-Peak,0.08,16.0
2026-09-02 04:45:00,128.54,32.135,Off-Peak,0.08,15.7
2026-09-02 05:00:00,130.09,32.523,Off-Peak,0.08,17.0
2026-09-02 05:15:00,125.99,31.497,Off-Peak,0.08,18.1
2026-09-02 05:30:00,132.35,33.087,Off-Peak,0.08,17.5
2026-09-02 05:45:00,135.2,33.8,Off-Peak,0.08,18.1
2026-09-02 06:00:00,225.1,56.275,Off-Peak,0.08,17.6
2026-09-02 06:15:00,229.06,57.265,Off-Peak,0.08,18.7
2026-09-02 06:30:00,268.12,67.03,Off-Peak,0.08,20.6
2026-09-02 06:45:00,260.63,65.157,Off-Peak,0.08,21.0
2026-09-02 07:00:00,290.78,72.695,Off-Peak,0.08,19.7
2026-09-02 07:15:00,292.99,73.248,Off-Peak,0.08,20.6
2026-09-02 07:30:00,312.04,78.01,Off-Peak,0.08,23.0
2026-09-02 07:45:00,290.92,72.73,Off-Peak,0.08,23.2
2026-09-02 08:00:00,548.95,137.238,Normal,0.18,23.3
2026-09-02 08:15:00,555.41,138.852,Normal,0.18,21.7
2026-09-02 08:30:00,586.39,146.597,Normal,0.18,23.3
2026-09-02 08:45:00,526.42,131.605,Normal,0.18,22.8
2026-09-02 09:00:00,574.45,143.613,Normal,0.18,24.0
2026-09-02 09:15:00,559.78,139.945,Normal,0.18,23.1
2026-09-02 09:30:00,544.91,136.227,Normal,0.18,25.1
2026-09-02 09:45:00,545.19,136.298,Normal,0.18,25.4
2026-09-02 10:00:00,552.23,138.058,Normal,0.18,26.5
2026-09-02 10:15:00,546.22,136.555,Normal,0.18,24.3
2026-09-02 10:30:00,572.18,143.045,Normal,0.18,26.1
2026-09-02 10:45:00,562.92,140.73,Normal,0.18,24.8
2026-09-02 11:00:00,568.91,142.227,Normal,0.18,26.1
2026-09-02 11:15:00,570.83,142.708,Normal,0.18,27.0
2026-09-02 11:30:00,550.08,137.52,Normal,0.18,28.6
2026-09-02 11:45:00,601.76,150.44,Normal,0.18,29.1
2026-09-02 12:00:00,565.74,141.435,Normal,0.18,27.4
2026-09-02 12:15:00,576.76,144.19,Normal,0.18,29.0
2026-09-02 12:30:00,575.57,143.893,Normal,0.18,28.8
2026-09-02 12:45:00,572.87,143.218,Normal,0.18,28.5
2026-09-02 13:00:00,567.84,141.96,Normal,0.18,29.3
2026-09-02 13:15:00,591.1,147.775,Normal,0.18,28.0
2026-09-02 13:30:00,563.59,140.898,Normal,0.18,28.8
2026-09-02 13:45:00,559.59,139.898,Normal,0.18,30.0
2026-09-02 14:00:00,595.82,148.955,Normal,0.18,29.9
2026-09-02 14:15:00,573.49,143.373,Normal,0.18,28.6
2026-09-02 14:30:00,593.65,148.412,Normal,0.18,28.6
2026-09-02 14:45:00,589.41,147.352,Normal,0.18,27.9
2026-09-02 15:00:00,597.0,149.25,Normal,0.18,29.2
2026-09-02 15:15:00,604.35,151.088,Normal,0.18,29.6
2026-09-02 15:30:00,604.85,151.213,Normal,0.18,29.4
2026-09-02 15:45:00,577.77,144.442,Normal,0.18,28.2
2026-09-02 16:00:00,591.03,147.757,Normal,0.18,29.0
2026-09-02 16:15:00,573.2,143.3,Normal,0.18,27.3
2026-09-02 16:30:00,591.18,147.795,Normal,0.18,28.6
2026-09-02 16:45:00,571.63,142.907,Normal,0.18,27.5
2026-09-02 17:00:00,585.97,146.493,Normal,0.18,27.0
2026-09-02 17:15:00,575.73,143.933,Normal,0.18,27.0
2026-09-02 17:30:00,180.06,45.015,Normal,0.18,26.5
2026-09-02 17:45:00,185.26,46.315,Normal,0.18,25.3
2026-09-02 18:00:00,234.95,58.737,Peak,0.35,25.9
2026-09-02 18:15:00,255.55,63.888,Peak,0.35,24.5
2026-09-02 18:30:00,248.79,62.197,Peak,0.35,24.0
2026-09-02 18:45:00,234.94,58.735,Peak,0.35,25.0
2026-09-02 19:00:00,196.97,49.242,Peak,0.35,24.5
2026-09-02 19:15:00,197.75,49.438,Peak,0.35,23.2
2026-09-02 19:30:00,203.43,50.858,Peak,0.35,20.9
2026-09-02 19:45:00,209.83,52.458,Peak,0.35,22.1
2026-09-02 20:00:00,207.55,51.888,Peak,0.35,21.9
2026-09-02 20:15:00,187.26,46.815,Peak,0.35,22.8
2026-09-02 20:30:00,202.47,50.617,Peak,0.35,20.6
2026-09-02 20:45:00,195.91,48.977,Peak,0.35,21.4
2026-09-02 21:00:00,203.35,50.837,Peak,0.35,20.0
2026-09-02 21:15:00,186.54,46.635,Peak,0.35,18.2
2026-09-02 21:30:00,195.14,48.785,Peak,0.35,20.6
2026-09-02 21:45:00,178.96,44.74,Peak,0.35,19.4
2026-09-02 22:00:00,138.29,34.572,Off-Peak,0.08,19.3
2026-09-02 22:15:00,124.15,31.038,Off-Peak,0.08,17.8
2026-09-02 22:30:00,118.1,29.525,Off-Peak,0.08,18.8
2026-09-02 22:45:00,124.16,31.04,Off-Peak,0.08,17.2
2026-09-02 23:00:00,135.49,33.873,Off-Peak,0.08,16.4
2026-09-02 23:15:00,125.89,31.473,Off-Peak,0.08,18.0
2026-09-02 23:30:00,131.99,32.998,Off-Peak,0.08,15.4
2026-09-02 23:45:00,126.86,31.715,Off-Peak,0.08,16.4
2026-09-03 00:00:00,122.05,30.512,Off-Peak,0.08,15.3
2026-09-03 00:15:00,129.65,32.413,Off-Peak,0.08,16.4
2026-09-03 00:30:00,125.31,31.328,Off-Peak,0.08,16.9
2026-09-03 00:45:00,128.23,32.057,Off-Peak,0.08,15.3
2026-09-03 01:00:00,129.09,32.273,Off-Peak,0.08,15.4
2026-09-03 01:15:00,115.63,28.907,Off-Peak,0.08,16.3
2026-09-03 01:30:00,122.95,30.738,Off-Peak,0.08,16.0
2026-09-03 01:45:00,128.9,32.225,Off-Peak,0.08,15.4
2026-09-03 02:00:00,123.85,30.962,Off-Peak,0.08,15.0
2026-09-03 02:15:00,127.34,31.835,Off-Peak,0.08,14.7
2026-09-03 02:30:00,123.57,30.892,Off-Peak,0.08,14.3
2026-09-03 02:45:00,130.67,32.667,Off-Peak,0.08,15.8
2026-09-03 03:00:00,135.3,33.825,Off-Peak,0.08,15.1
2026-09-03 03:15:00,122.97,30.742,Off-Peak,0.08,15.7
2026-09-03 03:30:00,133.65,33.413,Off-Peak,0.08,16.6
2026-09-03 03:45:00,133.32,33.33,Off-Peak,0.08,15.1
2026-09-03 04:00:00,126.7,31.675,Off-Peak,0.08,15.4
2026-09-03 04:15:00,131.03,32.758,Off-Peak,0.08,16.9
2026-09-03 04:30:00,131.32,32.83,Off-Peak,0.08,14.3
2026-09-03 04:45:00,128.99,32.248,Off-Peak,0.08,15.9
2026-09-03 05:00:00,131.93,32.983,Off-Peak,0.08,17.1
2026-09-03 05:15:00,125.21,31.302,Off-Peak,0.08,17.0
2026-09-03 05:30:00,128.07,32.017,Off-Peak,0.08,17.1
2026-09-03 05:45:00,125.82,31.455,Off-Peak,0.08,20.1
2026-09-03 06:00:00,232.31,58.078,Off-Peak,0.08,19.3
2026-09-03 06:15:00,230.67,57.667,Off-Peak,0.08,18.2
2026-09-03 06:30:00,264.71,66.177,Off-Peak,0.08,20.7
2026-09-03 06:45:00,269.88,67.47,Off-Peak,0.08,18.9
2026-09-03 07:00:00,295.47,73.868,Off-Peak,0.08,20.3
2026-09-03 07:15:00,294.08,73.52,Off-Peak,0.08,21.7
2026-09-03 07:30:00,290.57,72.642,Off-Peak,0.08,20.6
2026-09-03 07:45:00,299.72,74.93,Off-Peak,0.08,20.7
2026-09-03 08:00:00,533.32,133.33,Normal,0.18,19.8
2026-09-03 08:15:00,568.04,142.01,Normal,0.18,22.0
2026-09-03 08:30:00,567.61,141.903,Normal,0.18,22.1
2026-09-03 08:45:00,566.56,141.64,Normal,0.18,24.7
2026-09-03 09:00:00,547.0,136.75,Normal,0.18,24.9
2026-09-03 09:15:00,575.72,143.93,Normal,0.18,23.7
2026-09-03 09:30:00,559.49,139.873,Normal,0.18,26.2
2026-09-03 09:45:00,548.17,137.042,Normal,0.18,26.0
2026-09-03 10:00:00,546.71,136.678,Normal,0.18,24.7
2026-09-03 10:15:00,553.34,138.335,Normal,0.18,26.0
2026-09-03 10:30:00,549.75,137.438,Normal,0.18,26.3
2026-09-03 10:45:00,553.63,138.407,Normal,0.18,26.1
2026-09-03 11:00:00,582.72,145.68,Normal,0.18,28.2
2026-09-03 11:15:00,559.95,139.988,Normal,0.18,26.8
2026-09-03 11:30:00,584.51,146.127,Normal,0.18,27.1
2026-09-03 11:45:00,579.69,144.923,Normal,0.18,28.2
2026-09-03 12:00:00,579.58,144.895,Normal,0.18,29.0
2026-09-03 12:15:00,579.64,144.91,Normal,0.18,28.0
2026-09-03 12:30:00,574.22,143.555,Normal,0.18,27.1
2026-09-03 12:45:00,570.05,142.512,Normal,0.18,27.7
2026-09-03 13:00:00,581.39,145.347,Normal,0.18,27.9
2026-09-03 13:15:00,585.96,146.49,Normal,0.18,28.1
2026-09-03 13:30:00,563.25,140.812,Normal,0.18,28.0
2026-09-03 13:45:00,574.74,143.685,Normal,0.18,28.6
2026-09-03 14:00:00,588.58,147.145,Normal,0.18,28.6
2026-09-03 14:15:00,591.05,147.762,Normal,0.18,27.9
2026-09-03 14:30:00,578.64,144.66,Normal,0.18,29.0
2026-09-03 14:45:00,604.22,151.055,Normal,0.18,28.4
2026-09-03 15:00:00,592.99,148.248,Normal,0.18,29.4
2026-09-03 15:15:00,597.47,149.368,Normal,0.18,28.5
2026-09-03 15:30:00,596.01,149.002,Normal,0.18,28.1
2026-09-03 15:45:00,584.24,146.06,Normal,0.18,28.5
2026-09-03 16:00:00,578.53,144.632,Normal,0.18,29.3
2026-09-03 16:15:00,579.88,144.97,Normal,0.18,26.7
2026-09-03 16:30:00,592.16,148.04,Normal,0.18,27.5
2026-09-03 16:45:00,569.98,142.495,Normal,0.18,27.0
2026-09-03 17:00:00,618.83,154.708,Normal,0.18,26.1
2026-09-03 17:15:00,574.75,143.688,Normal,0.18,28.3
2026-09-03 17:30:00,193.5,48.375,Normal,0.18,26.3
2026-09-03 17:45:00,179.51,44.877,Normal,0.18,26.2
2026-09-03 18:00:00,239.46,59.865,Peak,0.35,25.4
2026-09-03 18:15:00,253.96,63.49,Peak,0.35,25.7
2026-09-03 18:30:00,234.32,58.58,Peak,0.35,24.6
2026-09-03 18:45:00,252.53,63.133,Peak,0.35,24.1
2026-09-03 19:00:00,216.16,54.04,Peak,0.35,24.1
2026-09-03 19:15:00,190.64,47.66,Peak,0.35,21.6
2026-09-03 19:30:00,214.77,53.693,Peak,0.35,24.6
2026-09-03 19:45:00,200.57,50.142,Peak,0.35,22.0
2026-09-03 20:00:00,200.44,50.11,Peak,0.35,22.8
2026-09-03 20:15:00,187.39,46.847,Peak,0.35,21.6
2026-09-03 20:30:00,201.54,50.385,Peak,0.35,21.7
2026-09-03 20:45:00,197.85,49.462,Peak,0.35,21.0
2026-09-03 21:00:00,199.59,49.898,Peak,0.35,18.7
2026-09-03 21:15:00,213.02,53.255,Peak,0.35,19.2
2026-09-03 21:30:00,201.38,50.345,Peak,0.35,20.5
2026-09-03 21:45:00,190.17,47.542,Peak,0.35,19.3
2026-09-03 22:00:00,118.26,29.565,Off-Peak,0.08,18.1
2026-09-03 22:15:00,120.93,30.233,Off-Peak,0.08,18.0
2026-09-03 22:30:00,127.41,31.852,Off-Peak,0.08,18.9
2026-09-03 22:45:00,131.62,32.905,Off-Peak,0.08,16.6
2026-09-03 23:00:00,123.26,30.815,Off-Peak,0.08,18.2
2026-09-03 23:15:00,135.58,33.895,Off-Peak,0.08,16.1
2026-09-03 23:30:00,128.16,32.04,Off-Peak,0.08,16.6
2026-09-03 23:45:00,126.14,31.535,Off-Peak,0.08,17.0
2026-09-04 00:00:00,125.16,31.29,Off-Peak,0.08,16.1
2026-09-04 00:15:00,130.29,32.572,Off-Peak,0.08,15.5
2026-09-04 00:30:00,125.51,31.378,Off-Peak,0.08,15.6
2026-09-04 00:45:00,132.35,33.087,Off-Peak,0.08,14.3
2026-09-04 01:00:00,115.84,28.96,Off-Peak,0.08,14.4
2026-09-04 01:15:00,123.94,30.985,Off-Peak,0.08,16.0
2026-09-04 01:30:00,132.32,33.08,Off-Peak,0.08,14.2
2026-09-04 01:45:00,119.91,29.977,Off-Peak,0.08,15.5
2026-09-04 02:00:00,130.55,32.638,Off-Peak,0.08,14.7
2026-09-04 02:15:00,122.96,30.74,Off-Peak,0.08,15.8
2026-09-04 02:30:00,121.09,30.273,Off-Peak,0.08,14.3
2026-09-04 02:45:00,128.23,32.057,Off-Peak,0.08,14.1
2026-09-04 03:00:00,133.94,33.485,Off-Peak,0.08,15.2
2026-09-04 03:15:00,123.8,30.95,Off-Peak,0.08,15.5
2026-09-04 03:30:00,131.2,32.8,Off-Peak,0.08,15.8
2026-09-04 03:45:00,121.57,30.392,Off-Peak,0.08,15.5
2026-09-04 04:00:00,132.01,33.002,Off-Peak,0.08,15.8
2026-09-04 04:15:00,132.16,33.04,Off-Peak,0.08,16.3
2026-09-04 04:30:00,130.98,32.745,Off-Peak,0.08,16.2
2026-09-04 04:45:00,125.99,31.497,Off-Peak,0.08,19.6
2026-09-04 05:00:00,125.03,31.258,Off-Peak,0.08,17.9
2026-09-04 05:15:00,119.88,29.97,Off-Peak,0.08,16.5
2026-09-04 05:30:00,127.8,31.95,Off-Peak,0.08,18.3
2026-09-04 05:45:00,135.31,33.828,Off-Peak,0.08,19.2
2026-09-04 06:00:00,215.52,53.88,Off-Peak,0.08,17.9
2026-09-04 06:15:00,222.96,55.74,Off-Peak,0.08,18.6
2026-09-04 06:30:00,262.98,65.745,Off-Peak,0.08,20.4
2026-09-04 06:45:00,268.4,67.1,Off-Peak,0.08,19.7
2026-09-04 07:00:00,299.45,74.862,Off-Peak,0.08,20.9
2026-09-04 07:15:00,284.66,71.165,Off-Peak,0.08,19.1
2026-09-04 07:30:00,288.96,72.24,Off-Peak,0.08,20.9
2026-09-04 07:45:00,302.56,75.64,Off-Peak,0.08,23.5
2026-09-04 08:00:00,554.62,138.655,Normal,0.18,21.2
2026-09-04 08:15:00,546.79,136.697,Normal,0.18,23.3
2026-09-04 08:30:00,532.8,133.2,Normal,0.18,22.5
2026-09-04 08:45:00,551.06,137.765,Normal,0.18,23.6
2026-09-04 09:00:00,563.79,140.947,Normal,0.18,24.0
2026-09-04 09:15:00,550.23,137.558,Normal,0.18,25.7
2026-09-04 09:30:00,547.81,136.952,Normal,0.18,23.9
2026-09-04 09:45:00,557.65,139.412,Normal,0.18,23.6
2026-09-04 10:00:00,543.1,135.775,Normal,0.18,25.7
2026-09-04 10:15:00,567.17,141.792,Normal,0.18,25.5
2026-09-04 10:30:00,570.46,142.615,Normal,0.18,25.3
2026-09-04 10:45:00,562.9,140.725,Normal,0.18,27.2
2026-09-04 11:00:00,538.56,134.64,Normal,0.18,26.7
2026-09-04 11:15:00,572.61,143.153,Normal,0.18,26.9
2026-09-04 11:30:00,562.77,140.692,Normal,0.18,26.2
2026-09-04 11:45:00,592.15,148.037,Normal,0.18,27.5
2026-09-04 12:00:00,565.43,141.357,Normal,0.18,29.1
2026-09-04 12:15:00,564.03,141.007,Normal,0.18,30.1
2026-09-04 12:30:00,555.31,138.827,Normal,0.18,29.0
2026-09-04 12:45:00,578.17,144.542,Normal,0.18,28.7
2026-09-04 13:00:00,595.3,148.825,Normal,0.18,28.7
2026-09-04 13:15:00,569.82,142.455,Normal,0.18,29.5
2026-09-04 13:30:00,566.08,141.52,Normal,0.18,27.0
2026-09-04 13:45:00,580.59,145.148,Normal,0.18,30.2
2026-09-04 14:00:00,615.92,153.98,Normal,0.18,29.7
2026-09-04 14:15:00,573.42,143.355,Normal,0.18,28.5
2026-09-04 14:30:00,606.45,151.613,Normal,0.18,30.2
2026-09-04 14:45:00,615.63,153.907,Normal,0.18,29.8
2026-09-04 15:00:00,589.41,147.352,Normal,0.18,28.2
2026-09-04 15:15:00,584.34,146.085,Normal,0.18,28.0
2026-09-04 15:30:00,609.9,152.475,Normal,0.18,28.2
2026-09-04 15:45:00,609.97,152.493,Normal,0.18,28.6
2026-09-04 16:00:00,586.01,146.502,Normal,0.18,28.7
2026-09-04 16:15:00,575.52,143.88,Normal,0.18,28.3
2026-09-04 16:30:00,584.91,146.227,Normal,0.18,28.4
2026-09-04 16:45:00,592.8,148.2,Normal,0.18,28.0
2026-09-04 17:00:00,608.93,152.232,Normal,0.18,27.2
2026-09-04 17:15:00,593.04,148.26,Normal,0.18,28.1
2026-09-04 17:30:00,188.32,47.08,Normal,0.18,24.8
2026-09-04 17:45:00,189.84,47.46,Normal,0.18,26.8
2026-09-04 18:00:00,247.97,61.992,Peak,0.35,25.8
2026-09-04 18:15:00,227.14,56.785,Peak,0.35,24.7
2026-09-04 18:30:00,232.4,58.1,Peak,0.35,24.1
2026-09-04 18:45:00,233.51,58.377,Peak,0.35,23.4
2026-09-04 19:00:00,214.26,53.565,Peak,0.35,24.1
2026-09-04 19:15:00,211.25,52.812,Peak,0.35,23.8
2026-09-04 19:30:00,203.01,50.752,Peak,0.35,21.8
2026-09-04 19:45:00,206.13,51.532,Peak,0.35,23.5
2026-09-04 20:00:00,205.82,51.455,Peak,0.35,21.6
2026-09-04 20:15:00,203.65,50.913,Peak,0.35,20.9
2026-09-04 20:30:00,196.84,49.21,Peak,0.35,21.6
2026-09-04 20:45:00,206.55,51.638,Peak,0.35,21.0
2026-09-04 21:00:00,194.84,48.71,Peak,0.35,20.0
2026-09-04 21:15:00,198.5,49.625,Peak,0.35,19.1
2026-09-04 21:30:00,210.51,52.627,Peak,0.35,18.6
2026-09-04 21:45:00,193.53,48.383,Peak,0.35,20.2
2026-09-04 22:00:00,124.61,31.152,Off-Peak,0.08,18.4
2026-09-04 22:15:00,123.57,30.892,Off-Peak,0.08,19.1
2026-09-04 22:30:00,126.75,31.688,Off-Peak,0.08,16.5
2026-09-04 22:45:00,134.47,33.617,Off-Peak,0.08,17.9
2026-09-04 23:00:00,120.23,30.058,Off-Peak,0.08,16.9
2026-09-04 23:15:00,128.14,32.035,Off-Peak,0.08,17.2
2026-09-04 23:30:00,124.42,31.105,Off-Peak,0.08,15.7
2026-09-04 23:45:00,118.09,29.523,Off-Peak,0.08,17.3
2026-09-05 00:00:00,130.05,32.513,Off-Peak,0.08,15.6
2026-09-05 00:15:00,134.67,33.667,Off-Peak,0.08,15.9
2026-09-05 00:30:00,128.9,32.225,Off-Peak,0.08,14.7
2026-09-05 00:45:00,124.95,31.238,Off-Peak,0.08,14.4
2026-09-05 01:00:00,123.19,30.797,Off-Peak,0.08,14.1
2026-09-05 01:15:00,124.44,31.11,Off-Peak,0.08,14.8
2026-09-05 01:30:00,123.32,30.83,Off-Peak,0.08,15.9
2026-09-05 01:45:00,125.98,31.495,Off-Peak,0.08,14.6
2026-09-05 02:00:00,126.35,31.587,Off-Peak,0.08,14.8
2026-09-05 02:15:00,128.75,32.188,Off-Peak,0.08,15.6
2026-09-05 02:30:00,137.05,34.263,Off-Peak,0.08,14.7
2026-09-05 02:45:00,130.11,32.528,Off-Peak,0.08,15.1
2026-09-05 03:00:00,117.05,29.262,Off-Peak,0.08,16.1
2026-09-05 03:15:00,121.75,30.438,Off-Peak,0.08,14.8
2026-09-05 03:30:00,121.98,30.495,Off-Peak,0.08,15.6
2026-09-05 03:45:00,127.88,31.97,Off-Peak,0.08,14.4
2026-09-05 04:00:00,118.23,29.558,Off-Peak,0.08,15.5
2026-09-05 04:15:00,125.96,31.49,Off-Peak,0.08,16.1
2026-09-05 04:30:00,123.64,30.91,Off-Peak,0.08,16.8
2026-09-05 04:45:00,121.6,30.4,Off-Peak,0.08,16.2
2026-09-05 05:00:00,130.48,32.62,Off-Peak,0.08,16.6
2026-09-05 05:15:00,127.18,31.795,Off-Peak,0.08,15.9
2026-09-05 05:30:00,133.91,33.477,Off-Peak,0.08,16.9
2026-09-05 05:45:00,116.23,29.058,Off-Peak,0.08,18.4
2026-09-05 06:00:00,130.28,32.57,Off-Peak,0.08,17.9
2026-09-05 06:15:00,120.24,30.06,Off-Peak,0.08,19.6
2026-09-05 06:30:00,127.57,31.892,Off-Peak,0.08,19.0
2026-09-05 06:45:00,131.05,32.763,Off-Peak,0.08,19.4
2026-09-05 07:00:00,138.6,34.65,Off-Peak,0.08,18.8
2026-09-05 07:15:00,123.09,30.773,Off-Peak,0.08,21.1
2026-09-05 07:30:00,125.59,31.398,Off-Peak,0.08,20.0
2026-09-05 07:45:00,126.43,31.608,Off-Peak,0.08,20.9
2026-09-05 08:00:00,128.44,32.11,Off-Peak,0.08,21.0
2026-09-05 08:15:00,125.57,31.392,Off-Peak,0.08,21.3
2026-09-05 08:30:00,122.84,30.71,Off-Peak,0.08,24.2
2026-09-05 08:45:00,116.66,29.165,Off-Peak,0.08,22.6
2026-09-05 09:00:00,128.02,32.005,Off-Peak,0.08,24.1
2026-09-05 09:15:00,123.58,30.895,Off-Peak,0.08,23.4
2026-09-05 09:30:00,119.14,29.785,Off-Peak,0.08,24.8
2026-09-05 09:45:00,120.51,30.128,Off-Peak,0.08,23.7
2026-09-05 10:00:00,124.39,31.098,Off-Peak,0.08,24.9
2026-09-05 10:15:00,128.14,32.035,Off-Peak,0.08,25.5
2026-09-05 10:30:00,123.58,30.895,Off-Peak,0.08,27.5
2026-09-05 10:45:00,120.44,30.11,Off-Peak,0.08,27.0
2026-09-05 11:00:00,136.31,34.078,Off-Peak,0.08,27.3
2026-09-05 11:15:00,123.14,30.785,Off-Peak,0.08,28.7
2026-09-05 11:30:00,121.43,30.358,Off-Peak,0.08,28.4
2026-09-05 11:45:00,129.54,32.385,Off-Peak,0.08,27.7
2026-09-05 12:00:00,124.35,31.087,Off-Peak,0.08,28.9
2026-09-05 12:15:00,126.7,31.675,Off-Peak,0.08,27.7
2026-09-05 12:30:00,133.88,33.47,Off-Peak,0.08,28.4
2026-09-05 12:45:00,123.55,30.887,Off-Peak,0.08,28.0
2026-09-05 13:00:00,123.1,30.775,Off-Peak,0.08,30.4
2026-09-05 13:15:00,125.84,31.46,Off-Peak,0.08,26.9
2026-09-05 13:30:00,123.01,30.753,Off-Peak,0.08,28.9
2026-09-05 13:45:00,122.11,30.527,Off-Peak,0.08,28.2
2026-09-05 14:00:00,127.76,31.94,Off-Peak,0.08,28.4
2026-09-05 14:15:00,121.95,30.488,Off-Peak,0.08,26.1
2026-09-05 14:30:00,134.63,33.657,Off-Peak,0.08,29.1
2026-09-05 14:45:00,136.14,34.035,Off-Peak,0.08,28.6
2026-09-05 15:00:00,124.15,31.038,Off-Peak,0.08,28.4
2026-09-05 15:15:00,125.63,31.407,Off-Peak,0.08,28.4
2026-09-05 15:30:00,125.02,31.255,Off-Peak,0.08,28.2
2026-09-05 15:45:00,140.51,35.127,Off-Peak,0.08,27.0
2026-09-05 16:00:00,130.83,32.708,Off-Peak,0.08,27.0
2026-09-05 16:15:00,126.83,31.707,Off-Peak,0.08,26.8
2026-09-05 16:30:00,122.12,30.53,Off-Peak,0.08,26.8
2026-09-05 16:45:00,130.16,32.54,Off-Peak,0.08,26.9
2026-09-05 17:00:00,126.62,31.655,Off-Peak,0.08,26.9
2026-09-05 17:15:00,135.84,33.96,Off-Peak,0.08,25.2
2026-09-05 17:30:00,130.8,32.7,Off-Peak,0.08,26.1
2026-09-05 17:45:00,133.18,33.295,Off-Peak,0.08,26.0
2026-09-05 18:00:00,136.15,34.038,Off-Peak,0.08,25.2
2026-09-05 18:15:00,142.42,35.605,Off-Peak,0.08,25.0
2026-09-05 18:30:00,125.63,31.407,Off-Peak,0.08,25.2
2026-09-05 18:45:00,123.83,30.957,Off-Peak,0.08,22.7
2026-09-05 19:00:00,127.87,31.968,Off-Peak,0.08,23.2
2026-09-05 19:15:00,126.74,31.685,Off-Peak,0.08,21.5
2026-09-05 19:30:00,120.67,30.168,Off-Peak,0.08,24.1
2026-09-05 19:45:00,121.69,30.422,Off-Peak,0.08,22.2
2026-09-05 20:00:00,132.86,33.215,Off-Peak,0.08,22.3
2026-09-05 20:15:00,123.57,30.892,Off-Peak,0.08,20.9
2026-09-05 20:30:00,115.32,28.83,Off-Peak,0.08,21.8
2026-09-05 20:45:00,120.21,30.052,Off-Peak,0.08,21.6
2026-09-05 21:00:00,115.39,28.848,Off-Peak,0.08,21.0
2026-09-05 21:15:00,130.57,32.642,Off-Peak,0.08,20.4
2026-09-05 21:30:00,114.33,28.582,Off-Peak,0.08,19.8
2026-09-05 21:45:00,124.9,31.225,Off-Peak,0.08,18.4
2026-09-05 22:00:00,124.57,31.142,Off-Peak,0.08,17.8
2026-09-05 22:15:00,127.84,31.96,Off-Peak,0.08,18.7
2026-09-05 22:30:00,133.58,33.395,Off-Peak,0.08,18.2
2026-09-05 22:45:00,127.55,31.887,Off-Peak,0.08,18.2
2026-09-05 23:00:00,125.24,31.31,Off-Peak,0.08,18.1
2026-09-05 23:15:00,133.91,33.477,Off-Peak,0.08,15.2
2026-09-05 23:30:00,129.83,32.458,Off-Peak,0.08,17.2
2026-09-05 23:45:00,118.5,29.625,Off-Peak,0.08,16.9
2026-09-06 00:00:00,126.15,31.538,Off-Peak,0.08,16.3
2026-09-06 00:15:00,127.11,31.777,Off-Peak,0.08,15.6
2026-09-06 00:30:00,125.91,31.477,Off-Peak,0.08,15.2
2026-09-06 00:45:00,131.83,32.958,Off-Peak,0.08,16.1
2026-09-06 01:00:00,124.34,31.085,Off-Peak,0.08,15.1
2026-09-06 01:15:00,130.13,32.532,Off-Peak,0.08,14.3
2026-09-06 01:30:00,120.75,30.188,Off-Peak,0.08,13.7
2026-09-06 01:45:00,130.71,32.678,Off-Peak,0.08,16.2
2026-09-06 02:00:00,136.73,34.182,Off-Peak,0.08,14.2
2026-09-06 02:15:00,128.28,32.07,Off-Peak,0.08,15.9
2026-09-06 02:30:00,132.99,33.248,Off-Peak,0.08,14.9
2026-09-06 02:45:00,121.13,30.282,Off-Peak,0.08,15.6
2026-09-06 03:00:00,123.43,30.858,Off-Peak,0.08,15.2
2026-09-06 03:15:00,125.63,31.407,Off-Peak,0.08,15.2
2026-09-06 03:30:00,119.67,29.918,Off-Peak,0.08,14.9
2026-09-06 03:45:00,133.73,33.432,Off-Peak,0.08,17.4
2026-09-06 04:00:00,127.55,31.887,Off-Peak,0.08,14.2
2026-09-06 04:15:00,122.65,30.663,Off-Peak,0.08,14.0
2026-09-06 04:30:00,129.22,32.305,Off-Peak,0.08,17.0
2026-09-06 04:45:00,129.05,32.263,Off-Peak,0.08,18.0
2026-09-06 05:00:00,134.38,33.595,Off-Peak,0.08,16.8
2026-09-06 05:15:00,127.58,31.895,Off-Peak,0.08,18.0
2026-09-06 05:30:00,129.21,32.303,Off-Peak,0.08,18.1
2026-09-06 05:45:00,127.55,31.887,Off-Peak,0.08,18.8
2026-09-06 06:00:00,132.98,33.245,Off-Peak,0.08,18.9
2026-09-06 06:15:00,133.8,33.45,Off-Peak,0.08,18.1
2026-09-06 06:30:00,124.08,31.02,Off-Peak,0.08,19.1
2026-09-06 06:45:00,127.33,31.832,Off-Peak,0.08,20.6
2026-09-06 07:00:00,131.66,32.915,Off-Peak,0.08,20.8
2026-09-06 07:15:00,128.82,32.205,Off-Peak,0.08,19.9
2026-09-06 07:30:00,118.66,29.665,Off-Peak,0.08,22.9
2026-09-06 07:45:00,126.68,31.67,Off-Peak,0.08,22.1
2026-09-06 08:00:00,123.46,30.865,Off-Peak,0.08,21.1
2026-09-06 08:15:00,127.68,31.92,Off-Peak,0.08,23.1
2026-09-06 08:30:00,121.88,30.47,Off-Peak,0.08,23.7
2026-09-06 08:45:00,129.16,32.29,Off-Peak,0.08,23.1
2026-09-06 09:00:00,128.88,32.22,Off-Peak,0.08,24.4
2026-09-06 09:15:00,122.06,30.515,Off-Peak,0.08,24.1
2026-09-06 09:30:00,118.47,29.617,Off-Peak,0.08,24.3
2026-09-06 09:45:00,125.5,31.375,Off-Peak,0.08,24.9
2026-09-06 10:00:00,135.08,33.77,Off-Peak,0.08,26.0
2026-09-06 10:15:00,121.73,30.433,Off-Peak,0.08,27.0
2026-09-06 10:30:00,127.0,31.75,Off-Peak,0.08,25.9
2026-09-06 10:45:00,125.62,31.405,Off-Peak,0.08,27.1
2026-09-06 11:00:00,127.98,31.995,Off-Peak,0.08,26.6
2026-09-06 11:15:00,135.47,33.867,Off-Peak,0.08,27.2
2026-09-06 11:30:00,125.23,31.308,Off-Peak,0.08,28.2
2026-09-06 11:45:00,130.05,32.513,Off-Peak,0.08,27.8
2026-09-06 12:00:00,117.44,29.36,Off-Peak,0.08,28.1
2026-09-06 12:15:00,120.8,30.2,Off-Peak,0.08,29.4
2026-09-06 12:30:00,129.88,32.47,Off-Peak,0.08,27.6
2026-09-06 12:45:00,126.98,31.745,Off-Peak,0.08,27.6
2026-09-06 13:00:00,127.8,31.95,Off-Peak,0.08,28.5
2026-09-06 13:15:00,120.65,30.163,Off-Peak,0.08,28.5
2026-09-06 13:30:00,122.97,30.742,Off-Peak,0.08,29.4
2026-09-06 13:45:00,119.25,29.812,Off-Peak,0.08,28.7
2026-09-06 14:00:00,124.95,31.238,Off-Peak,0.08,30.3
2026-09-06 14:15:00,124.46,31.115,Off-Peak,0.08,29.4
2026-09-06 14:30:00,129.71,32.428,Off-Peak,0.08,27.8
2026-09-06 14:45:00,125.51,31.378,Off-Peak,0.08,27.6
2026-09-06 15:00:00,130.89,32.722,Off-Peak,0.08,29.3
2026-09-06 15:15:00,125.04,31.26,Off-Peak,0.08,26.4
2026-09-06 15:30:00,132.02,33.005,Off-Peak,0.08,29.1
2026-09-06 15:45:00,137.1,34.275,Off-Peak,0.08,28.6
2026-09-06 16:00:00,126.29,31.573,Off-Peak,0.08,28.2
2026-09-06 16:15:00,114.42,28.605,Off-Peak,0.08,27.1
2026-09-06 16:30:00,124.32,31.08,Off-Peak,0.08,28.2
2026-09-06 16:45:00,126.83,31.707,Off-Peak,0.08,29.0
2026-09-06 17:00:00,128.78,32.195,Off-Peak,0.08,27.4
2026-09-06 17:15:00,124.87,31.218,Off-Peak,0.08,25.3
2026-09-06 17:30:00,124.0,31.0,Off-Peak,0.08,25.3
2026-09-06 17:45:00,130.39,32.597,Off-Peak,0.08,25.5
2026-09-06 18:00:00,138.39,34.597,Off-Peak,0.08,25.7
2026-09-06 18:15:00,132.41,33.102,Off-Peak,0.08,25.5
2026-09-06 18:30:00,123.6,30.9,Off-Peak,0.08,25.1
2026-09-06 18:45:00,122.61,30.652,Off-Peak,0.08,24.0
2026-09-06 19:00:00,142.12,35.53,Off-Peak,0.08,24.3
2026-09-06 19:15:00,124.77,31.192,Off-Peak,0.08,24.4
2026-09-06 19:30:00,121.98,30.495,Off-Peak,0.08,23.7
2026-09-06 19:45:00,134.28,33.57,Off-Peak,0.08,22.8
2026-09-06 20:00:00,133.38,33.345,Off-Peak,0.08,21.7
2026-09-06 20:15:00,124.98,31.245,Off-Peak,0.08,22.2
2026-09-06 20:30:00,124.56,31.14,Off-Peak,0.08,21.9
2026-09-06 20:45:00,115.9,28.975,Off-Peak,0.08,19.2
2026-09-06 21:00:00,120.97,30.242,Off-Peak,0.08,19.6
2026-09-06 21:15:00,130.8,32.7,Off-Peak,0.08,20.5
2026-09-06 21:30:00,122.88,30.72,Off-Peak,0.08,18.3
2026-09-06 21:45:00,132.37,33.093,Off-Peak,0.08,18.2
2026-09-06 22:00:00,126.14,31.535,Off-Peak,0.08,19.2
2026-09-06 22:15:00,134.76,33.69,Off-Peak,0.08,18.5
2026-09-06 22:30:00,116.25,29.062,Off-Peak,0.08,16.3
2026-09-06 22:45:00,128.85,32.212,Off-Peak,0.08,16.4
2026-09-06 23:00:00,131.93,32.983,Off-Peak,0.08,15.3
2026-09-06 23:15:00,136.46,34.115,Off-Peak,0.08,15.3
2026-09-06 23:30:00,121.95,30.488,Off-Peak,0.08,16.8
2026-09-06 23:45:00,123.96,30.99,Off-Peak,0.08,15.2
